household_id,cluster_id,stratum_code,interviewer_id,interview_date,interview_duration_min,result_of_visit,eligible_children_9_59_months,wealth_quintile,settlement_type,stage2_households_listed,stage2_households_selected
H00485,C025,ST01,I07,2026-05-15,5,Completed,2.0,1.0,Rural,95,20
H00122,C007,ST01,I07,2026-05-12,5,Completed,2.0,2.0,Rural,152,20
H01312,C066,ST03,I12,2026-05-21,12,Completed,1.0,2.0,Urban,211,20
H01778,C089,ST03,I17,2026-05-25,18,Completed,1.0,1.0,Urban,146,20
H00901,C046,ST02,I10,2026-05-18,5,Completed,1.0,1.0,Rural,129,20
H00687,C035,ST02,I17,2026-05-16,29,No eligible respondent after 3 visits,,,Urban,80,20
H00763,C039,ST02,I03,2026-05-17,24,Completed,0.0,5.0,Rural,142,20
H00883,C045,ST02,I09,2026-05-18,26,Completed,0.0,5.0,Rural,336,20
H01223,C062,ST03,I08,2026-05-21,23,Vacant dwelling,,,Urban,96,20
H00764,C039,ST02,I03,2026-05-17,12,Completed,2.0,4.0,Rural,142,20
H00095,C005,ST01,I05,2026-05-11,18,Completed,1.0,1.0,Rural,178,20
H00416,C021,ST01,I07,2026-05-14,2,Completed,2.0,3.0,Rural,58,20
H01344,C068,ST03,I14,2026-05-22,26,Completed,3.0,4.0,Urban,1038,20
H01051,C053,ST02,I17,2026-05-19,18,Completed,0.0,4.0,Rural,64,20
H00125,C007,ST01,I07,2026-05-12,3,Completed,0.0,1.0,Rural,152,20
H01028,C052,ST02,I16,2026-05-19,13,Completed,2.0,1.0,Urban,623,20
H00403,C021,ST01,I07,2026-05-14,4,Completed,2.0,4.0,Rural,58,20
H01776,C089,ST03,I17,2026-05-25,21,Completed,0.0,4.0,Urban,146,20
H01203,C061,ST03,I07,2026-05-21,4,Completed,1.0,1.0,Urban,432,20
H01371,C069,ST03,I15,2026-05-22,15,Refused,,,Rural,386,20
H00833,C042,ST02,I06,2026-05-17,20,Refused,,,Rural,123,20
H00271,C014,ST01,I07,2026-05-13,4,Completed,1.0,1.0,Urban,119,20
H01795,C090,ST03,I07,2026-05-25,2,Completed,2.0,3.0,Urban,220,20
H00520,C026,ST01,I08,2026-05-15,15,Completed,1.0,3.0,Rural,147,20
H01090,C055,ST02,I01,2026-05-20,19,Completed,2.0,3.0,Rural,262,20
H00588,C030,ST01,I12,2026-05-15,20,Completed,2.0,1.0,Rural,133,20
H01426,C072,ST03,I18,2026-05-22,30,Completed,0.0,5.0,Rural,98,20
H01734,C087,ST03,I15,2026-05-25,36,Completed,1.0,2.0,Urban,229,20
H01188,C060,ST02,I06,2026-05-20,16,Completed,2.0,4.0,Urban,183,20
H00717,C036,ST02,I18,2026-05-16,22,Completed,2.0,4.0,Urban,262,20
H01660,C083,ST03,I11,2026-05-24,15,Completed,1.0,1.0,Urban,138,20
H00526,C027,ST01,I09,2026-05-15,19,Vacant dwelling,,,Urban,262,20
H00495,C025,ST01,I07,2026-05-15,4,Completed,1.0,5.0,Rural,95,20
H00530,C027,ST01,I09,2026-05-15,21,Completed,1.0,2.0,Urban,262,20
H00917,C046,ST02,I10,2026-05-18,24,Completed,1.0,2.0,Rural,129,20
H01008,C051,ST02,I15,2026-05-19,16,Completed,3.0,5.0,Rural,272,20
H01020,C051,ST02,I15,2026-05-19,19,Completed,2.0,2.0,Rural,272,20
H01366,C069,ST03,I15,2026-05-22,24,Completed,2.0,1.0,Rural,386,20
H01229,C062,ST03,I08,2026-05-21,24,Completed,3.0,4.0,Urban,96,20
H01750,C088,ST03,I16,2026-05-25,17,Completed,2.0,3.0,Rural,55,20
H00456,C023,ST01,I05,2026-05-14,21,Refused,,,Rural,151,20
H01346,C068,ST03,I14,2026-05-22,27,Refused,,,Urban,1038,20
H00784,C040,ST02,I04,2026-05-17,26,Refused,,,Urban,181,20
H01138,C057,ST02,I03,2026-05-20,23,Completed,3.0,5.0,Rural,96,20
H01531,C077,ST03,I05,2026-05-23,34,No eligible respondent after 3 visits,,,Urban,334,20
H00610,C031,ST02,I13,2026-05-16,14,Completed,2.0,3.0,Rural,160,20
H01470,C074,ST03,I02,2026-05-23,23,Completed,0.0,4.0,Rural,86,20
H00354,C018,ST01,I18,2026-05-13,25,Completed,2.0,4.0,Rural,159,20
H00751,C038,ST02,I02,2026-05-17,21,Completed,1.0,3.0,Rural,207,20
H01087,C055,ST02,I01,2026-05-20,12,Refused,,,Rural,262,20
H01736,C087,ST03,I15,2026-05-25,25,Completed,1.0,4.0,Urban,229,20
H01785,C090,ST03,I07,2026-05-25,3,Completed,2.0,5.0,Urban,220,20
H00999,C050,ST02,I14,2026-05-19,29,Completed,1.0,2.0,Rural,135,20
H00030,C002,ST01,I02,2026-05-11,17,Completed,3.0,3.0,Rural,287,20
H01069,C054,ST02,I18,2026-05-19,28,Completed,2.0,5.0,Rural,88,20
H00124,C007,ST01,I07,2026-05-12,6,Refused,,,Rural,152,20
H00379,C019,ST01,I07,2026-05-14,2,Completed,3.0,3.0,Rural,78,20
H01592,C080,ST03,I08,2026-05-24,12,Completed,0.0,5.0,Rural,139,20
H00496,C025,ST01,I07,2026-05-15,5,Completed,2.0,1.0,Rural,95,20
H01616,C081,ST03,I09,2026-05-24,26,Completed,1.0,4.0,Urban,260,20
H00361,C019,ST01,I07,2026-05-14,4,Completed,1.0,3.0,Rural,78,20
H01496,C075,ST03,I03,2026-05-23,21,Completed,3.0,1.0,Rural,153,20
H00911,C046,ST02,I10,2026-05-18,17,Completed,0.0,2.0,Rural,129,20
H01769,C089,ST03,I17,2026-05-25,25,Completed,3.0,2.0,Urban,146,20
H00205,C011,ST01,I11,2026-05-12,16,Completed,3.0,1.0,Urban,127,20
H00493,C025,ST01,I07,2026-05-15,4,Completed,4.0,4.0,Rural,95,20
H01779,C089,ST03,I17,2026-05-25,23,Completed,3.0,4.0,Urban,146,20
H00872,C044,ST02,I08,2026-05-18,25,Completed,2.0,1.0,Urban,131,20
H00107,C006,ST01,I06,2026-05-11,20,Completed,0.0,3.0,Rural,177,20
H00418,C021,ST01,I07,2026-05-14,3,Completed,1.0,2.0,Rural,58,20
H00857,C043,ST02,I07,2026-05-18,4,Completed,1.0,4.0,Rural,128,20
H00516,C026,ST01,I08,2026-05-15,19,Refused,,,Rural,147,20
H01601,C081,ST03,I09,2026-05-24,31,Completed,1.0,1.0,Urban,260,20
H01534,C077,ST03,I05,2026-05-23,24,Completed,1.0,5.0,Urban,334,20
H01488,C075,ST03,I03,2026-05-23,16,Completed,2.0,5.0,Rural,153,20
H01121,C057,ST02,I03,2026-05-20,19,Completed,4.0,5.0,Rural,96,20
H00518,C026,ST01,I08,2026-05-15,22,Completed,0.0,5.0,Rural,147,20
H00172,C009,ST01,I09,2026-05-12,18,Completed,2.0,5.0,Rural,126,20
H01301,C066,ST03,I12,2026-05-21,27,Completed,1.0,5.0,Urban,211,20
H00823,C042,ST02,I06,2026-05-17,26,Completed,2.0,5.0,Rural,123,20
H00768,C039,ST02,I03,2026-05-17,25,Completed,3.0,4.0,Rural,142,20
H00974,C049,ST02,I13,2026-05-19,23,Completed,3.0,1.0,Urban,615,20
H00498,C025,ST01,I07,2026-05-15,4,Completed,2.0,1.0,Rural,95,20
H01326,C067,ST03,I13,2026-05-22,26,Completed,2.0,2.0,Rural,136,20
H01339,C067,ST03,I13,2026-05-22,25,No eligible respondent after 3 visits,,,Rural,136,20
H00771,C039,ST02,I03,2026-05-17,32,Completed,2.0,1.0,Rural,142,20
H01706,C086,ST03,I14,2026-05-25,22,Refused,,,Rural,83,20
H00986,C050,ST02,I14,2026-05-19,27,Completed,1.0,2.0,Rural,135,20
H00212,C011,ST01,I11,2026-05-12,17,Completed,2.0,5.0,Urban,127,20
H01526,C077,ST03,I05,2026-05-23,18,Completed,1.0,2.0,Urban,334,20
H00762,C039,ST02,I03,2026-05-17,14,Completed,1.0,5.0,Rural,142,20
H00303,C016,ST01,I16,2026-05-13,23,Completed,1.0,3.0,Rural,193,20
H00173,C009,ST01,I09,2026-05-12,30,No eligible respondent after 3 visits,,,Rural,126,20
H00926,C047,ST02,I11,2026-05-18,25,Completed,4.0,5.0,Urban,230,20
H01626,C082,ST03,I10,2026-05-24,28,Refused,,,Urban,111,20
H00776,C039,ST02,I03,2026-05-17,21,Completed,0.0,3.0,Rural,142,20
H01199,C060,ST02,I06,2026-05-20,16,Completed,1.0,2.0,Urban,183,20
H00852,C043,ST02,I07,2026-05-18,5,Completed,0.0,5.0,Rural,128,20
H00215,C011,ST01,I11,2026-05-12,15,Completed,1.0,2.0,Urban,127,20
H00466,C024,ST01,I06,2026-05-14,21,Completed,1.0,5.0,Urban,189,20
H01639,C082,ST03,I10,2026-05-24,31,Completed,1.0,4.0,Urban,111,20
H00554,C028,ST01,I10,2026-05-15,15,Completed,3.0,1.0,Rural,119,20
H01376,C069,ST03,I15,2026-05-22,23,Completed,0.0,4.0,Rural,386,20
H01732,C087,ST03,I15,2026-05-25,22,Refused,,,Urban,229,20
H00513,C026,ST01,I08,2026-05-15,20,Completed,0.0,2.0,Rural,147,20
H00209,C011,ST01,I11,2026-05-12,23,Completed,2.0,1.0,Urban,127,20
H01523,C077,ST03,I05,2026-05-23,14,Completed,0.0,2.0,Urban,334,20
H01766,C089,ST03,I17,2026-05-25,25,Completed,3.0,5.0,Urban,146,20
H00710,C036,ST02,I18,2026-05-16,23,No eligible respondent after 3 visits,,,Urban,262,20
H01177,C059,ST02,I05,2026-05-20,23,Completed,0.0,4.0,Rural,275,20
H00360,C018,ST01,I18,2026-05-13,19,Completed,0.0,2.0,Rural,159,20
H00661,C034,ST02,I16,2026-05-16,16,Completed,1.0,3.0,Rural,79,20
H00322,C017,ST01,I17,2026-05-13,15,Refused,,,Rural,90,20
H00880,C044,ST02,I08,2026-05-18,25,Completed,1.0,2.0,Urban,131,20
H01108,C056,ST02,I02,2026-05-20,16,Completed,1.0,2.0,Urban,46,20
H01389,C070,ST03,I16,2026-05-22,21,Completed,1.0,1.0,Urban,133,20
H00421,C022,ST01,I04,2026-05-14,22,Completed,2.0,4.0,Urban,197,20
H01060,C053,ST02,I17,2026-05-19,18,Completed,0.0,4.0,Rural,64,20
H01043,C053,ST02,I17,2026-05-19,23,Completed,3.0,1.0,Rural,64,20
H00483,C025,ST01,I07,2026-05-15,2,Completed,1.0,1.0,Rural,95,20
H00718,C036,ST02,I18,2026-05-16,22,Completed,1.0,3.0,Urban,262,20
H00829,C042,ST02,I06,2026-05-17,24,Completed,1.0,2.0,Rural,123,20
H00482,C025,ST01,I07,2026-05-15,4,Completed,4.0,2.0,Rural,95,20
H00954,C048,ST02,I12,2026-05-18,20,Completed,3.0,3.0,Rural,229,20
H00349,C018,ST01,I18,2026-05-13,23,No eligible respondent after 3 visits,,,Rural,159,20
H00967,C049,ST02,I13,2026-05-19,24,Completed,2.0,5.0,Urban,615,20
H01022,C052,ST02,I16,2026-05-19,25,Completed,1.0,5.0,Urban,623,20
H00100,C005,ST01,I05,2026-05-11,18,Completed,0.0,3.0,Rural,178,20
H00650,C033,ST02,I15,2026-05-16,17,Completed,1.0,5.0,Rural,81,20
H01157,C058,ST02,I04,2026-05-20,28,Completed,0.0,1.0,Rural,380,20
H01533,C077,ST03,I05,2026-05-23,34,Completed,2.0,3.0,Urban,334,20
H00643,C033,ST02,I15,2026-05-16,25,Completed,1.0,1.0,Rural,81,20
H01498,C075,ST03,I03,2026-05-23,21,Completed,1.0,1.0,Rural,153,20
H01782,C090,ST03,I07,2026-05-25,3,Completed,0.0,4.0,Urban,220,20
H01560,C078,ST03,I06,2026-05-23,23,No eligible respondent after 3 visits,,,Urban,151,20
H01064,C054,ST02,I18,2026-05-19,31,No eligible respondent after 3 visits,,,Rural,88,20
H00207,C011,ST01,I11,2026-05-12,24,Completed,3.0,1.0,Urban,127,20
H00055,C003,ST01,I03,2026-05-11,8,Completed,1.0,2.0,Urban,226,20
H01719,C086,ST03,I14,2026-05-25,31,Completed,1.0,1.0,Rural,83,20
H00875,C044,ST02,I08,2026-05-18,22,No eligible respondent after 3 visits,,,Urban,131,20
H00868,C044,ST02,I08,2026-05-18,13,Completed,3.0,5.0,Urban,131,20
H00161,C009,ST01,I09,2026-05-12,21,Completed,1.0,4.0,Rural,126,20
H00538,C027,ST01,I09,2026-05-15,25,Completed,1.0,4.0,Urban,262,20
H00185,C010,ST01,I10,2026-05-12,25,Refused,,,Rural,441,20
H01369,C069,ST03,I15,2026-05-22,30,Completed,3.0,4.0,Rural,386,20
H00390,C020,ST01,I02,2026-05-14,20,Completed,0.0,3.0,Urban,138,20
H01227,C062,ST03,I08,2026-05-21,17,Completed,2.0,1.0,Urban,96,20
H01705,C086,ST03,I14,2026-05-25,12,Completed,1.0,4.0,Rural,83,20
H00760,C038,ST02,I02,2026-05-17,18,Completed,3.0,4.0,Rural,207,20
H00796,C040,ST02,I04,2026-05-17,3,Vacant dwelling,,,Urban,181,20
H01657,C083,ST03,I11,2026-05-24,25,Completed,3.0,2.0,Urban,138,20
H00121,C007,ST01,I07,2026-05-12,5,Completed,2.0,3.0,Rural,152,20
H00575,C029,ST01,I11,2026-05-15,12,Completed,4.0,5.0,Rural,130,20
H01222,C062,ST03,I08,2026-05-21,29,Vacant dwelling,,,Urban,96,20
H00546,C028,ST01,I10,2026-05-15,29,Completed,0.0,5.0,Rural,119,20
H00797,C040,ST02,I04,2026-05-17,20,Completed,1.0,2.0,Urban,181,20
H01029,C052,ST02,I16,2026-05-19,27,Completed,1.0,4.0,Urban,623,20
H00399,C020,ST01,I02,2026-05-14,20,Completed,2.0,5.0,Urban,138,20
H00327,C017,ST01,I17,2026-05-13,15,Completed,1.0,4.0,Rural,90,20
H00525,C027,ST01,I09,2026-05-15,31,Completed,2.0,4.0,Urban,262,20
H01125,C057,ST02,I03,2026-05-20,23,Completed,2.0,2.0,Rural,96,20
H00099,C005,ST01,I05,2026-05-11,24,Completed,0.0,4.0,Rural,178,20
H00651,C033,ST02,I15,2026-05-16,25,Completed,1.0,1.0,Rural,81,20
H01701,C086,ST03,I14,2026-05-25,24,Completed,1.0,2.0,Rural,83,20
H00988,C050,ST02,I14,2026-05-19,20,Completed,2.0,1.0,Rural,135,20
H00203,C011,ST01,I11,2026-05-12,23,Vacant dwelling,,,Urban,127,20
H00038,C002,ST01,I02,2026-05-11,33,Completed,1.0,1.0,Rural,287,20
H01763,C089,ST03,I17,2026-05-25,14,Refused,,,Urban,146,20
H00609,C031,ST02,I13,2026-05-16,20,Completed,2.0,5.0,Rural,160,20
H01092,C055,ST02,I01,2026-05-20,17,Completed,2.0,5.0,Rural,262,20
H00830,C042,ST02,I06,2026-05-17,18,Completed,1.0,1.0,Rural,123,20
H01659,C083,ST03,I11,2026-05-24,23,Completed,0.0,3.0,Urban,138,20
H01401,C071,ST03,I17,2026-05-22,20,Completed,2.0,1.0,Rural,239,20
H00920,C046,ST02,I10,2026-05-18,21,Completed,1.0,1.0,Rural,129,20
H01673,C084,ST03,I12,2026-05-24,22,Completed,2.0,4.0,Rural,678,20
H00470,C024,ST01,I06,2026-05-14,22,Completed,2.0,1.0,Urban,189,20
H00012,C001,ST01,I01,2026-05-11,28,Completed,1.0,2.0,Urban,318,20
H00487,C025,ST01,I07,2026-05-15,3,Completed,2.0,5.0,Rural,95,20
H01415,C071,ST03,I17,2026-05-22,30,Completed,1.0,4.0,Rural,239,20
H01216,C061,ST03,I07,2026-05-21,4,Completed,2.0,3.0,Urban,432,20
H00747,C038,ST02,I02,2026-05-17,17,Completed,1.0,5.0,Rural,207,20
H00097,C005,ST01,I05,2026-05-11,24,Completed,0.0,4.0,Rural,178,20
H00722,C037,ST02,I01,2026-05-17,23,Completed,0.0,2.0,Urban,222,20
H01280,C064,ST03,I10,2026-05-21,25,Completed,2.0,1.0,Rural,260,20
H00490,C025,ST01,I07,2026-05-15,3,Completed,0.0,5.0,Rural,95,20
H00402,C021,ST01,I07,2026-05-14,4,Completed,1.0,5.0,Rural,58,20
H00431,C022,ST01,I04,2026-05-14,13,Completed,2.0,5.0,Urban,197,20
H01481,C075,ST03,I03,2026-05-23,22,Completed,1.0,3.0,Rural,153,20
H01749,C088,ST03,I16,2026-05-25,20,Completed,0.0,2.0,Rural,55,20
H01198,C060,ST02,I06,2026-05-20,27,Completed,2.0,4.0,Urban,183,20
H00423,C022,ST01,I04,2026-05-14,19,Completed,3.0,1.0,Urban,197,20
H00951,C048,ST02,I12,2026-05-18,25,Vacant dwelling,,,Rural,229,20
H00714,C036,ST02,I18,2026-05-16,27,Completed,4.0,4.0,Urban,262,20
H01392,C070,ST03,I16,2026-05-22,17,No eligible respondent after 3 visits,,,Urban,133,20
H00294,C015,ST01,I15,2026-05-13,35,Completed,1.0,3.0,Rural,168,20
H01305,C066,ST03,I12,2026-05-21,9,No eligible respondent after 3 visits,,,Urban,211,20
H00980,C049,ST02,I13,2026-05-19,17,Completed,1.0,3.0,Urban,615,20
H01640,C082,ST03,I10,2026-05-24,20,No eligible respondent after 3 visits,,,Urban,111,20
H01497,C075,ST03,I03,2026-05-23,9,Completed,2.0,3.0,Rural,153,20
H01507,C076,ST03,I04,2026-05-23,27,No eligible respondent after 3 visits,,,Urban,168,20
H01160,C058,ST02,I04,2026-05-20,11,Completed,3.0,5.0,Rural,380,20
H01656,C083,ST03,I11,2026-05-24,24,Completed,1.0,2.0,Urban,138,20
H00053,C003,ST01,I03,2026-05-11,11,Completed,3.0,1.0,Urban,226,20
H00250,C013,ST01,I13,2026-05-13,19,Completed,2.0,2.0,Urban,196,20
H01553,C078,ST03,I06,2026-05-23,9,Completed,1.0,1.0,Urban,151,20
H00646,C033,ST02,I15,2026-05-16,16,Completed,1.0,1.0,Rural,81,20
H01780,C089,ST03,I17,2026-05-25,34,No eligible respondent after 3 visits,,,Urban,146,20
H00944,C048,ST02,I12,2026-05-18,25,Completed,2.0,5.0,Rural,229,20
H01573,C079,ST03,I07,2026-05-24,5,Completed,0.0,2.0,Rural,161,20
H01590,C080,ST03,I08,2026-05-24,20,Completed,4.0,3.0,Rural,139,20
H00991,C050,ST02,I14,2026-05-19,27,Refused,,,Rural,135,20
H01037,C052,ST02,I16,2026-05-19,11,Completed,4.0,2.0,Urban,623,20
H01537,C077,ST03,I05,2026-05-23,25,No eligible respondent after 3 visits,,,Urban,334,20
H00230,C012,ST01,I12,2026-04-29,23,Completed,2.0,3.0,Urban,273,20
H01402,C071,ST03,I17,2026-05-22,31,Vacant dwelling,,,Rural,239,20
H01708,C086,ST03,I14,2026-05-25,19,Completed,1.0,1.0,Rural,83,20
H00090,C005,ST01,I05,2026-05-11,25,Completed,2.0,5.0,Rural,178,20
H01711,C086,ST03,I14,2026-05-25,21,Completed,2.0,1.0,Rural,83,20
H00181,C010,ST01,I10,2026-05-12,15,Completed,3.0,4.0,Rural,441,20
H01450,C073,ST03,I01,2026-05-23,27,Completed,1.0,2.0,Rural,14,20
H01760,C088,ST03,I16,2026-05-25,26,Completed,3.0,5.0,Rural,55,20
H00261,C014,ST01,I07,2026-05-13,4,Completed,0.0,5.0,Urban,119,20
H00766,C039,ST02,I03,2026-05-17,12,Completed,1.0,2.0,Rural,142,20
H00634,C032,ST02,I14,2026-05-16,16,Completed,2.0,1.0,Rural,68,20
H00697,C035,ST02,I17,2026-05-16,22,Completed,2.0,5.0,Urban,80,20
H01469,C074,ST03,I02,2026-05-23,28,Completed,2.0,2.0,Rural,86,20
H00679,C034,ST02,I16,2026-05-16,12,Completed,0.0,4.0,Rural,79,20
H00800,C040,ST02,I04,2026-05-17,10,Completed,2.0,2.0,Urban,181,20
H00048,C003,ST01,I03,2026-05-11,30,Completed,1.0,3.0,Urban,226,20
H01571,C079,ST03,I07,2026-05-24,3,Completed,2.0,4.0,Rural,161,20
H01790,C090,ST03,I07,2026-05-25,2,Completed,0.0,5.0,Urban,220,20
H01698,C085,ST03,I13,2026-05-25,28,Refused,,,Urban,121,20
H01055,C053,ST02,I17,2026-05-19,16,Completed,3.0,5.0,Rural,64,20
H00552,C028,ST01,I10,2026-05-15,13,Refused,,,Rural,119,20
H00050,C003,ST01,I03,2026-05-11,22,Completed,1.0,4.0,Urban,226,20
H00592,C030,ST01,I12,2026-05-15,22,Completed,1.0,3.0,Rural,133,20
H01777,C089,ST03,I17,2026-05-25,25,No eligible respondent after 3 visits,,,Urban,146,20
H00863,C044,ST02,I08,2026-05-18,23,Completed,4.0,3.0,Urban,131,20
H01202,C061,ST03,I07,2026-05-21,5,Completed,2.0,1.0,Urban,432,20
H00324,C017,ST01,I17,2026-05-13,23,Completed,1.0,1.0,Rural,90,20
H01491,C075,ST03,I03,2026-05-23,23,Refused,,,Rural,153,20
H00653,C033,ST02,I15,2026-05-16,19,Completed,2.0,3.0,Rural,81,20
H00909,C046,ST02,I10,2026-05-18,24,Completed,0.0,3.0,Rural,129,20
H00674,C034,ST02,I16,2026-05-16,21,Completed,0.0,1.0,Rural,79,20
H00263,C014,ST01,I07,2026-05-13,3,Completed,3.0,5.0,Urban,119,20
H00406,C021,ST01,I07,2026-05-14,6,Completed,1.0,3.0,Rural,58,20
H00927,C047,ST02,I11,2026-05-18,21,Completed,1.0,4.0,Urban,230,20
H01694,C085,ST03,I13,2026-05-25,15,Vacant dwelling,,,Urban,121,20
H00029,C002,ST01,I02,2026-05-11,16,Completed,0.0,3.0,Rural,287,20
H01329,C067,ST03,I13,2026-05-22,26,Completed,3.0,5.0,Rural,136,20
H01336,C067,ST03,I13,2026-05-22,25,Completed,3.0,3.0,Rural,136,20
H00158,C008,ST01,I08,2026-05-12,17,Completed,2.0,1.0,Rural,242,20
H01114,C056,ST02,I02,2026-05-20,12,Completed,2.0,1.0,Urban,46,20
H00836,C042,ST02,I06,2026-05-17,23,Vacant dwelling,,,Rural,123,20
H00621,C032,ST02,I14,2026-05-16,17,Completed,3.0,4.0,Rural,68,20
H01530,C077,ST03,I05,2026-05-23,7,Refused,,,Urban,334,20
H00086,C005,ST01,I05,2026-05-11,31,Completed,2.0,5.0,Rural,178,20
H00887,C045,ST02,I09,2026-05-18,9,No eligible respondent after 3 visits,,,Rural,336,20
H01447,C073,ST03,I01,2026-05-23,22,Completed,1.0,4.0,Rural,14,20
H01155,C058,ST02,I04,2026-05-20,16,Vacant dwelling,,,Rural,380,20
H00081,C005,ST01,I05,2026-05-11,11,Completed,2.0,2.0,Rural,178,20
H00216,C011,ST01,I11,2026-05-12,17,Completed,1.0,4.0,Urban,127,20
H00419,C021,ST01,I07,2026-05-14,5,Completed,4.0,4.0,Rural,58,20
H01289,C065,ST03,I11,2026-05-21,7,No eligible respondent after 3 visits,,,Urban,521,20
H01437,C072,ST03,I18,2026-05-22,16,Completed,1.0,1.0,Rural,98,20
H00837,C042,ST02,I06,2026-05-17,18,Completed,1.0,2.0,Rural,123,20
H01476,C074,ST03,I02,2026-05-23,20,Completed,2.0,2.0,Rural,86,20
H00949,C048,ST02,I12,2026-05-18,7,Completed,2.0,1.0,Rural,229,20
H01427,C072,ST03,I18,2026-05-22,28,No eligible respondent after 3 visits,,,Rural,98,20
H00237,C012,ST01,I12,2026-05-12,14,Completed,2.0,4.0,Urban,273,20
H00843,C043,ST02,I07,2026-05-18,2,Completed,4.0,4.0,Rural,128,20
H01662,C084,ST03,I12,2026-05-24,18,Completed,1.0,5.0,Rural,678,20
H00467,C024,ST01,I06,2026-05-14,10,Completed,1.0,1.0,Urban,189,20
H00827,C042,ST02,I06,2026-05-17,15,Completed,0.0,2.0,Rural,123,20
H01189,C060,ST02,I06,2026-05-20,23,Completed,0.0,3.0,Urban,183,20
H00892,C045,ST02,I09,2026-05-18,28,Completed,3.0,5.0,Rural,336,20
H00905,C046,ST02,I10,2026-05-18,19,No eligible respondent after 3 visits,,,Rural,129,20
H00162,C009,ST01,I09,2026-05-12,15,Completed,2.0,2.0,Rural,126,20
H00701,C036,ST02,I18,2026-05-16,21,Completed,1.0,5.0,Urban,262,20
H01315,C066,ST03,I12,2026-05-21,20,Vacant dwelling,,,Urban,211,20
H00253,C013,ST01,I13,2026-05-13,12,Completed,0.0,3.0,Urban,196,20
H01511,C076,ST03,I04,2026-05-23,23,Completed,1.0,1.0,Urban,168,20
H00273,C014,ST01,I07,2026-05-13,5,Completed,0.0,3.0,Urban,119,20
H01078,C054,ST02,I18,2026-05-19,26,Completed,0.0,2.0,Rural,88,20
H01264,C064,ST03,I10,2026-05-21,21,Completed,1.0,1.0,Rural,260,20
H00738,C037,ST02,I01,2026-05-17,13,Completed,3.0,1.0,Urban,222,20
H01599,C080,ST03,I08,2026-05-24,21,Completed,2.0,4.0,Rural,139,20
H00339,C017,ST01,I17,2026-05-13,18,Completed,3.0,1.0,Rural,90,20
H00101,C006,ST01,I06,2026-05-11,20,Completed,2.0,4.0,Rural,177,20
H00353,C018,ST01,I18,2026-05-13,30,Completed,0.0,3.0,Rural,159,20
H00755,C038,ST02,I02,2026-05-17,33,Refused,,,Rural,207,20
H00715,C036,ST02,I18,2026-05-16,24,Completed,1.0,4.0,Urban,262,20
H01403,C071,ST03,I17,2026-05-22,13,Vacant dwelling,,,Rural,239,20
H00874,C044,ST02,I08,2026-05-18,25,Completed,2.0,3.0,Urban,131,20
H01313,C066,ST03,I12,2026-05-21,22,Completed,0.0,2.0,Urban,211,20
H01462,C074,ST03,I02,2026-05-23,13,Completed,1.0,4.0,Rural,86,20
H00844,C043,ST02,I07,2026-05-18,5,Completed,1.0,2.0,Rural,128,20
H01112,C056,ST02,I02,2026-05-20,17,Completed,3.0,2.0,Urban,46,20
H01267,C064,ST03,I10,2026-05-21,37,Completed,4.0,4.0,Rural,260,20
H01754,C088,ST03,I16,2026-05-25,17,Completed,3.0,4.0,Rural,55,20
H00338,C017,ST01,I17,2026-05-13,24,Completed,1.0,1.0,Rural,90,20
H00106,C006,ST01,I06,2026-05-11,19,No eligible respondent after 3 visits,,,Rural,177,20
H01687,C085,ST03,I13,2026-05-25,17,Completed,2.0,4.0,Urban,121,20
H00438,C022,ST01,I04,2026-05-14,21,No eligible respondent after 3 visits,,,Urban,197,20
H01695,C085,ST03,I13,2026-05-25,21,No eligible respondent after 3 visits,,,Urban,121,20
H01725,C087,ST03,I15,2026-05-25,27,Completed,0.0,2.0,Urban,229,20
H01362,C069,ST03,I15,2026-05-22,31,Completed,1.0,2.0,Rural,386,20
H00948,C048,ST02,I12,2026-05-18,29,Completed,1.0,5.0,Rural,229,20
H00847,C043,ST02,I07,2026-05-18,4,Completed,0.0,4.0,Rural,128,20
H01332,C067,ST03,I13,2026-05-22,15,Completed,1.0,4.0,Rural,136,20
H01471,C074,ST03,I02,2026-05-23,25,Completed,2.0,1.0,Rural,86,20
H00545,C028,ST01,I10,2026-05-15,14,Completed,3.0,1.0,Rural,119,20
H01728,C087,ST03,I15,2026-05-25,23,Completed,2.0,1.0,Urban,229,20
H01566,C079,ST03,I07,2026-05-24,2,Completed,1.0,1.0,Rural,161,20
H01685,C085,ST03,I13,2026-05-25,31,Completed,3.0,5.0,Urban,121,20
H00061,C004,ST01,I04,2026-05-11,23,Completed,1.0,3.0,Urban,291,20
H01527,C077,ST03,I05,2026-05-23,29,Completed,0.0,5.0,Urban,334,20
H00604,C031,ST02,I13,2026-05-16,21,Vacant dwelling,,,Rural,160,20
H00262,C014,ST01,I07,2026-05-13,2,Completed,2.0,4.0,Urban,119,20
H00793,C040,ST02,I04,2026-05-17,24,Refused,,,Urban,181,20
H01467,C074,ST03,I02,2026-05-23,27,Completed,2.0,2.0,Rural,86,20
H00460,C023,ST01,I05,2026-05-14,20,Completed,1.0,3.0,Rural,151,20
H01333,C067,ST03,I13,2026-05-22,17,Completed,4.0,5.0,Rural,136,20
H01293,C065,ST03,I11,2026-05-21,17,Completed,0.0,2.0,Urban,521,20
H01169,C059,ST02,I05,2026-05-20,16,Completed,2.0,4.0,Rural,275,20
H00134,C007,ST01,I07,2026-05-12,4,Completed,4.0,4.0,Rural,152,20
H01615,C081,ST03,I09,2026-05-24,20,Completed,1.0,5.0,Urban,260,20
H01193,C060,ST02,I06,2026-05-20,14,Completed,0.0,4.0,Urban,183,20
H00564,C029,ST01,I11,2026-05-15,26,Completed,3.0,1.0,Rural,130,20
H01230,C062,ST03,I08,2026-05-21,19,No eligible respondent after 3 visits,,,Urban,96,20
H00001,C001,ST01,I01,2026-05-11,20,Refused,,,Urban,318,20
H00420,C021,ST01,I07,2026-05-14,5,Completed,0.0,5.0,Rural,58,20
H00070,C004,ST01,I04,2026-05-11,23,Completed,1.0,2.0,Urban,291,20
H00678,C034,ST02,I16,2026-05-16,30,Completed,1.0,1.0,Rural,79,20
H00473,C024,ST01,I06,2026-05-14,23,Completed,2.0,2.0,Urban,189,20
H01341,C068,ST03,I14,2026-05-22,19,Completed,1.0,2.0,Urban,1038,20
H01505,C076,ST03,I04,2026-05-23,29,Completed,3.0,2.0,Urban,168,20
H00023,C002,ST01,I02,2026-05-11,21,No eligible respondent after 3 visits,,,Rural,287,20
H01002,C051,ST02,I15,2026-05-19,17,Completed,2.0,3.0,Rural,272,20
H00582,C030,ST01,I12,2026-04-29,22,Completed,1.0,4.0,Rural,133,20
H00856,C043,ST02,I07,2026-05-18,3,Completed,4.0,5.0,Rural,128,20
H01422,C072,ST03,I18,2026-05-22,17,Completed,2.0,5.0,Rural,98,20
H01593,C080,ST03,I08,2026-05-24,21,Completed,4.0,2.0,Rural,139,20
H00257,C013,ST01,I13,2026-05-13,29,No eligible respondent after 3 visits,,,Urban,196,20
H01180,C059,ST02,I05,2026-05-20,27,Completed,1.0,4.0,Rural,275,20
H01363,C069,ST03,I15,2026-05-22,21,Vacant dwelling,,,Rural,386,20
H00668,C034,ST02,I16,2026-05-16,24,Completed,2.0,2.0,Rural,79,20
H00242,C013,ST01,I13,2026-05-13,9,Completed,3.0,3.0,Urban,196,20
H00094,C005,ST01,I05,2026-05-11,33,Completed,0.0,1.0,Rural,178,20
H00175,C009,ST01,I09,2026-05-12,21,Completed,2.0,1.0,Rural,126,20
H01735,C087,ST03,I15,2026-05-25,14,No eligible respondent after 3 visits,,,Urban,229,20
H01620,C081,ST03,I09,2026-05-24,22,Refused,,,Urban,260,20
H00455,C023,ST01,I05,2026-05-14,17,Completed,3.0,1.0,Rural,151,20
H00633,C032,ST02,I14,2026-05-16,21,Completed,1.0,4.0,Rural,68,20
H01452,C073,ST03,I01,2026-05-23,20,Completed,1.0,4.0,Rural,14,20
H00729,C037,ST02,I01,2026-05-17,21,Completed,2.0,4.0,Urban,222,20
H00027,C002,ST01,I02,2026-05-11,11,Completed,1.0,5.0,Rural,287,20
H00454,C023,ST01,I05,2026-05-14,29,Completed,2.0,5.0,Rural,151,20
H00429,C022,ST01,I04,2026-05-14,12,Refused,,,Urban,197,20
H01221,C062,ST03,I08,2026-05-21,14,Refused,,,Urban,96,20
H00524,C027,ST01,I09,2026-05-15,17,Completed,2.0,5.0,Urban,262,20
H00642,C033,ST02,I15,2026-05-16,19,Completed,3.0,2.0,Rural,81,20
H01451,C073,ST03,I01,2026-05-23,18,Completed,1.0,1.0,Rural,14,20
H00166,C009,ST01,I09,2026-05-12,19,Completed,3.0,5.0,Rural,126,20
H00573,C029,ST01,I11,2026-05-15,20,Completed,3.0,1.0,Rural,130,20
H00702,C036,ST02,I18,2026-05-16,15,Completed,2.0,1.0,Urban,262,20
H00963,C049,ST02,I13,2026-05-19,28,Completed,1.0,2.0,Urban,615,20
H01148,C058,ST02,I04,2026-05-20,17,Vacant dwelling,,,Rural,380,20
H01186,C060,ST02,I06,2026-05-20,14,Completed,1.0,4.0,Urban,183,20
H00551,C028,ST01,I10,2026-05-15,18,Completed,3.0,1.0,Rural,119,20
H00923,C047,ST02,I11,2026-05-18,30,Completed,1.0,2.0,Urban,230,20
H00529,C027,ST01,I09,2026-05-15,29,Completed,2.0,4.0,Urban,262,20
H01770,C089,ST03,I17,2026-05-25,3,No eligible respondent after 3 visits,,,Urban,146,20
H00820,C041,ST02,I05,2026-05-17,10,Completed,3.0,2.0,Rural,292,20
H01577,C079,ST03,I07,2026-05-24,4,Completed,2.0,1.0,Rural,161,20
H00300,C015,ST01,I15,2026-05-13,18,Completed,2.0,2.0,Rural,168,20
H01648,C083,ST03,I11,2026-05-24,19,Completed,1.0,1.0,Urban,138,20
H00011,C001,ST01,I01,2026-05-11,18,Completed,3.0,1.0,Urban,318,20
H00480,C024,ST01,I06,2026-05-14,30,Completed,1.0,2.0,Urban,189,20
H01764,C089,ST03,I17,2026-05-25,15,Vacant dwelling,,,Urban,146,20
H00308,C016,ST01,I16,2026-05-13,19,Completed,0.0,4.0,Rural,193,20
H01107,C056,ST02,I02,2026-05-20,14,Completed,1.0,3.0,Urban,46,20
H01637,C082,ST03,I10,2026-05-24,25,No eligible respondent after 3 visits,,,Urban,111,20
H00669,C034,ST02,I16,2026-05-16,31,Completed,3.0,2.0,Rural,79,20
H01033,C052,ST02,I16,2026-05-19,18,Completed,1.0,5.0,Urban,623,20
H01759,C088,ST03,I16,2026-05-25,15,Completed,3.0,1.0,Rural,55,20
H01739,C087,ST03,I15,2026-05-25,11,Completed,3.0,5.0,Urban,229,20
H01304,C066,ST03,I12,2026-04-29,5,Completed,2.0,4.0,Urban,211,20
H00543,C028,ST01,I10,2026-05-15,14,Completed,1.0,2.0,Rural,119,20
H01494,C075,ST03,I03,2026-05-23,18,Completed,0.0,2.0,Rural,153,20
H00392,C020,ST01,I02,2026-05-14,35,Completed,0.0,3.0,Urban,138,20
H01585,C080,ST03,I08,2026-05-24,19,No eligible respondent after 3 visits,,,Rural,139,20
H01591,C080,ST03,I08,2026-05-24,28,Completed,4.0,1.0,Rural,139,20
H00291,C015,ST01,I15,2026-05-13,21,No eligible respondent after 3 visits,,,Rural,168,20
H01159,C058,ST02,I04,2026-05-20,23,Completed,0.0,4.0,Rural,380,20
H01757,C088,ST03,I16,2026-05-25,16,Completed,2.0,2.0,Rural,55,20
H01099,C055,ST02,I01,2026-05-20,22,No eligible respondent after 3 visits,,,Rural,262,20
H01793,C090,ST03,I07,2026-05-25,4,Completed,0.0,3.0,Urban,220,20
H00468,C024,ST01,I06,2026-05-14,15,Vacant dwelling,,,Urban,189,20
H00691,C035,ST02,I17,2026-05-16,25,Completed,2.0,5.0,Urban,80,20
H01181,C060,ST02,I06,2026-05-20,12,Completed,2.0,1.0,Urban,183,20
H01184,C060,ST02,I06,2026-05-20,24,Completed,1.0,5.0,Urban,183,20
H01381,C070,ST03,I16,2026-05-22,30,Completed,0.0,4.0,Urban,133,20
H01082,C055,ST02,I01,2026-05-20,21,Completed,0.0,5.0,Rural,262,20
H00255,C013,ST01,I13,2026-05-13,16,Completed,2.0,4.0,Urban,196,20
H00930,C047,ST02,I11,2026-05-18,11,Completed,1.0,3.0,Urban,230,20
H01762,C089,ST03,I17,2026-05-25,18,Completed,2.0,1.0,Urban,146,20
H01666,C084,ST03,I12,2026-05-24,30,Completed,0.0,1.0,Rural,678,20
H00264,C014,ST01,I07,2026-05-13,4,Completed,1.0,2.0,Urban,119,20
H00724,C037,ST02,I01,2026-05-17,21,Completed,3.0,4.0,Urban,222,20
H01574,C079,ST03,I07,2026-05-24,5,Completed,1.0,5.0,Rural,161,20
H01439,C072,ST03,I18,2026-05-22,19,Completed,0.0,2.0,Rural,98,20
H00591,C030,ST01,I12,2026-05-15,11,Completed,2.0,3.0,Rural,133,20
H00103,C006,ST01,I06,2026-05-11,10,Completed,3.0,5.0,Rural,177,20
H00503,C026,ST01,I08,2026-05-15,22,No eligible respondent after 3 visits,,,Rural,147,20
H01710,C086,ST03,I14,2026-05-25,14,Completed,3.0,2.0,Rural,83,20
H01596,C080,ST03,I08,2026-05-24,21,Completed,3.0,3.0,Rural,139,20
H00445,C023,ST01,I05,2026-05-14,25,Completed,4.0,1.0,Rural,151,20
H00067,C004,ST01,I04,2026-05-11,19,Completed,2.0,4.0,Urban,291,20
H01219,C061,ST03,I07,2026-05-21,3,Completed,1.0,5.0,Urban,432,20
H00174,C009,ST01,I09,2026-05-12,23,Completed,2.0,3.0,Rural,126,20
H01361,C069,ST03,I15,2026-05-22,9,Refused,,,Rural,386,20
H01382,C070,ST03,I16,2026-05-22,30,Completed,1.0,1.0,Urban,133,20
H00743,C038,ST02,I02,2026-05-17,20,Completed,2.0,1.0,Rural,207,20
H00019,C001,ST01,I01,2026-05-11,28,Completed,1.0,2.0,Urban,318,20
H00831,C042,ST02,I06,2026-05-17,31,Completed,1.0,2.0,Rural,123,20
H01508,C076,ST03,I04,2026-05-23,20,Completed,4.0,4.0,Urban,168,20
H01328,C067,ST03,I13,2026-05-22,17,Refused,,,Rural,136,20
H01208,C061,ST03,I07,2026-05-21,4,Completed,1.0,4.0,Urban,432,20
H01556,C078,ST03,I06,2026-05-23,21,Completed,1.0,5.0,Urban,151,20
H01158,C058,ST02,I04,2026-05-20,15,Completed,4.0,3.0,Rural,380,20
H01411,C071,ST03,I17,2026-05-22,21,Completed,1.0,3.0,Rural,239,20
H01214,C061,ST03,I07,2026-05-21,4,Completed,2.0,2.0,Urban,432,20
H01150,C058,ST02,I04,2026-05-20,18,Completed,2.0,5.0,Rural,380,20
H00364,C019,ST01,I07,2026-05-14,6,Completed,4.0,3.0,Rural,78,20
H00401,C021,ST01,I07,2026-05-14,4,Completed,1.0,1.0,Rural,58,20
H00112,C006,ST01,I06,2026-05-11,13,Completed,1.0,2.0,Rural,177,20
H00367,C019,ST01,I07,2026-05-14,4,Completed,2.0,1.0,Rural,78,20
H00334,C017,ST01,I17,2026-05-13,15,Completed,2.0,3.0,Rural,90,20
H01609,C081,ST03,I09,2026-05-24,32,Completed,2.0,3.0,Urban,260,20
H00136,C007,ST01,I07,2026-05-12,2,Completed,2.0,5.0,Rural,152,20
H01548,C078,ST03,I06,2026-05-23,32,Refused,,,Urban,151,20
H00176,C009,ST01,I09,2026-05-12,19,Completed,1.0,1.0,Rural,126,20
H01218,C061,ST03,I07,2026-05-21,4,Completed,2.0,4.0,Urban,432,20
H00003,C001,ST01,I01,2026-05-11,29,No eligible respondent after 3 visits,,,Urban,318,20
H00595,C030,ST01,I12,2026-05-15,39,Completed,2.0,2.0,Rural,133,20
H01602,C081,ST03,I09,2026-05-24,22,Completed,1.0,5.0,Urban,260,20
H00031,C002,ST01,I02,2026-05-11,12,Completed,2.0,5.0,Rural,287,20
H00603,C031,ST02,I13,2026-05-16,2,Completed,3.0,1.0,Rural,160,20
H01133,C057,ST02,I03,2026-05-20,25,Completed,3.0,5.0,Rural,96,20
H00706,C036,ST02,I18,2026-05-16,18,Completed,1.0,3.0,Urban,262,20
H01432,C072,ST03,I18,2026-05-22,30,Completed,2.0,5.0,Rural,98,20
H00783,C040,ST02,I04,2026-05-17,22,Completed,1.0,2.0,Urban,181,20
H01065,C054,ST02,I18,2026-05-19,20,Completed,2.0,3.0,Rural,88,20
H01175,C059,ST02,I05,2026-05-20,24,Completed,3.0,1.0,Rural,275,20
H01204,C061,ST03,I07,2026-05-21,3,Completed,1.0,1.0,Urban,432,20
H00472,C024,ST01,I06,2026-05-14,10,Completed,0.0,5.0,Urban,189,20
H00407,C021,ST01,I07,2026-05-14,2,Completed,2.0,4.0,Rural,58,20
H00118,C006,ST01,I06,2026-05-11,20,Completed,1.0,3.0,Rural,177,20
H00675,C034,ST02,I16,2026-05-16,35,Completed,2.0,1.0,Rural,79,20
H00550,C028,ST01,I10,2026-05-15,23,Completed,1.0,5.0,Rural,119,20
H01746,C088,ST03,I16,2026-05-25,18,Completed,2.0,1.0,Rural,55,20
H00579,C029,ST01,I11,2026-05-15,22,Completed,1.0,2.0,Rural,130,20
H00164,C009,ST01,I09,2026-05-12,24,No eligible respondent after 3 visits,,,Rural,126,20
H00062,C004,ST01,I04,2026-05-11,25,Completed,2.0,4.0,Urban,291,20
H00723,C037,ST02,I01,2026-05-17,19,Completed,1.0,4.0,Urban,222,20
H00630,C032,ST02,I14,2026-05-16,24,Completed,2.0,4.0,Rural,68,20
H00539,C027,ST01,I09,2026-05-15,7,No eligible respondent after 3 visits,,,Urban,262,20
H00306,C016,ST01,I16,2026-05-13,31,Completed,4.0,3.0,Rural,193,20
H01775,C089,ST03,I17,2026-05-25,18,Completed,1.0,4.0,Urban,146,20
H01629,C082,ST03,I10,2026-05-24,27,Completed,4.0,3.0,Urban,111,20
H00355,C018,ST01,I18,2026-05-13,23,Completed,1.0,4.0,Rural,159,20
H00662,C034,ST02,I16,2026-05-16,16,No eligible respondent after 3 visits,,,Rural,79,20
H01247,C063,ST03,I09,2026-05-21,25,No eligible respondent after 3 visits,,,Rural,220,20
H00422,C022,ST01,I04,2026-05-14,10,Completed,1.0,5.0,Urban,197,20
H00964,C049,ST02,I13,2026-05-19,8,Refused,,,Urban,615,20
H00078,C004,ST01,I04,2026-05-11,21,No eligible respondent after 3 visits,,,Urban,291,20
H00154,C008,ST01,I08,2026-05-12,10,Completed,3.0,2.0,Rural,242,20
H00504,C026,ST01,I08,2026-05-15,20,Completed,1.0,3.0,Rural,147,20
H01270,C064,ST03,I10,2026-05-21,30,Completed,1.0,5.0,Rural,260,20
H00412,C021,ST01,I07,2026-05-14,6,Completed,0.0,4.0,Rural,58,20
H00226,C012,ST01,I12,2026-05-12,28,Completed,1.0,2.0,Urban,273,20
H01283,C065,ST03,I11,2026-05-21,22,Completed,0.0,1.0,Urban,521,20
H01627,C082,ST03,I10,2026-05-24,34,Completed,4.0,5.0,Urban,111,20
H01357,C068,ST03,I14,2026-05-22,24,Completed,2.0,2.0,Urban,1038,20
H00505,C026,ST01,I08,2026-05-15,26,Completed,0.0,5.0,Rural,147,20
H00141,C008,ST01,I08,2026-05-12,17,Refused,,,Rural,242,20
H01522,C077,ST03,I05,2026-05-23,26,Completed,2.0,4.0,Urban,334,20
H00292,C015,ST01,I15,2026-05-13,22,Completed,2.0,4.0,Rural,168,20
H00193,C010,ST01,I10,2026-05-12,11,Completed,1.0,2.0,Rural,441,20
H00968,C049,ST02,I13,2026-05-19,20,Completed,4.0,1.0,Urban,615,20
H01652,C083,ST03,I11,2026-05-24,17,Completed,1.0,4.0,Urban,138,20
H01549,C078,ST03,I06,2026-05-23,24,Completed,2.0,2.0,Urban,151,20
H01110,C056,ST02,I02,2026-05-20,22,Completed,1.0,3.0,Urban,46,20
H00659,C033,ST02,I15,2026-05-16,10,Completed,0.0,5.0,Rural,81,20
H01477,C074,ST03,I02,2026-05-23,21,No eligible respondent after 3 visits,,,Rural,86,20
H00346,C018,ST01,I18,2026-05-13,29,Completed,3.0,2.0,Rural,159,20
H01789,C090,ST03,I07,2026-05-25,4,Completed,1.0,5.0,Urban,220,20
H00849,C043,ST02,I07,2026-05-18,3,Completed,1.0,5.0,Rural,128,20
H00146,C008,ST01,I08,2026-05-12,27,Completed,3.0,2.0,Rural,242,20
H00188,C010,ST01,I10,2026-05-12,28,Refused,,,Rural,441,20
H01317,C066,ST03,I12,2026-05-21,25,No eligible respondent after 3 visits,,,Urban,211,20
H00674,C034,ST02,I16,2026-05-16,21,Completed,0.0,1.0,Rural,79,20
H01743,C088,ST03,I16,2026-05-25,22,Completed,1.0,5.0,Rural,55,20
H01536,C077,ST03,I05,2026-05-23,16,Vacant dwelling,,,Urban,334,20
H00240,C012,ST01,I12,2026-05-12,18,Completed,0.0,2.0,Urban,273,20
H00395,C020,ST01,I02,2026-05-14,26,Completed,1.0,3.0,Urban,138,20
H00448,C023,ST01,I05,2026-05-14,31,Completed,1.0,3.0,Rural,151,20
H00430,C022,ST01,I04,2026-05-14,11,Completed,3.0,5.0,Urban,197,20
H01358,C068,ST03,I14,2026-05-22,16,Completed,2.0,3.0,Urban,1038,20
H00673,C034,ST02,I16,2026-05-16,20,Completed,1.0,2.0,Rural,79,20
H00241,C013,ST01,I13,2026-05-13,31,Refused,,,Urban,196,20
H01608,C081,ST03,I09,2026-05-24,19,Completed,1.0,1.0,Urban,260,20
H01074,C054,ST02,I18,2026-05-19,26,Completed,3.0,5.0,Rural,88,20
H01086,C055,ST02,I01,2026-05-20,23,Completed,2.0,4.0,Rural,262,20
H00895,C045,ST02,I09,2026-05-18,27,Completed,2.0,5.0,Rural,336,20
H00955,C048,ST02,I12,2026-05-18,25,Completed,3.0,2.0,Rural,229,20
H00398,C020,ST01,I02,2026-05-14,24,Refused,,,Urban,138,20
H01598,C080,ST03,I08,2026-05-24,24,Completed,2.0,4.0,Rural,139,20
H01667,C084,ST03,I12,2026-05-24,24,No eligible respondent after 3 visits,,,Rural,678,20
H01239,C062,ST03,I08,2026-05-21,24,Completed,1.0,3.0,Urban,96,20
H00713,C036,ST02,I18,2026-05-16,12,Completed,1.0,1.0,Urban,262,20
H01610,C081,ST03,I09,2026-05-24,16,Vacant dwelling,,,Urban,260,20
H00239,C012,ST01,I12,2026-05-12,27,Vacant dwelling,,,Urban,273,20
H01209,C061,ST03,I07,2026-05-21,3,Completed,0.0,3.0,Urban,432,20
H00614,C031,ST02,I13,2026-05-16,15,Completed,3.0,5.0,Rural,160,20
H00555,C028,ST01,I10,2026-05-15,20,Completed,1.0,1.0,Rural,119,20
H01714,C086,ST03,I14,2026-05-25,24,Completed,1.0,3.0,Rural,83,20
H00133,C007,ST01,I07,2026-05-12,4,Completed,1.0,5.0,Rural,152,20
H01097,C055,ST02,I01,2026-05-20,16,Completed,1.0,2.0,Rural,262,20
H00206,C011,ST01,I11,2026-05-12,16,Completed,0.0,5.0,Urban,127,20
H01100,C055,ST02,I01,2026-05-20,22,Completed,1.0,3.0,Rural,262,20
H01539,C077,ST03,I05,2026-05-23,20,No eligible respondent after 3 visits,,,Urban,334,20
H00935,C047,ST02,I11,2026-05-18,20,Completed,1.0,5.0,Urban,230,20
H00397,C020,ST01,I02,2026-05-14,15,Completed,1.0,3.0,Urban,138,20
H01544,C078,ST03,I06,2026-05-23,9,Completed,3.0,4.0,Urban,151,20
H01745,C088,ST03,I16,2026-05-25,12,Completed,1.0,3.0,Rural,55,20
H01480,C074,ST03,I02,2026-05-23,14,Completed,1.0,3.0,Rural,86,20
H01783,C090,ST03,I07,2026-05-25,3,Completed,2.0,5.0,Urban,220,20
H00996,C050,ST02,I14,2026-05-19,7,Completed,2.0,5.0,Rural,135,20
H01741,C088,ST03,I16,2026-05-25,15,Vacant dwelling,,,Rural,55,20
H01562,C079,ST03,I07,2026-05-24,4,Completed,4.0,3.0,Rural,161,20
H01702,C086,ST03,I14,2026-05-25,21,Refused,,,Rural,83,20
H00670,C034,ST02,I16,2026-05-16,18,Completed,0.0,3.0,Rural,79,20
H00432,C022,ST01,I04,2026-05-14,18,Completed,3.0,3.0,Urban,197,20
H00720,C036,ST02,I18,2026-05-16,21,Completed,1.0,5.0,Urban,262,20
H00532,C027,ST01,I09,2026-05-15,15,Completed,2.0,2.0,Urban,262,20
H01700,C085,ST03,I13,2026-05-25,25,No eligible respondent after 3 visits,,,Urban,121,20
H00745,C038,ST02,I02,2026-05-17,17,Completed,0.0,1.0,Rural,207,20
H01205,C061,ST03,I07,2026-05-21,4,Completed,0.0,1.0,Urban,432,20
H01684,C085,ST03,I13,2026-05-25,9,Completed,1.0,1.0,Urban,121,20
H01433,C072,ST03,I18,2026-05-22,23,Completed,3.0,3.0,Rural,98,20
H00251,C013,ST01,I13,2026-05-13,17,Completed,3.0,5.0,Urban,196,20
H01570,C079,ST03,I07,2026-05-24,6,Completed,1.0,2.0,Rural,161,20
H00302,C016,ST01,I16,2026-05-13,13,Completed,4.0,1.0,Rural,193,20
H00270,C014,ST01,I07,2026-05-13,3,Completed,1.0,4.0,Urban,119,20
H00115,C006,ST01,I06,2026-05-11,18,Completed,1.0,4.0,Rural,177,20
H01385,C070,ST03,I16,2026-05-22,28,Completed,1.0,2.0,Urban,133,20
H01377,C069,ST03,I15,2026-05-22,23,Completed,3.0,3.0,Rural,386,20
H00165,C009,ST01,I09,2026-05-12,16,Completed,2.0,2.0,Rural,126,20
H00096,C005,ST01,I05,2026-05-11,28,Completed,2.0,4.0,Rural,178,20
H01045,C053,ST02,I17,2026-05-19,21,Completed,2.0,1.0,Rural,64,20
H01495,C075,ST03,I03,2026-05-23,14,No eligible respondent after 3 visits,,,Rural,153,20
H01145,C058,ST02,I04,2026-05-20,21,Completed,1.0,3.0,Rural,380,20
H01061,C054,ST02,I18,2026-05-19,21,Completed,1.0,1.0,Rural,88,20
H01161,C059,ST02,I05,2026-05-20,17,Completed,2.0,3.0,Rural,275,20
H01303,C066,ST03,I12,2026-05-21,33,Completed,2.0,2.0,Urban,211,20
H00914,C046,ST02,I10,2026-05-18,22,Completed,2.0,4.0,Rural,129,20
H00015,C001,ST01,I01,2026-05-11,36,No eligible respondent after 3 visits,,,Urban,318,20
H01367,C069,ST03,I15,2026-05-22,9,Refused,,,Rural,386,20
H01435,C072,ST03,I18,2026-05-22,20,Completed,0.0,4.0,Rural,98,20
H00853,C043,ST02,I07,2026-05-18,5,Completed,3.0,3.0,Rural,128,20
H00415,C021,ST01,I07,2026-05-14,3,Completed,1.0,3.0,Rural,58,20
H00491,C025,ST01,I07,2026-05-15,3,Completed,1.0,2.0,Rural,95,20
H00619,C031,ST02,I13,2026-05-16,26,Completed,2.0,5.0,Rural,160,20
H00500,C025,ST01,I07,2026-05-15,4,Completed,2.0,2.0,Rural,95,20
H00839,C042,ST02,I06,2026-05-17,12,Completed,2.0,3.0,Rural,123,20
H01484,C075,ST03,I03,2026-05-23,21,No eligible respondent after 3 visits,,,Rural,153,20
H00626,C032,ST02,I14,2026-05-16,20,Completed,1.0,1.0,Rural,68,20
H01756,C088,ST03,I16,2026-05-25,28,Completed,1.0,5.0,Rural,55,20
H00319,C016,ST01,I16,2026-05-13,37,Completed,2.0,3.0,Rural,193,20
H00558,C028,ST01,I10,2026-05-15,33,Vacant dwelling,,,Rural,119,20
H01296,C065,ST03,I11,2026-05-21,14,Completed,2.0,2.0,Urban,521,20
H00666,C034,ST02,I16,2026-05-16,24,Completed,0.0,4.0,Rural,79,20
H00452,C023,ST01,I05,2026-05-14,31,Completed,2.0,4.0,Rural,151,20
H00684,C035,ST02,I17,2026-05-16,15,Completed,3.0,5.0,Urban,80,20
H00670,C034,ST02,I16,2026-05-16,18,Completed,0.0,3.0,Rural,79,20
H00208,C011,ST01,I11,2026-05-12,11,Completed,2.0,3.0,Urban,127,20
H00278,C014,ST01,I07,2026-05-13,6,Completed,0.0,1.0,Urban,119,20
H01482,C075,ST03,I03,2026-05-23,21,Completed,0.0,1.0,Rural,153,20
H01606,C081,ST03,I09,2026-05-24,21,Completed,1.0,5.0,Urban,260,20
H01692,C085,ST03,I13,2026-05-25,10,No eligible respondent after 3 visits,,,Urban,121,20
H01056,C053,ST02,I17,2026-05-19,22,Completed,3.0,1.0,Rural,64,20
H01617,C081,ST03,I09,2026-05-24,6,Completed,2.0,2.0,Urban,260,20
H01567,C079,ST03,I07,2026-05-24,2,Completed,1.0,3.0,Rural,161,20
H01129,C057,ST02,I03,2026-05-20,17,Completed,3.0,3.0,Rural,96,20
H01089,C055,ST02,I01,2026-05-20,20,Completed,1.0,5.0,Rural,262,20
H01738,C087,ST03,I15,2026-05-25,15,Completed,0.0,4.0,Urban,229,20
H00359,C018,ST01,I18,2026-05-13,23,Completed,4.0,1.0,Rural,159,20
H01259,C063,ST03,I09,2026-05-21,29,Completed,3.0,1.0,Rural,220,20
H01343,C068,ST03,I14,2026-05-22,21,Completed,2.0,4.0,Urban,1038,20
H01211,C061,ST03,I07,2026-05-21,5,Completed,1.0,3.0,Urban,432,20
H00971,C049,ST02,I13,2026-05-19,13,Completed,1.0,3.0,Urban,615,20
H01287,C065,ST03,I11,2026-05-21,25,Vacant dwelling,,,Urban,521,20
H00370,C019,ST01,I07,2026-05-14,3,Completed,3.0,5.0,Rural,78,20
H01217,C061,ST03,I07,2026-05-21,3,Completed,1.0,5.0,Urban,432,20
H00330,C017,ST01,I17,2026-05-13,21,Completed,1.0,2.0,Rural,90,20
H00168,C009,ST01,I09,2026-05-12,22,Completed,2.0,1.0,Rural,126,20
H00667,C034,ST02,I16,2026-05-16,6,Completed,1.0,3.0,Rural,79,20
H00119,C006,ST01,I06,2026-05-11,23,Completed,2.0,1.0,Rural,177,20
H00807,C041,ST02,I05,2026-05-17,20,Completed,2.0,5.0,Rural,292,20
H00305,C016,ST01,I16,2026-05-13,21,Completed,2.0,3.0,Rural,193,20
H00975,C049,ST02,I13,2026-05-19,17,Completed,3.0,3.0,Urban,615,20
H01137,C057,ST02,I03,2026-05-20,15,Completed,2.0,2.0,Rural,96,20
H00765,C039,ST02,I03,2026-05-17,30,Completed,3.0,4.0,Rural,142,20
H00559,C028,ST01,I10,2026-05-15,30,Completed,1.0,2.0,Rural,119,20
H01012,C051,ST02,I15,2026-05-19,12,Completed,2.0,2.0,Rural,272,20
H01041,C053,ST02,I17,2026-05-19,25,Completed,1.0,1.0,Rural,64,20
H00515,C026,ST01,I08,2026-05-15,32,No eligible respondent after 3 visits,,,Rural,147,20
H01144,C058,ST02,I04,2026-05-20,24,Completed,2.0,3.0,Rural,380,20
H00922,C047,ST02,I11,2026-05-18,26,Completed,1.0,3.0,Urban,230,20
H00093,C005,ST01,I05,2026-05-11,15,Completed,2.0,4.0,Rural,178,20
H01464,C074,ST03,I02,2026-05-23,21,Completed,1.0,1.0,Rural,86,20
H00813,C041,ST02,I05,2026-05-17,6,Completed,0.0,3.0,Rural,292,20
H00071,C004,ST01,I04,2026-05-11,20,Refused,,,Urban,291,20
H01420,C071,ST03,I17,2026-05-22,9,Completed,1.0,2.0,Rural,239,20
H01408,C071,ST03,I17,2026-05-22,12,Completed,4.0,2.0,Rural,239,20
H00464,C024,ST01,I06,2026-05-14,20,Completed,2.0,4.0,Urban,189,20
H00287,C015,ST01,I15,2026-05-13,18,Completed,1.0,3.0,Rural,168,20
H00584,C030,ST01,I12,2026-05-15,25,Completed,2.0,1.0,Rural,133,20
H01468,C074,ST03,I02,2026-05-23,21,Completed,3.0,5.0,Rural,86,20
H01478,C074,ST03,I02,2026-05-23,8,Refused,,,Rural,86,20
H00129,C007,ST01,I07,2026-05-12,5,Completed,2.0,1.0,Rural,152,20
H01773,C089,ST03,I17,2026-05-25,24,Completed,1.0,3.0,Urban,146,20
H01594,C080,ST03,I08,2026-05-24,29,Completed,0.0,2.0,Rural,139,20
H01156,C058,ST02,I04,2026-05-20,17,Completed,0.0,3.0,Rural,380,20
H00020,C001,ST01,I01,2026-05-11,22,Completed,3.0,4.0,Urban,318,20
H01236,C062,ST03,I08,2026-05-21,26,Completed,3.0,4.0,Urban,96,20
H00111,C006,ST01,I06,2026-05-11,15,Completed,1.0,1.0,Rural,177,20
H00601,C031,ST02,I13,2026-05-16,27,Completed,0.0,1.0,Rural,160,20
H01257,C063,ST03,I09,2026-05-21,22,Completed,2.0,3.0,Rural,220,20
H00170,C009,ST01,I09,2026-05-12,22,Completed,0.0,2.0,Rural,126,20
H01407,C071,ST03,I17,2026-05-22,17,No eligible respondent after 3 visits,,,Rural,239,20
H00105,C006,ST01,I06,2026-05-11,19,Completed,0.0,5.0,Rural,177,20
H01753,C088,ST03,I16,2026-05-25,13,No eligible respondent after 3 visits,,,Rural,55,20
H00946,C048,ST02,I12,2026-05-18,20,Completed,2.0,4.0,Rural,229,20
H01767,C089,ST03,I17,2026-05-25,19,Completed,2.0,3.0,Urban,146,20
H00178,C009,ST01,I09,2026-05-12,19,Completed,1.0,1.0,Rural,126,20
H00384,C020,ST01,I02,2026-05-14,23,Completed,1.0,1.0,Urban,138,20
H00828,C042,ST02,I06,2026-05-17,14,No eligible respondent after 3 visits,,,Rural,123,20
H01625,C082,ST03,I10,2026-05-24,19,Completed,3.0,5.0,Urban,111,20
H01098,C055,ST02,I01,2026-05-20,29,Completed,2.0,1.0,Rural,262,20
H01140,C057,ST02,I03,2026-05-20,25,Completed,2.0,3.0,Rural,96,20
H01550,C078,ST03,I06,2026-05-23,18,Completed,2.0,4.0,Urban,151,20
H00153,C008,ST01,I08,2026-05-12,35,Completed,2.0,3.0,Rural,242,20
H00569,C029,ST01,I11,2026-05-15,24,No eligible respondent after 3 visits,,,Rural,130,20
H01142,C058,ST02,I04,2026-05-20,16,Completed,2.0,5.0,Rural,380,20
H01751,C088,ST03,I16,2026-05-25,18,Completed,4.0,1.0,Rural,55,20
H00881,C045,ST02,I09,2026-05-18,31,Completed,1.0,2.0,Rural,336,20
H00992,C050,ST02,I14,2026-05-19,10,Completed,2.0,2.0,Rural,135,20
H01023,C052,ST02,I16,2026-05-19,25,Completed,3.0,5.0,Urban,623,20
H00933,C047,ST02,I11,2026-05-18,22,No eligible respondent after 3 visits,,,Urban,230,20
H00211,C011,ST01,I11,2026-05-12,18,Completed,1.0,3.0,Urban,127,20
H00521,C027,ST01,I09,2026-05-15,11,Completed,1.0,4.0,Urban,262,20
H01091,C055,ST02,I01,2026-05-20,20,Completed,2.0,1.0,Rural,262,20
H01575,C079,ST03,I07,2026-05-24,2,Completed,1.0,4.0,Rural,161,20
H00654,C033,ST02,I15,2026-05-16,26,Completed,0.0,2.0,Rural,81,20
H00394,C020,ST01,I02,2026-05-14,25,No eligible respondent after 3 visits,,,Urban,138,20
H00834,C042,ST02,I06,2026-05-17,13,Completed,1.0,5.0,Rural,123,20
H00159,C008,ST01,I08,2026-05-12,27,Completed,1.0,4.0,Rural,242,20
H00371,C019,ST01,I07,2026-05-14,2,Completed,1.0,2.0,Rural,78,20
H00953,C048,ST02,I12,2026-05-18,23,Completed,1.0,5.0,Rural,229,20
H01187,C060,ST02,I06,2026-05-20,5,Completed,1.0,1.0,Urban,183,20
H01135,C057,ST02,I03,2026-05-20,12,Completed,2.0,1.0,Rural,96,20
H01614,C081,ST03,I09,2026-05-24,18,Completed,3.0,5.0,Urban,260,20
H00335,C017,ST01,I17,2026-05-13,26,Completed,1.0,1.0,Rural,90,20
H01797,C090,ST03,I07,2026-05-25,3,Completed,0.0,5.0,Urban,220,20
H01073,C054,ST02,I18,2026-05-19,23,Completed,0.0,1.0,Rural,88,20
H01440,C072,ST03,I18,2026-05-22,21,Completed,3.0,1.0,Rural,98,20
H00446,C023,ST01,I05,2026-05-14,29,No eligible respondent after 3 visits,,,Rural,151,20
H00282,C015,ST01,I15,2026-05-13,25,No eligible respondent after 3 visits,,,Rural,168,20
H01300,C065,ST03,I11,2026-05-21,20,No eligible respondent after 3 visits,,,Urban,521,20
H00663,C034,ST02,I16,2026-05-16,25,No eligible respondent after 3 visits,,,Rural,79,20
H00186,C010,ST01,I10,2026-05-12,24,Completed,1.0,4.0,Rural,441,20
H01101,C056,ST02,I02,2026-05-20,21,Completed,2.0,5.0,Urban,46,20
H00716,C036,ST02,I18,2026-05-16,22,Refused,,,Urban,262,20
H00817,C041,ST02,I05,2026-05-17,23,No eligible respondent after 3 visits,,,Rural,292,20
H00332,C017,ST01,I17,2026-05-13,21,Completed,2.0,4.0,Rural,90,20
H01515,C076,ST03,I04,2026-05-23,20,Refused,,,Urban,168,20
H01212,C061,ST03,I07,2026-05-21,4,Completed,2.0,4.0,Urban,432,20
H01409,C071,ST03,I17,2026-05-22,13,Completed,1.0,4.0,Rural,239,20
H00896,C045,ST02,I09,2026-05-18,30,Completed,1.0,5.0,Rural,336,20
H01063,C054,ST02,I18,2026-05-19,10,Completed,1.0,5.0,Rural,88,20
H00694,C035,ST02,I17,2026-05-16,24,Completed,0.0,1.0,Urban,80,20
H00645,C033,ST02,I15,2026-05-16,23,Completed,0.0,1.0,Rural,81,20
H00970,C049,ST02,I13,2026-05-19,28,Completed,3.0,1.0,Urban,615,20
H00396,C020,ST01,I02,2026-05-14,18,Completed,1.0,1.0,Urban,138,20
H00047,C003,ST01,I03,2026-05-11,6,Completed,1.0,1.0,Urban,226,20
H01387,C070,ST03,I16,2026-05-22,17,Completed,1.0,2.0,Urban,133,20
H00140,C007,ST01,I07,2026-05-12,4,Completed,2.0,5.0,Rural,152,20
H00197,C010,ST01,I10,2026-05-12,15,Completed,3.0,1.0,Rural,441,20
H00861,C044,ST02,I08,2026-05-18,6,Completed,1.0,2.0,Urban,131,20
H00145,C008,ST01,I08,2026-05-12,20,Completed,2.0,1.0,Rural,242,20
H01578,C079,ST03,I07,2026-05-24,5,Completed,0.0,3.0,Rural,161,20
H01294,C065,ST03,I11,2026-05-21,22,Completed,2.0,5.0,Urban,521,20
H00246,C013,ST01,I13,2026-05-13,23,Completed,2.0,4.0,Urban,196,20
H01130,C057,ST02,I03,2026-05-20,21,Refused,,,Rural,96,20
H01151,C058,ST02,I04,2026-05-20,5,Completed,0.0,3.0,Rural,380,20
H00275,C014,ST01,I07,2026-05-13,3,Completed,2.0,2.0,Urban,119,20
H01115,C056,ST02,I02,2026-05-20,13,Completed,3.0,1.0,Urban,46,20
H00805,C041,ST02,I05,2026-05-17,21,Completed,2.0,5.0,Rural,292,20
H01473,C074,ST03,I02,2026-05-23,19,Completed,1.0,2.0,Rural,86,20
H01623,C082,ST03,I10,2026-05-24,21,Completed,3.0,5.0,Urban,111,20
H01256,C063,ST03,I09,2026-05-21,11,Completed,1.0,5.0,Rural,220,20
H01234,C062,ST03,I08,2026-05-21,18,Completed,3.0,3.0,Urban,96,20
H00846,C043,ST02,I07,2026-05-18,4,Completed,0.0,5.0,Rural,128,20
H00777,C039,ST02,I03,2026-05-17,12,Completed,2.0,4.0,Rural,142,20
H00039,C002,ST01,I02,2026-05-11,8,Completed,0.0,5.0,Rural,287,20
H00196,C010,ST01,I10,2026-05-12,23,Completed,2.0,2.0,Rural,441,20
H00017,C001,ST01,I01,2026-05-11,26,Completed,0.0,1.0,Urban,318,20
H01455,C073,ST03,I01,2026-05-23,7,Completed,1.0,4.0,Rural,14,20
H01182,C060,ST02,I06,2026-05-20,20,Completed,2.0,1.0,Urban,183,20
H01373,C069,ST03,I15,2026-05-22,25,Completed,1.0,2.0,Rural,386,20
H00918,C046,ST02,I10,2026-05-18,21,Completed,1.0,4.0,Rural,129,20
H01191,C060,ST02,I06,2026-05-20,22,Completed,0.0,1.0,Urban,183,20
H01244,C063,ST03,I09,2026-05-21,8,Completed,0.0,2.0,Rural,220,20
H01009,C051,ST02,I15,2026-05-19,21,Completed,2.0,4.0,Rural,272,20
H01513,C076,ST03,I04,2026-05-23,14,Completed,0.0,2.0,Urban,168,20
H00075,C004,ST01,I04,2026-05-11,32,Completed,1.0,1.0,Urban,291,20
H01446,C073,ST03,I01,2026-05-23,26,Completed,2.0,5.0,Rural,14,20
H00528,C027,ST01,I09,2026-05-15,19,Completed,1.0,3.0,Urban,262,20
H00277,C014,ST01,I07,2026-05-13,4,Completed,2.0,5.0,Urban,119,20
H01014,C051,ST02,I15,2026-05-19,23,Completed,1.0,3.0,Rural,272,20
H01576,C079,ST03,I07,2026-05-24,6,Completed,2.0,3.0,Rural,161,20
H00886,C045,ST02,I09,2026-05-18,15,Completed,1.0,3.0,Rural,336,20
H00400,C020,ST01,I02,2026-05-14,22,Completed,2.0,5.0,Urban,138,20
H01580,C079,ST03,I07,2026-05-24,4,Completed,2.0,3.0,Rural,161,20
H00739,C037,ST02,I01,2026-05-17,33,Completed,1.0,3.0,Urban,222,20
H00547,C028,ST01,I10,2026-05-15,29,Completed,2.0,2.0,Rural,119,20
H00897,C045,ST02,I09,2026-05-18,24,Completed,4.0,3.0,Rural,336,20
H00932,C047,ST02,I11,2026-05-18,18,Completed,1.0,3.0,Urban,230,20
H01681,C085,ST03,I13,2026-05-25,15,Completed,2.0,4.0,Urban,121,20
H00644,C033,ST02,I15,2026-05-16,15,Completed,0.0,5.0,Rural,81,20
H01675,C084,ST03,I12,2026-05-24,25,Completed,2.0,1.0,Rural,678,20
H01173,C059,ST02,I05,2026-05-20,13,Completed,1.0,2.0,Rural,275,20
H00577,C029,ST01,I11,2026-05-15,24,Completed,4.0,4.0,Rural,130,20
H01210,C061,ST03,I07,2026-05-21,7,Completed,2.0,1.0,Urban,432,20
H00806,C041,ST02,I05,2026-05-17,19,Completed,2.0,3.0,Rural,292,20
H00443,C023,ST01,I05,2026-05-14,31,Completed,0.0,2.0,Rural,151,20
H01472,C074,ST03,I02,2026-05-23,22,Completed,2.0,3.0,Rural,86,20
H00589,C030,ST01,I12,2026-05-15,19,Completed,0.0,3.0,Rural,133,20
H00576,C029,ST01,I11,2026-05-15,18,Completed,1.0,3.0,Rural,130,20
H00463,C024,ST01,I06,2026-05-14,22,Completed,1.0,4.0,Urban,189,20
H01308,C066,ST03,I12,2026-05-21,21,Completed,2.0,2.0,Urban,211,20
H01502,C076,ST03,I04,2026-05-23,20,Completed,0.0,3.0,Urban,168,20
H00860,C043,ST02,I07,2026-05-18,4,Completed,1.0,5.0,Rural,128,20
H01771,C089,ST03,I17,2026-05-25,18,Completed,3.0,2.0,Urban,146,20
H00990,C050,ST02,I14,2026-05-19,18,Completed,2.0,2.0,Rural,135,20
H01663,C084,ST03,I12,2026-05-24,26,Completed,1.0,5.0,Rural,678,20
H01529,C077,ST03,I05,2026-05-23,20,No eligible respondent after 3 visits,,,Urban,334,20
H00958,C048,ST02,I12,2026-04-29,17,Completed,3.0,4.0,Rural,229,20
H01141,C058,ST02,I04,2026-05-20,16,Completed,3.0,3.0,Rural,380,20
H01400,C070,ST03,I16,2026-05-22,24,Completed,2.0,2.0,Urban,133,20
H01444,C073,ST03,I01,2026-05-23,18,Completed,0.0,5.0,Rural,14,20
H01682,C085,ST03,I13,2026-05-25,16,Completed,3.0,3.0,Urban,121,20
H01410,C071,ST03,I17,2026-05-22,17,Completed,4.0,5.0,Rural,239,20
H01540,C077,ST03,I05,2026-05-23,18,Refused,,,Urban,334,20
H01755,C088,ST03,I16,2026-05-25,19,No eligible respondent after 3 visits,,,Rural,55,20
H00756,C038,ST02,I02,2026-05-17,6,Completed,3.0,3.0,Rural,207,20
H01386,C070,ST03,I16,2026-05-22,19,Completed,1.0,1.0,Urban,133,20
H01372,C069,ST03,I15,2026-05-22,14,Completed,2.0,2.0,Rural,386,20
H01083,C055,ST02,I01,2026-05-20,19,Completed,3.0,5.0,Rural,262,20
H01285,C065,ST03,I11,2026-05-21,20,Completed,0.0,5.0,Urban,521,20
H01004,C051,ST02,I15,2026-05-19,23,Completed,2.0,1.0,Rural,272,20
H01405,C071,ST03,I17,2026-05-22,24,Completed,2.0,5.0,Rural,239,20
H00548,C028,ST01,I10,2026-05-15,8,Completed,0.0,4.0,Rural,119,20
H00317,C016,ST01,I16,2026-05-13,22,Completed,1.0,3.0,Rural,193,20
H01545,C078,ST03,I06,2026-05-23,26,No eligible respondent after 3 visits,,,Urban,151,20
H00952,C048,ST02,I12,2026-04-29,31,Completed,2.0,4.0,Rural,229,20
H00298,C015,ST01,I15,2026-05-13,23,Completed,0.0,4.0,Rural,168,20
H00877,C044,ST02,I08,2026-05-18,23,Completed,1.0,2.0,Urban,131,20
H00649,C033,ST02,I15,2026-05-16,14,Completed,2.0,2.0,Rural,81,20
H01650,C083,ST03,I11,2026-05-24,11,No eligible respondent after 3 visits,,,Urban,138,20
H00177,C009,ST01,I09,2026-05-12,18,Completed,1.0,3.0,Rural,126,20
H01800,C090,ST03,I07,2026-05-25,2,Completed,1.0,1.0,Urban,220,20
H01238,C062,ST03,I08,2026-05-21,13,Completed,0.0,1.0,Urban,96,20
H01368,C069,ST03,I15,2026-05-22,24,Completed,4.0,1.0,Rural,386,20
H00381,C020,ST01,I02,2026-05-14,23,Completed,1.0,5.0,Urban,138,20
H00033,C002,ST01,I02,2026-05-11,14,Completed,2.0,2.0,Rural,287,20
H01613,C081,ST03,I09,2026-05-24,24,Completed,0.0,3.0,Urban,260,20
H01349,C068,ST03,I14,2026-05-22,16,Completed,1.0,3.0,Urban,1038,20
H01425,C072,ST03,I18,2026-05-22,33,Completed,3.0,1.0,Rural,98,20
H00325,C017,ST01,I17,2026-05-13,24,Completed,0.0,4.0,Rural,90,20
H00074,C004,ST01,I04,2026-05-11,21,Completed,3.0,4.0,Urban,291,20
H00885,C045,ST02,I09,2026-05-18,11,Vacant dwelling,,,Rural,336,20
H01431,C072,ST03,I18,2026-05-22,14,Completed,2.0,3.0,Rural,98,20
H01128,C057,ST02,I03,2026-05-20,26,Completed,1.0,1.0,Rural,96,20
H00888,C045,ST02,I09,2026-05-18,21,Completed,3.0,3.0,Rural,336,20
H00088,C005,ST01,I05,2026-05-11,31,No eligible respondent after 3 visits,,,Rural,178,20
H00258,C013,ST01,I13,2026-05-13,15,No eligible respondent after 3 visits,,,Urban,196,20
H00919,C046,ST02,I10,2026-05-18,21,Completed,2.0,3.0,Rural,129,20
H00024,C002,ST01,I02,2026-05-11,26,Completed,1.0,1.0,Rural,287,20
H01146,C058,ST02,I04,2026-05-20,18,Completed,0.0,2.0,Rural,380,20
H00502,C026,ST01,I08,2026-05-15,7,Completed,0.0,3.0,Rural,147,20
H01483,C075,ST03,I03,2026-05-23,19,Completed,0.0,5.0,Rural,153,20
H01335,C067,ST03,I13,2026-05-22,17,Completed,1.0,3.0,Rural,136,20
H01347,C068,ST03,I14,2026-05-22,26,Completed,1.0,5.0,Urban,1038,20
H01246,C063,ST03,I09,2026-05-21,22,Completed,4.0,3.0,Rural,220,20
H00786,C040,ST02,I04,2026-05-17,14,Completed,0.0,1.0,Urban,181,20
H00556,C028,ST01,I10,2026-05-15,34,Completed,0.0,3.0,Rural,119,20
H01003,C051,ST02,I15,2026-05-19,15,Completed,3.0,1.0,Rural,272,20
H00557,C028,ST01,I10,2026-05-15,15,Completed,0.0,4.0,Rural,119,20
H00627,C032,ST02,I14,2026-05-16,17,Completed,3.0,2.0,Rural,68,20
H01430,C072,ST03,I18,2026-05-22,14,Completed,4.0,1.0,Rural,98,20
H00790,C040,ST02,I04,2026-05-17,32,No eligible respondent after 3 visits,,,Urban,181,20
H00695,C035,ST02,I17,2026-05-16,22,Vacant dwelling,,,Urban,80,20
H01231,C062,ST03,I08,2026-05-21,18,Completed,2.0,2.0,Urban,96,20
H00148,C008,ST01,I08,2026-05-12,13,Completed,1.0,1.0,Rural,242,20
H00533,C027,ST01,I09,2026-05-15,27,Completed,1.0,4.0,Urban,262,20
H01167,C059,ST02,I05,2026-05-20,15,Completed,2.0,4.0,Rural,275,20
H01149,C058,ST02,I04,2026-05-20,20,Completed,2.0,1.0,Rural,380,20
H00795,C040,ST02,I04,2026-05-17,19,Completed,1.0,2.0,Urban,181,20
H00753,C038,ST02,I02,2026-05-17,16,Completed,0.0,2.0,Rural,207,20
H01730,C087,ST03,I15,2026-05-25,22,Completed,2.0,4.0,Urban,229,20
H00889,C045,ST02,I09,2026-05-18,19,Completed,3.0,1.0,Rural,336,20
H00235,C012,ST01,I12,2026-04-29,29,Completed,1.0,2.0,Urban,273,20
H01718,C086,ST03,I14,2026-05-25,28,Completed,1.0,5.0,Rural,83,20
H01233,C062,ST03,I08,2026-05-21,36,Completed,1.0,1.0,Urban,96,20
H01109,C056,ST02,I02,2026-05-20,22,Completed,1.0,2.0,Urban,46,20
H01085,C055,ST02,I01,2026-05-20,23,Completed,0.0,5.0,Rural,262,20
H01424,C072,ST03,I18,2026-05-22,21,Completed,3.0,1.0,Rural,98,20
H00787,C040,ST02,I04,2026-05-17,25,Completed,2.0,2.0,Urban,181,20
H00815,C041,ST02,I05,2026-05-17,21,Completed,4.0,5.0,Rural,292,20
H00191,C010,ST01,I10,2026-05-12,24,Completed,2.0,3.0,Rural,441,20
H00065,C004,ST01,I04,2026-05-11,22,Completed,1.0,2.0,Urban,291,20
H00462,C024,ST01,I06,2026-05-14,10,Completed,1.0,3.0,Urban,189,20
H00187,C010,ST01,I10,2026-05-12,34,Completed,0.0,2.0,Rural,441,20
H01638,C082,ST03,I10,2026-05-24,21,Completed,1.0,5.0,Urban,111,20
H01413,C071,ST03,I17,2026-05-22,28,Completed,2.0,1.0,Rural,239,20
H00692,C035,ST02,I17,2026-05-16,22,Completed,1.0,2.0,Urban,80,20
H01605,C081,ST03,I09,2026-05-24,12,Completed,2.0,1.0,Urban,260,20
H01119,C056,ST02,I02,2026-05-20,26,Completed,2.0,3.0,Urban,46,20
H01646,C083,ST03,I11,2026-05-24,31,Completed,4.0,3.0,Urban,138,20
H00280,C014,ST01,I07,2026-05-13,3,Completed,2.0,4.0,Urban,119,20
H00142,C008,ST01,I08,2026-05-12,22,Vacant dwelling,,,Rural,242,20
H00444,C023,ST01,I05,2026-05-14,26,Completed,0.0,3.0,Rural,151,20
H00266,C014,ST01,I07,2026-05-13,2,Completed,0.0,2.0,Urban,119,20
H00084,C005,ST01,I05,2026-05-11,15,Completed,2.0,3.0,Rural,178,20
H01170,C059,ST02,I05,2026-05-20,22,Refused,,,Rural,275,20
H00840,C042,ST02,I06,2026-05-17,23,Completed,1.0,4.0,Rural,123,20
H00727,C037,ST02,I01,2026-05-17,15,Completed,1.0,3.0,Urban,222,20
H01510,C076,ST03,I04,2026-05-23,12,No eligible respondent after 3 visits,,,Urban,168,20
H00183,C010,ST01,I10,2026-05-12,33,Completed,1.0,2.0,Rural,441,20
H01587,C080,ST03,I08,2026-05-24,27,Completed,4.0,1.0,Rural,139,20
H00732,C037,ST02,I01,2026-05-17,29,Completed,1.0,3.0,Urban,222,20
H00238,C012,ST01,I12,2026-05-12,22,Completed,1.0,5.0,Urban,273,20
H00279,C014,ST01,I07,2026-05-13,3,Completed,2.0,5.0,Urban,119,20
H00611,C031,ST02,I13,2026-05-16,17,Completed,1.0,2.0,Rural,160,20
H00940,C047,ST02,I11,2026-05-18,16,Completed,1.0,5.0,Urban,230,20
H01288,C065,ST03,I11,2026-05-21,5,Completed,2.0,4.0,Urban,521,20
H00544,C028,ST01,I10,2026-05-15,21,Completed,3.0,1.0,Rural,119,20
H00814,C041,ST02,I05,2026-05-17,22,Completed,1.0,3.0,Rural,292,20
H00752,C038,ST02,I02,2026-05-17,21,No eligible respondent after 3 visits,,,Rural,207,20
H00637,C032,ST02,I14,2026-05-16,24,Completed,1.0,4.0,Rural,68,20
H00042,C003,ST01,I03,2026-05-11,17,Completed,2.0,1.0,Urban,226,20
H00413,C021,ST01,I07,2026-05-14,4,Completed,1.0,3.0,Rural,58,20
H00382,C020,ST01,I02,2026-05-14,26,Completed,2.0,1.0,Urban,138,20
H00389,C020,ST01,I02,2026-05-14,20,Completed,2.0,4.0,Urban,138,20
H00945,C048,ST02,I12,2026-05-18,17,Completed,2.0,5.0,Rural,229,20
H00549,C028,ST01,I10,2026-05-15,16,Completed,1.0,2.0,Rural,119,20
H00858,C043,ST02,I07,2026-05-18,3,Completed,2.0,1.0,Rural,128,20
H00721,C037,ST02,I01,2026-05-17,9,Completed,3.0,1.0,Urban,222,20
H00492,C025,ST01,I07,2026-05-15,2,Completed,4.0,2.0,Rural,95,20
H01552,C078,ST03,I06,2026-05-23,18,Completed,1.0,2.0,Urban,151,20
H00987,C050,ST02,I14,2026-05-19,6,Vacant dwelling,,,Rural,135,20
H01132,C057,ST02,I03,2026-05-20,26,Completed,1.0,1.0,Rural,96,20
H00424,C022,ST01,I04,2026-05-14,13,Completed,1.0,5.0,Urban,197,20
H01319,C066,ST03,I12,2026-04-29,17,No eligible respondent after 3 visits,,,Urban,211,20
H00744,C038,ST02,I02,2026-05-17,17,Completed,1.0,1.0,Rural,207,20
H01286,C065,ST03,I11,2026-05-21,17,Completed,2.0,3.0,Urban,521,20
H01649,C083,ST03,I11,2026-05-24,26,No eligible respondent after 3 visits,,,Urban,138,20
H01147,C058,ST02,I04,2026-05-20,16,Vacant dwelling,,,Rural,380,20
H00578,C029,ST01,I11,2026-05-15,27,Completed,1.0,4.0,Rural,130,20
H01274,C064,ST03,I10,2026-05-21,20,Completed,2.0,2.0,Rural,260,20
H00675,C034,ST02,I16,2026-05-16,35,Completed,2.0,1.0,Rural,79,20
H01011,C051,ST02,I15,2026-05-19,12,Completed,4.0,4.0,Rural,272,20
H00120,C006,ST01,I06,2026-05-11,10,No eligible respondent after 3 visits,,,Rural,177,20
H00676,C034,ST02,I16,2026-05-16,19,Vacant dwelling,,,Rural,79,20
H00871,C044,ST02,I08,2026-05-18,26,Refused,,,Urban,131,20
H01503,C076,ST03,I04,2026-05-23,34,Completed,2.0,3.0,Urban,168,20
H00583,C030,ST01,I12,2026-05-15,22,Completed,2.0,3.0,Rural,133,20
H00259,C013,ST01,I13,2026-05-13,20,Completed,1.0,5.0,Urban,196,20
H01131,C057,ST02,I03,2026-05-20,22,Completed,1.0,3.0,Rural,96,20
H00898,C045,ST02,I09,2026-05-18,10,Completed,3.0,3.0,Rural,336,20
H00059,C003,ST01,I03,2026-05-11,20,Completed,2.0,4.0,Urban,226,20
H01434,C072,ST03,I18,2026-05-22,26,Completed,1.0,3.0,Rural,98,20
H01019,C051,ST02,I15,2026-05-19,16,Completed,2.0,3.0,Rural,272,20
H00789,C040,ST02,I04,2026-05-17,10,Vacant dwelling,,,Urban,181,20
H00774,C039,ST02,I03,2026-05-17,33,Completed,3.0,2.0,Rural,142,20
H00293,C015,ST01,I15,2026-05-13,21,Completed,3.0,1.0,Rural,168,20
H00571,C029,ST01,I11,2026-05-15,30,Completed,1.0,5.0,Rural,130,20
H00959,C048,ST02,I12,2026-05-18,27,No eligible respondent after 3 visits,,,Rural,229,20
H00076,C004,ST01,I04,2026-05-11,21,Completed,4.0,5.0,Urban,291,20
H01152,C058,ST02,I04,2026-05-20,24,Completed,1.0,4.0,Rural,380,20
H00519,C026,ST01,I08,2026-05-15,29,Completed,1.0,4.0,Rural,147,20
H00671,C034,ST02,I16,2026-05-16,16,Completed,2.0,2.0,Rural,79,20
H00123,C007,ST01,I07,2026-05-12,3,Completed,1.0,2.0,Rural,152,20
H00667,C034,ST02,I16,2026-05-16,6,Completed,1.0,3.0,Rural,79,20
H00409,C021,ST01,I07,2026-05-14,6,No eligible respondent after 3 visits,,,Rural,58,20
H01727,C087,ST03,I15,2026-05-25,22,Completed,1.0,5.0,Urban,229,20
H01050,C053,ST02,I17,2026-05-19,2,Completed,1.0,5.0,Rural,64,20
H01359,C068,ST03,I14,2026-05-22,25,Completed,1.0,3.0,Urban,1038,20
H00662,C034,ST02,I16,2026-05-16,16,No eligible respondent after 3 visits,,,Rural,79,20
H00063,C004,ST01,I04,2026-05-11,11,Completed,2.0,1.0,Urban,291,20
H01761,C089,ST03,I17,2026-05-25,19,Completed,1.0,4.0,Urban,146,20
H00842,C043,ST02,I07,2026-05-18,5,Completed,1.0,1.0,Rural,128,20
H00342,C018,ST01,I18,2026-05-13,26,Completed,1.0,3.0,Rural,159,20
H01697,C085,ST03,I13,2026-05-25,20,Completed,1.0,1.0,Urban,121,20
H01338,C067,ST03,I13,2026-05-22,9,Completed,2.0,3.0,Rural,136,20
H00681,C035,ST02,I17,2026-05-16,22,Completed,3.0,3.0,Urban,80,20
H00568,C029,ST01,I11,2026-05-15,25,Completed,0.0,1.0,Rural,130,20
H01784,C090,ST03,I07,2026-05-25,4,Completed,2.0,5.0,Urban,220,20
H00769,C039,ST02,I03,2026-05-17,14,Completed,0.0,3.0,Rural,142,20
H00826,C042,ST02,I06,2026-05-17,26,Completed,0.0,3.0,Rural,123,20
H01277,C064,ST03,I10,2026-05-21,24,No eligible respondent after 3 visits,,,Rural,260,20
H00703,C036,ST02,I18,2026-05-16,18,Completed,2.0,1.0,Urban,262,20
H00060,C003,ST01,I03,2026-05-11,26,Completed,4.0,1.0,Urban,226,20
H00079,C004,ST01,I04,2026-05-11,28,Completed,1.0,4.0,Urban,291,20
H00393,C020,ST01,I02,2026-05-14,28,Completed,0.0,5.0,Urban,138,20
H01016,C051,ST02,I15,2026-05-19,17,Completed,3.0,1.0,Rural,272,20
H01582,C080,ST03,I08,2026-05-24,22,Completed,1.0,3.0,Rural,139,20
H01678,C084,ST03,I12,2026-05-24,12,Completed,2.0,5.0,Rural,678,20
H01449,C073,ST03,I01,2026-05-23,25,Completed,2.0,2.0,Rural,14,20
H01154,C058,ST02,I04,2026-05-20,31,Completed,1.0,3.0,Rural,380,20
H00469,C024,ST01,I06,2026-05-14,29,Completed,2.0,2.0,Urban,189,20
H00890,C045,ST02,I09,2026-05-18,24,Completed,1.0,4.0,Rural,336,20
H01722,C087,ST03,I15,2026-05-25,15,Refused,,,Urban,229,20
H01493,C075,ST03,I03,2026-05-23,29,Completed,1.0,5.0,Rural,153,20
H00169,C009,ST01,I09,2026-05-12,19,Completed,0.0,4.0,Rural,126,20
H00248,C013,ST01,I13,2026-05-13,20,Completed,1.0,4.0,Urban,196,20
H01162,C059,ST02,I05,2026-05-20,16,No eligible respondent after 3 visits,,,Rural,275,20
H00028,C002,ST01,I02,2026-05-11,27,Completed,1.0,1.0,Rural,287,20
H00737,C037,ST02,I01,2026-05-17,21,Completed,1.0,2.0,Urban,222,20
H00018,C001,ST01,I01,2026-05-11,7,Completed,1.0,1.0,Urban,318,20
H00497,C025,ST01,I07,2026-05-15,4,Completed,0.0,2.0,Rural,95,20
H01740,C087,ST03,I15,2026-05-25,22,Vacant dwelling,,,Urban,229,20
H00671,C034,ST02,I16,2026-05-16,16,Completed,2.0,2.0,Rural,79,20
H00647,C033,ST02,I15,2026-05-16,23,Completed,2.0,4.0,Rural,81,20
H00808,C041,ST02,I05,2026-05-17,27,Completed,0.0,2.0,Rural,292,20
H00983,C050,ST02,I14,2026-05-19,28,Completed,1.0,5.0,Rural,135,20
H00865,C044,ST02,I08,2026-05-18,11,No eligible respondent after 3 visits,,,Urban,131,20
H01000,C050,ST02,I14,2026-05-19,18,No eligible respondent after 3 visits,,,Rural,135,20
H01330,C067,ST03,I13,2026-05-22,26,Completed,3.0,4.0,Rural,136,20
H00748,C038,ST02,I02,2026-05-17,26,Completed,3.0,1.0,Rural,207,20
H00378,C019,ST01,I07,2026-05-14,2,Completed,1.0,2.0,Rural,78,20
H00507,C026,ST01,I08,2026-05-15,23,Completed,1.0,2.0,Rural,147,20
H00171,C009,ST01,I09,2026-05-12,30,Completed,0.0,2.0,Rural,126,20
H00082,C005,ST01,I05,2026-05-11,14,Completed,1.0,4.0,Rural,178,20
H01007,C051,ST02,I15,2026-05-19,20,Completed,2.0,5.0,Rural,272,20
H01658,C083,ST03,I11,2026-05-24,19,Completed,1.0,2.0,Urban,138,20
H01026,C052,ST02,I16,2026-05-19,18,No eligible respondent after 3 visits,,,Urban,623,20
H00014,C001,ST01,I01,2026-05-11,13,Completed,1.0,3.0,Urban,318,20
H00087,C005,ST01,I05,2026-05-11,14,Completed,1.0,1.0,Rural,178,20
H00228,C012,ST01,I12,2026-05-12,16,Completed,1.0,3.0,Urban,273,20
H00318,C016,ST01,I16,2026-05-13,28,Completed,2.0,2.0,Rural,193,20
H00092,C005,ST01,I05,2026-05-11,17,Completed,0.0,1.0,Rural,178,20
H00200,C010,ST01,I10,2026-05-12,27,Completed,3.0,3.0,Rural,441,20
H00374,C019,ST01,I07,2026-05-14,3,Completed,2.0,2.0,Rural,78,20
H01445,C073,ST03,I01,2026-05-23,27,Completed,3.0,4.0,Rural,14,20
H01603,C081,ST03,I09,2026-05-24,28,Completed,1.0,5.0,Urban,260,20
H00352,C018,ST01,I18,2026-05-13,18,Completed,2.0,3.0,Rural,159,20
H00625,C032,ST02,I14,2026-05-16,34,No eligible respondent after 3 visits,,,Rural,68,20
H00680,C034,ST02,I16,2026-05-16,17,Completed,1.0,2.0,Rural,79,20
H01393,C070,ST03,I16,2026-05-22,31,Completed,0.0,3.0,Urban,133,20
H00182,C010,ST01,I10,2026-05-12,20,Completed,0.0,3.0,Rural,441,20
H01509,C076,ST03,I04,2026-05-23,30,Completed,1.0,3.0,Urban,168,20
H00678,C034,ST02,I16,2026-05-16,30,Completed,1.0,1.0,Rural,79,20
H01226,C062,ST03,I08,2026-05-21,8,Refused,,,Urban,96,20
H00025,C002,ST01,I02,2026-05-11,6,Completed,0.0,5.0,Rural,287,20
H01378,C069,ST03,I15,2026-05-22,20,No eligible respondent after 3 visits,,,Rural,386,20
H00135,C007,ST01,I07,2026-05-12,4,Completed,3.0,4.0,Rural,152,20
H00451,C023,ST01,I05,2026-05-14,18,Completed,3.0,2.0,Rural,151,20
H00876,C044,ST02,I08,2026-05-18,15,No eligible respondent after 3 visits,,,Urban,131,20
H01178,C059,ST02,I05,2026-05-20,23,Completed,0.0,4.0,Rural,275,20
H01417,C071,ST03,I17,2026-05-22,20,Completed,2.0,5.0,Rural,239,20
H00859,C043,ST02,I07,2026-05-18,3,Completed,3.0,3.0,Rural,128,20
H01351,C068,ST03,I14,2026-05-22,20,Completed,3.0,3.0,Urban,1038,20
H01412,C071,ST03,I17,2026-05-22,27,Completed,0.0,3.0,Rural,239,20
H00411,C021,ST01,I07,2026-05-14,4,Completed,0.0,1.0,Rural,58,20
H01298,C065,ST03,I11,2026-05-21,19,Completed,1.0,1.0,Urban,521,20
H00404,C021,ST01,I07,2026-05-14,2,Completed,2.0,2.0,Rural,58,20
H00976,C049,ST02,I13,2026-05-19,23,Completed,0.0,3.0,Urban,615,20
H01712,C086,ST03,I14,2026-05-25,23,Completed,2.0,4.0,Rural,83,20
H01123,C057,ST02,I03,2026-05-20,27,Completed,0.0,4.0,Rural,96,20
H00587,C030,ST01,I12,2026-05-15,17,Completed,1.0,4.0,Rural,133,20
H00227,C012,ST01,I12,2026-05-12,22,Completed,1.0,5.0,Urban,273,20
H01034,C052,ST02,I16,2026-05-19,29,Completed,1.0,3.0,Urban,623,20
H01168,C059,ST02,I05,2026-05-20,16,Refused,,,Rural,275,20
H01453,C073,ST03,I01,2026-05-23,19,Completed,1.0,4.0,Rural,14,20
H01252,C063,ST03,I09,2026-05-21,23,Completed,1.0,3.0,Rural,220,20
H00864,C044,ST02,I08,2026-05-18,26,No eligible respondent after 3 visits,,,Urban,131,20
H00077,C004,ST01,I04,2026-05-11,25,Completed,1.0,1.0,Urban,291,20
H00913,C046,ST02,I10,2026-05-18,17,Completed,1.0,4.0,Rural,129,20
H00476,C024,ST01,I06,2026-05-14,10,Refused,,,Urban,189,20
H01013,C051,ST02,I15,2026-05-19,22,Completed,1.0,5.0,Rural,272,20
H01015,C051,ST02,I15,2026-05-19,17,Refused,,,Rural,272,20
H01768,C089,ST03,I17,2026-05-25,13,Completed,1.0,2.0,Urban,146,20
H00315,C016,ST01,I16,2026-05-13,25,No eligible respondent after 3 visits,,,Rural,193,20
H01397,C070,ST03,I16,2026-05-22,13,Completed,3.0,3.0,Urban,133,20
H01325,C067,ST03,I13,2026-05-22,19,Completed,0.0,2.0,Rural,136,20
H01611,C081,ST03,I09,2026-05-24,15,Completed,0.0,2.0,Urban,260,20
H01479,C074,ST03,I02,2026-05-23,21,Completed,2.0,1.0,Rural,86,20
H01228,C062,ST03,I08,2026-05-21,16,Completed,2.0,3.0,Urban,96,20
H00969,C049,ST02,I13,2026-05-19,22,Vacant dwelling,,,Urban,615,20
H00046,C003,ST01,I03,2026-05-11,16,Completed,1.0,2.0,Urban,226,20
H01309,C066,ST03,I12,2026-05-21,22,Vacant dwelling,,,Urban,211,20
H00907,C046,ST02,I10,2026-05-18,28,Completed,1.0,2.0,Rural,129,20
H00904,C046,ST02,I10,2026-05-18,25,Completed,3.0,5.0,Rural,129,20
H00299,C015,ST01,I15,2026-05-13,29,No eligible respondent after 3 visits,,,Rural,168,20
H01048,C053,ST02,I17,2026-05-19,23,Vacant dwelling,,,Rural,64,20
H00130,C007,ST01,I07,2026-05-12,3,Completed,3.0,4.0,Rural,152,20
H00597,C030,ST01,I12,2026-04-29,26,Completed,1.0,2.0,Rural,133,20
H00574,C029,ST01,I11,2026-05-15,21,Completed,0.0,3.0,Rural,130,20
H01674,C084,ST03,I12,2026-04-29,26,Completed,2.0,4.0,Rural,678,20
H01067,C054,ST02,I18,2026-05-19,23,Completed,1.0,1.0,Rural,88,20
H01049,C053,ST02,I17,2026-05-19,32,No eligible respondent after 3 visits,,,Rural,64,20
H01429,C072,ST03,I18,2026-05-22,13,Completed,4.0,3.0,Rural,98,20
H00102,C006,ST01,I06,2026-05-11,19,Completed,4.0,2.0,Rural,177,20
H00961,C049,ST02,I13,2026-05-19,18,Completed,1.0,3.0,Urban,615,20
H00757,C038,ST02,I02,2026-05-17,25,Completed,2.0,2.0,Rural,207,20
H00593,C030,ST01,I12,2026-05-15,35,Completed,3.0,3.0,Rural,133,20
H00682,C035,ST02,I17,2026-05-16,20,Completed,2.0,3.0,Urban,80,20
H01799,C090,ST03,I07,2026-05-25,4,Completed,0.0,5.0,Urban,220,20
H00984,C050,ST02,I14,2026-05-19,32,Completed,0.0,3.0,Rural,135,20
H00731,C037,ST02,I01,2026-05-17,24,Completed,3.0,3.0,Urban,222,20
H01557,C078,ST03,I06,2026-05-23,22,Completed,1.0,5.0,Urban,151,20
H00934,C047,ST02,I11,2026-05-18,22,No eligible respondent after 3 visits,,,Urban,230,20
H01416,C071,ST03,I17,2026-05-22,7,Completed,1.0,3.0,Rural,239,20
H01569,C079,ST03,I07,2026-05-24,2,Completed,0.0,1.0,Rural,161,20
H00719,C036,ST02,I18,2026-05-16,16,Completed,1.0,4.0,Urban,262,20
H00982,C050,ST02,I14,2026-05-19,9,Completed,1.0,3.0,Rural,135,20
H01668,C084,ST03,I12,2026-05-24,27,Completed,1.0,2.0,Rural,678,20
H01017,C051,ST02,I15,2026-05-19,27,Completed,3.0,3.0,Rural,272,20
H00848,C043,ST02,I07,2026-05-18,6,Completed,0.0,3.0,Rural,128,20
H01291,C065,ST03,I11,2026-05-21,17,No eligible respondent after 3 visits,,,Urban,521,20
H01737,C087,ST03,I15,2026-05-25,26,Completed,0.0,3.0,Urban,229,20
H00775,C039,ST02,I03,2026-05-17,35,Refused,,,Rural,142,20
H00417,C021,ST01,I07,2026-05-14,4,Completed,3.0,5.0,Rural,58,20
H01414,C071,ST03,I17,2026-05-22,15,Completed,2.0,1.0,Rural,239,20
H01543,C078,ST03,I06,2026-05-23,4,Completed,3.0,4.0,Urban,151,20
H01052,C053,ST02,I17,2026-05-19,22,Completed,2.0,2.0,Rural,64,20
H00811,C041,ST02,I05,2026-05-17,23,Completed,0.0,4.0,Rural,292,20
H01677,C084,ST03,I12,2026-05-24,25,Completed,1.0,5.0,Rural,678,20
H01506,C076,ST03,I04,2026-05-23,19,Completed,4.0,3.0,Urban,168,20
H00297,C015,ST01,I15,2026-05-13,25,Completed,3.0,5.0,Rural,168,20
H00471,C024,ST01,I06,2026-05-14,17,Completed,0.0,1.0,Urban,189,20
H01486,C075,ST03,I03,2026-05-23,20,Completed,0.0,2.0,Rural,153,20
H00336,C017,ST01,I17,2026-05-13,8,Completed,1.0,4.0,Rural,90,20
H01628,C082,ST03,I10,2026-05-24,17,No eligible respondent after 3 visits,,,Urban,111,20
H00862,C044,ST02,I08,2026-05-18,25,Completed,1.0,4.0,Urban,131,20
H00233,C012,ST01,I12,2026-05-12,19,Completed,2.0,2.0,Urban,273,20
H00994,C050,ST02,I14,2026-05-19,22,Completed,2.0,3.0,Rural,135,20
H00966,C049,ST02,I13,2026-05-19,15,Completed,1.0,3.0,Urban,615,20
H00363,C019,ST01,I07,2026-05-14,3,Completed,1.0,5.0,Rural,78,20
H00104,C006,ST01,I06,2026-05-11,28,Completed,2.0,2.0,Rural,177,20
H01292,C065,ST03,I11,2026-05-21,16,No eligible respondent after 3 visits,,,Urban,521,20
H00098,C005,ST01,I05,2026-05-11,15,Completed,2.0,2.0,Rural,178,20
H01248,C063,ST03,I09,2026-05-21,13,Completed,1.0,2.0,Rural,220,20
H01396,C070,ST03,I16,2026-05-22,17,Completed,3.0,1.0,Urban,133,20
H01752,C088,ST03,I16,2026-05-25,22,Completed,3.0,1.0,Rural,55,20
H01561,C079,ST03,I07,2026-05-24,5,Completed,1.0,4.0,Rural,161,20
H00978,C049,ST02,I13,2026-05-19,24,Vacant dwelling,,,Urban,615,20
H01279,C064,ST03,I10,2026-05-21,13,Completed,1.0,5.0,Rural,260,20
H01375,C069,ST03,I15,2026-05-22,13,Completed,2.0,2.0,Rural,386,20
H01005,C051,ST02,I15,2026-05-19,33,Completed,3.0,5.0,Rural,272,20
H00957,C048,ST02,I12,2026-05-18,23,Completed,1.0,4.0,Rural,229,20
H01096,C055,ST02,I01,2026-05-20,19,Completed,3.0,3.0,Rural,262,20
H00376,C019,ST01,I07,2026-05-14,3,Completed,1.0,3.0,Rural,78,20
H01781,C090,ST03,I07,2026-05-25,7,Completed,3.0,2.0,Urban,220,20
H00622,C032,ST02,I14,2026-05-16,18,Completed,0.0,1.0,Rural,68,20
H00283,C015,ST01,I15,2026-05-13,29,Completed,2.0,1.0,Rural,168,20
H01742,C088,ST03,I16,2026-05-25,15,No eligible respondent after 3 visits,,,Rural,55,20
H01241,C063,ST03,I09,2026-05-21,25,Completed,2.0,3.0,Rural,220,20
H01284,C065,ST03,I11,2026-05-21,17,Completed,2.0,5.0,Urban,521,20
H01459,C073,ST03,I01,2026-05-23,21,Completed,0.0,1.0,Rural,14,20
H00567,C029,ST01,I11,2026-05-15,18,Completed,1.0,3.0,Rural,130,20
H00936,C047,ST02,I11,2026-05-18,10,Completed,0.0,5.0,Urban,230,20
H00624,C032,ST02,I14,2026-05-16,23,Completed,2.0,3.0,Rural,68,20
H00770,C039,ST02,I03,2026-05-17,29,Completed,3.0,3.0,Rural,142,20
H01281,C065,ST03,I11,2026-05-21,10,No eligible respondent after 3 visits,,,Urban,521,20
H00572,C029,ST01,I11,2026-05-15,19,Completed,1.0,5.0,Rural,130,20
H01733,C087,ST03,I15,2026-05-25,19,No eligible respondent after 3 visits,,,Urban,229,20
H01653,C083,ST03,I11,2026-05-24,30,Completed,1.0,2.0,Urban,138,20
H00284,C015,ST01,I15,2026-05-13,9,Completed,3.0,1.0,Rural,168,20
H01586,C080,ST03,I08,2026-05-24,23,Completed,0.0,5.0,Rural,139,20
H01176,C059,ST02,I05,2026-05-20,17,Completed,1.0,1.0,Rural,275,20
H01021,C052,ST02,I16,2026-05-19,12,Completed,2.0,4.0,Urban,623,20
H00599,C030,ST01,I12,2026-04-29,27,No eligible respondent after 3 visits,,,Rural,133,20
H01669,C084,ST03,I12,2026-05-24,26,Completed,2.0,3.0,Rural,678,20
H00855,C043,ST02,I07,2026-05-18,3,Completed,2.0,5.0,Rural,128,20
H00351,C018,ST01,I18,2026-05-13,5,Completed,3.0,4.0,Rural,159,20
H01524,C077,ST03,I05,2026-05-23,31,Completed,2.0,3.0,Urban,334,20
H00080,C004,ST01,I04,2026-05-11,30,No eligible respondent after 3 visits,,,Urban,291,20
H01798,C090,ST03,I07,2026-05-25,4,Completed,0.0,1.0,Urban,220,20
H00809,C041,ST02,I05,2026-05-17,19,Completed,2.0,2.0,Rural,292,20
H00553,C028,ST01,I10,2026-05-15,22,Completed,1.0,1.0,Rural,119,20
H00157,C008,ST01,I08,2026-05-12,15,Completed,1.0,3.0,Rural,242,20
H00950,C048,ST02,I12,2026-05-18,30,Completed,2.0,3.0,Rural,229,20
H01254,C063,ST03,I09,2026-05-21,16,Completed,4.0,4.0,Rural,220,20
H00943,C048,ST02,I12,2026-05-18,17,Completed,1.0,3.0,Rural,229,20
H01709,C086,ST03,I14,2026-05-25,26,Completed,1.0,3.0,Rural,83,20
H00960,C048,ST02,I12,2026-04-29,21,Completed,1.0,1.0,Rural,229,20
H01631,C082,ST03,I10,2026-05-24,23,Completed,1.0,4.0,Urban,111,20
H01604,C081,ST03,I09,2026-05-24,25,Completed,1.0,3.0,Urban,260,20
H01079,C054,ST02,I18,2026-05-19,31,Completed,0.0,4.0,Rural,88,20
H00912,C046,ST02,I10,2026-05-18,25,Completed,1.0,2.0,Rural,129,20
H01607,C081,ST03,I09,2026-05-24,26,Completed,1.0,3.0,Urban,260,20
H00002,C001,ST01,I01,2026-05-11,21,Completed,0.0,3.0,Urban,318,20
H00562,C029,ST01,I11,2026-05-15,14,Completed,2.0,1.0,Rural,130,20
H00049,C003,ST01,I03,2026-05-11,26,Completed,3.0,3.0,Urban,226,20
H01066,C054,ST02,I18,2026-05-19,21,Completed,1.0,1.0,Rural,88,20
H00939,C047,ST02,I11,2026-05-18,18,Completed,1.0,5.0,Urban,230,20
H00357,C018,ST01,I18,2026-05-13,23,Completed,0.0,5.0,Rural,159,20
H00435,C022,ST01,I04,2026-05-14,21,Completed,0.0,1.0,Urban,197,20
H01558,C078,ST03,I06,2026-05-23,29,Completed,0.0,4.0,Urban,151,20
H00007,C001,ST01,I01,2026-05-11,23,Completed,4.0,2.0,Urban,318,20
H01327,C067,ST03,I13,2026-05-22,26,Completed,2.0,4.0,Rural,136,20
H01251,C063,ST03,I09,2026-05-21,23,Completed,3.0,5.0,Rural,220,20
H00792,C040,ST02,I04,2026-05-17,20,Completed,3.0,2.0,Urban,181,20
H00457,C023,ST01,I05,2026-05-14,18,Completed,1.0,3.0,Rural,151,20
H01348,C068,ST03,I14,2026-05-22,21,Refused,,,Urban,1038,20
H00782,C040,ST02,I04,2026-05-17,34,Completed,4.0,5.0,Urban,181,20
H00439,C022,ST01,I04,2026-05-14,8,Completed,0.0,2.0,Urban,197,20
H00139,C007,ST01,I07,2026-05-12,5,Completed,1.0,3.0,Rural,152,20
H00596,C030,ST01,I12,2026-05-15,20,Refused,,,Rural,133,20
H01172,C059,ST02,I05,2026-05-20,20,Completed,0.0,3.0,Rural,275,20
H00433,C022,ST01,I04,2026-05-14,17,Completed,2.0,3.0,Urban,197,20
H00388,C020,ST01,I02,2026-05-14,20,Completed,2.0,4.0,Urban,138,20
H00590,C030,ST01,I12,2026-05-15,29,Completed,1.0,1.0,Rural,133,20
H00244,C013,ST01,I13,2026-05-13,20,Completed,0.0,4.0,Urban,196,20
H01035,C052,ST02,I16,2026-05-19,16,Completed,0.0,1.0,Urban,623,20
H00220,C011,ST01,I11,2026-05-12,15,Completed,1.0,2.0,Urban,127,20
H00478,C024,ST01,I06,2026-05-14,15,Completed,0.0,4.0,Urban,189,20
H01076,C054,ST02,I18,2026-05-19,16,Completed,2.0,1.0,Rural,88,20
H01651,C083,ST03,I11,2026-05-24,35,Completed,0.0,3.0,Urban,138,20
H00608,C031,ST02,I13,2026-05-16,35,No eligible respondent after 3 visits,,,Rural,160,20
H01263,C064,ST03,I10,2026-05-21,17,No eligible respondent after 3 visits,,,Rural,260,20
H00312,C016,ST01,I16,2026-05-13,18,Completed,0.0,2.0,Rural,193,20
H00537,C027,ST01,I09,2026-05-15,25,Completed,1.0,4.0,Urban,262,20
H01120,C056,ST02,I02,2026-05-20,17,Completed,2.0,2.0,Urban,46,20
H01039,C052,ST02,I16,2026-05-19,21,Completed,0.0,5.0,Urban,623,20
H01398,C070,ST03,I16,2026-05-22,22,Refused,,,Urban,133,20
H00494,C025,ST01,I07,2026-05-15,2,Completed,3.0,4.0,Rural,95,20
H01273,C064,ST03,I10,2026-05-21,20,Completed,4.0,5.0,Rural,260,20
H00677,C034,ST02,I16,2026-05-16,23,Completed,1.0,3.0,Rural,79,20
H00440,C022,ST01,I04,2026-05-14,14,Completed,0.0,3.0,Urban,197,20
H01619,C081,ST03,I09,2026-05-24,13,Completed,0.0,2.0,Urban,260,20
H00620,C031,ST02,I13,2026-05-16,16,Completed,3.0,2.0,Rural,160,20
H01547,C078,ST03,I06,2026-05-23,30,Completed,1.0,5.0,Urban,151,20
H00022,C002,ST01,I02,2026-05-11,23,Vacant dwelling,,,Rural,287,20
H01245,C063,ST03,I09,2026-05-21,26,Completed,2.0,5.0,Rural,220,20
H01010,C051,ST02,I15,2026-05-19,24,Completed,1.0,2.0,Rural,272,20
H00331,C017,ST01,I17,2026-05-13,30,Refused,,,Rural,90,20
H01436,C072,ST03,I18,2026-05-22,20,Completed,2.0,1.0,Rural,98,20
H01597,C080,ST03,I08,2026-05-24,27,No eligible respondent after 3 visits,,,Rural,139,20
H01703,C086,ST03,I14,2026-05-25,21,Completed,2.0,3.0,Rural,83,20
H00321,C017,ST01,I17,2026-05-13,10,Completed,2.0,5.0,Rural,90,20
H00704,C036,ST02,I18,2026-05-16,26,No eligible respondent after 3 visits,,,Urban,262,20
H00214,C011,ST01,I11,2026-05-12,20,Completed,1.0,2.0,Urban,127,20
H00631,C032,ST02,I14,2026-05-16,26,Completed,0.0,4.0,Rural,68,20
H01518,C076,ST03,I04,2026-05-23,16,Completed,1.0,5.0,Urban,168,20
H00928,C047,ST02,I11,2026-05-18,17,Completed,2.0,2.0,Urban,230,20
H00340,C017,ST01,I17,2026-05-13,37,No eligible respondent after 3 visits,,,Rural,90,20
H01322,C067,ST03,I13,2026-05-22,32,Completed,2.0,5.0,Rural,136,20
H01713,C086,ST03,I14,2026-05-25,19,Completed,2.0,3.0,Rural,83,20
H00486,C025,ST01,I07,2026-05-15,3,Completed,0.0,5.0,Rural,95,20
H00344,C018,ST01,I18,2026-05-13,17,Completed,1.0,1.0,Rural,159,20
H01320,C066,ST03,I12,2026-05-21,12,Completed,3.0,2.0,Urban,211,20
H00414,C021,ST01,I07,2026-05-14,4,Completed,1.0,4.0,Rural,58,20
H00138,C007,ST01,I07,2026-05-12,3,Completed,1.0,1.0,Rural,152,20
H01124,C057,ST02,I03,2026-05-20,20,Completed,1.0,3.0,Rural,96,20
H00867,C044,ST02,I08,2026-05-18,21,Completed,0.0,5.0,Urban,131,20
H00947,C048,ST02,I12,2026-04-29,24,Completed,1.0,5.0,Rural,229,20
H00151,C008,ST01,I08,2026-05-12,29,Completed,1.0,4.0,Rural,242,20
H00337,C017,ST01,I17,2026-05-13,19,Completed,2.0,3.0,Rural,90,20
H01520,C076,ST03,I04,2026-05-23,14,Refused,,,Urban,168,20
H01655,C083,ST03,I11,2026-05-24,8,Completed,1.0,5.0,Urban,138,20
H00296,C015,ST01,I15,2026-05-13,28,Completed,1.0,2.0,Rural,168,20
H00629,C032,ST02,I14,2026-05-16,14,Completed,0.0,2.0,Rural,68,20
H00068,C004,ST01,I04,2026-05-11,23,Completed,2.0,4.0,Urban,291,20
H00585,C030,ST01,I12,2026-05-15,15,No eligible respondent after 3 visits,,,Rural,133,20
H01584,C080,ST03,I08,2026-05-24,21,Completed,2.0,1.0,Rural,139,20
H01474,C074,ST03,I02,2026-05-23,18,Completed,1.0,1.0,Rural,86,20
H00386,C020,ST01,I02,2026-05-14,24,Completed,0.0,2.0,Urban,138,20
H01717,C086,ST03,I14,2026-05-25,28,Completed,0.0,3.0,Rural,83,20
H00066,C004,ST01,I04,2026-05-11,17,Completed,2.0,2.0,Urban,291,20
H00686,C035,ST02,I17,2026-05-16,20,No eligible respondent after 3 visits,,,Urban,80,20
H01318,C066,ST03,I12,2026-05-21,29,Completed,0.0,4.0,Urban,211,20
H00761,C039,ST02,I03,2026-05-17,23,Completed,1.0,1.0,Rural,142,20
H00540,C027,ST01,I09,2026-05-15,26,No eligible respondent after 3 visits,,,Urban,262,20
H01266,C064,ST03,I10,2026-05-21,22,Completed,2.0,1.0,Rural,260,20
H00501,C026,ST01,I08,2026-05-15,20,Completed,1.0,4.0,Rural,147,20
H01042,C053,ST02,I17,2026-05-19,23,Completed,1.0,3.0,Rural,64,20
H01792,C090,ST03,I07,2026-05-25,4,Completed,3.0,2.0,Urban,220,20
H00072,C004,ST01,I04,2026-05-11,15,No eligible respondent after 3 visits,,,Urban,291,20
H00801,C041,ST02,I05,2026-05-17,21,Completed,3.0,3.0,Rural,292,20
H01716,C086,ST03,I14,2026-05-25,16,Completed,2.0,2.0,Rural,83,20
H00449,C023,ST01,I05,2026-05-14,22,Completed,2.0,5.0,Rural,151,20
H00698,C035,ST02,I17,2026-05-16,24,Completed,3.0,1.0,Urban,80,20
H00956,C048,ST02,I12,2026-05-18,30,Completed,0.0,4.0,Rural,229,20
H00845,C043,ST02,I07,2026-05-18,2,Completed,1.0,5.0,Rural,128,20
H00841,C043,ST02,I07,2026-05-18,4,Completed,2.0,4.0,Rural,128,20
H00041,C003,ST01,I03,2026-05-11,11,Completed,3.0,3.0,Urban,226,20
H00198,C010,ST01,I10,2026-05-12,9,Completed,1.0,2.0,Rural,441,20
H00143,C008,ST01,I08,2026-05-12,16,Completed,2.0,2.0,Rural,242,20
H00441,C023,ST01,I05,2026-05-14,8,Completed,1.0,2.0,Rural,151,20
H01765,C089,ST03,I17,2026-05-25,24,No eligible respondent after 3 visits,,,Urban,146,20
H01723,C087,ST03,I15,2026-05-25,8,Completed,2.0,2.0,Urban,229,20
H01564,C079,ST03,I07,2026-05-24,3,Completed,0.0,2.0,Rural,161,20
H00616,C031,ST02,I13,2026-05-16,19,Completed,3.0,2.0,Rural,160,20
H00735,C037,ST02,I01,2026-05-17,26,Completed,4.0,3.0,Urban,222,20
H01671,C084,ST03,I12,2026-04-29,20,Completed,2.0,1.0,Rural,678,20
H00026,C002,ST01,I02,2026-05-11,19,No eligible respondent after 3 visits,,,Rural,287,20
H00893,C045,ST02,I09,2026-05-18,29,Completed,1.0,3.0,Rural,336,20
H00350,C018,ST01,I18,2026-05-13,22,Completed,2.0,4.0,Rural,159,20
H01588,C080,ST03,I08,2026-05-24,21,Completed,1.0,3.0,Rural,139,20
H00016,C001,ST01,I01,2026-05-11,22,Completed,2.0,2.0,Urban,318,20
H00509,C026,ST01,I08,2026-05-15,29,Completed,2.0,5.0,Rural,147,20
H01635,C082,ST03,I10,2026-05-24,19,No eligible respondent after 3 visits,,,Urban,111,20
H00655,C033,ST02,I15,2026-05-16,19,Completed,1.0,2.0,Rural,81,20
H00109,C006,ST01,I06,2026-05-11,13,Completed,1.0,4.0,Rural,177,20
H00218,C011,ST01,I11,2026-05-12,23,Completed,3.0,3.0,Urban,127,20
H01688,C085,ST03,I13,2026-05-25,11,No eligible respondent after 3 visits,,,Urban,121,20
H00672,C034,ST02,I16,2026-05-16,33,Completed,2.0,3.0,Rural,79,20
H00785,C040,ST02,I04,2026-05-17,17,Completed,2.0,5.0,Urban,181,20
H01084,C055,ST02,I01,2026-05-20,24,Completed,2.0,4.0,Rural,262,20
H01255,C063,ST03,I09,2026-05-21,32,Completed,3.0,4.0,Rural,220,20
H01253,C063,ST03,I09,2026-05-21,29,Completed,2.0,3.0,Rural,220,20
H00475,C024,ST01,I06,2026-05-14,21,Completed,0.0,2.0,Urban,189,20
H00224,C012,ST01,I12,2026-05-12,18,Completed,0.0,5.0,Urban,273,20
H01632,C082,ST03,I10,2026-05-24,6,No eligible respondent after 3 visits,,,Urban,111,20
H00008,C001,ST01,I01,2026-05-11,22,No eligible respondent after 3 visits,,,Urban,318,20
H00288,C015,ST01,I15,2026-05-13,20,Completed,2.0,5.0,Rural,168,20
H01384,C070,ST03,I16,2026-05-22,16,Refused,,,Urban,133,20
H00286,C015,ST01,I15,2026-05-13,19,Completed,0.0,3.0,Rural,168,20
H00152,C008,ST01,I08,2026-05-12,11,Completed,3.0,4.0,Rural,242,20
H00523,C027,ST01,I09,2026-05-15,22,No eligible respondent after 3 visits,,,Urban,262,20
H01032,C052,ST02,I16,2026-05-19,19,Completed,0.0,4.0,Urban,623,20
H00693,C035,ST02,I17,2026-05-16,20,Completed,1.0,4.0,Urban,80,20
H00155,C008,ST01,I08,2026-05-12,21,Completed,1.0,1.0,Rural,242,20
H00689,C035,ST02,I17,2026-05-16,19,Completed,0.0,5.0,Urban,80,20
H00993,C050,ST02,I14,2026-05-19,21,Completed,0.0,4.0,Rural,135,20
H01791,C090,ST03,I07,2026-05-25,4,Completed,1.0,4.0,Urban,220,20
H01104,C056,ST02,I02,2026-05-20,17,Completed,2.0,1.0,Urban,46,20
H00730,C037,ST02,I01,2026-05-17,18,Completed,1.0,4.0,Urban,222,20
H00712,C036,ST02,I18,2026-05-16,27,Completed,1.0,1.0,Urban,262,20
H00252,C013,ST01,I13,2026-05-13,21,Completed,0.0,5.0,Urban,196,20
H01068,C054,ST02,I18,2026-05-19,24,Completed,2.0,5.0,Rural,88,20
H00484,C025,ST01,I07,2026-05-15,7,Completed,0.0,5.0,Rural,95,20
H00699,C035,ST02,I17,2026-05-16,24,Completed,1.0,5.0,Urban,80,20
H00147,C008,ST01,I08,2026-05-12,18,Completed,2.0,1.0,Rural,242,20
H00269,C014,ST01,I07,2026-05-13,4,Completed,2.0,5.0,Urban,119,20
H01062,C054,ST02,I18,2026-05-19,3,Completed,0.0,2.0,Rural,88,20
H01072,C054,ST02,I18,2026-05-19,26,Completed,1.0,3.0,Rural,88,20
H01612,C081,ST03,I09,2026-05-24,28,No eligible respondent after 3 visits,,,Urban,260,20
H01693,C085,ST03,I13,2026-05-25,15,Completed,1.0,2.0,Urban,121,20
H01094,C055,ST02,I01,2026-05-20,23,Completed,4.0,2.0,Rural,262,20
H00222,C012,ST01,I12,2026-05-12,17,Completed,0.0,2.0,Urban,273,20
H00508,C026,ST01,I08,2026-05-15,31,Completed,2.0,3.0,Rural,147,20
H00304,C016,ST01,I16,2026-05-13,15,Completed,3.0,1.0,Rural,193,20
H01423,C072,ST03,I18,2026-05-22,20,Completed,3.0,4.0,Rural,98,20
H00995,C050,ST02,I14,2026-05-19,29,Completed,2.0,3.0,Rural,135,20
H01117,C056,ST02,I02,2026-05-20,24,No eligible respondent after 3 visits,,,Urban,46,20
H01165,C059,ST02,I05,2026-05-20,28,Completed,1.0,2.0,Rural,275,20
H00051,C003,ST01,I03,2026-05-11,15,Vacant dwelling,,,Urban,226,20
H01163,C059,ST02,I05,2026-05-20,24,Completed,3.0,1.0,Rural,275,20
H00453,C023,ST01,I05,2026-05-14,17,Completed,3.0,5.0,Rural,151,20
H00236,C012,ST01,I12,2026-05-12,14,Refused,,,Urban,273,20
H01554,C078,ST03,I06,2026-05-23,26,Completed,2.0,1.0,Urban,151,20
H00819,C041,ST02,I05,2026-05-17,14,Completed,1.0,2.0,Rural,292,20
H00231,C012,ST01,I12,2026-05-12,30,No eligible respondent after 3 visits,,,Urban,273,20
H01331,C067,ST03,I13,2026-05-22,17,Completed,2.0,1.0,Rural,136,20
H01504,C076,ST03,I04,2026-05-23,30,Refused,,,Urban,168,20
H01720,C086,ST03,I14,2026-05-25,16,Completed,2.0,3.0,Rural,83,20
H01535,C077,ST03,I05,2026-05-23,26,Completed,2.0,3.0,Urban,334,20
H00479,C024,ST01,I06,2026-05-14,26,Completed,1.0,4.0,Urban,189,20
H00032,C002,ST01,I02,2026-05-11,28,Completed,1.0,3.0,Rural,287,20
H01220,C061,ST03,I07,2026-05-21,2,Completed,1.0,2.0,Urban,432,20
H00884,C045,ST02,I09,2026-05-18,28,Completed,1.0,4.0,Rural,336,20
H00281,C015,ST01,I15,2026-05-13,28,Completed,3.0,2.0,Rural,168,20
H01489,C075,ST03,I03,2026-05-23,27,Completed,1.0,5.0,Rural,153,20
H01365,C069,ST03,I15,2026-05-22,32,Completed,1.0,4.0,Rural,386,20
H01454,C073,ST03,I01,2026-05-23,24,Completed,1.0,5.0,Rural,14,20
H00899,C045,ST02,I09,2026-05-18,13,Completed,1.0,1.0,Rural,336,20
H00488,C025,ST01,I07,2026-05-15,2,Completed,2.0,5.0,Rural,95,20
H00013,C001,ST01,I01,2026-05-11,22,Completed,1.0,2.0,Urban,318,20
H00137,C007,ST01,I07,2026-05-12,5,Completed,4.0,4.0,Rural,152,20
H00268,C014,ST01,I07,2026-05-13,5,Completed,1.0,5.0,Urban,119,20
H01342,C068,ST03,I14,2026-05-22,21,Vacant dwelling,,,Urban,1038,20
H01299,C065,ST03,I11,2026-05-21,22,Vacant dwelling,,,Urban,521,20
H00128,C007,ST01,I07,2026-05-12,2,Completed,3.0,1.0,Rural,152,20
H01686,C085,ST03,I13,2026-05-25,13,No eligible respondent after 3 visits,,,Urban,121,20
H01456,C073,ST03,I01,2026-05-23,18,Completed,1.0,4.0,Rural,14,20
H01201,C061,ST03,I07,2026-05-21,5,Completed,0.0,4.0,Urban,432,20
H00700,C035,ST02,I17,2026-05-16,16,Completed,2.0,5.0,Urban,80,20
H01442,C073,ST03,I01,2026-05-23,20,Vacant dwelling,,,Rural,14,20
H00114,C006,ST01,I06,2026-05-11,7,Completed,1.0,5.0,Rural,177,20
H01224,C062,ST03,I08,2026-05-21,17,Completed,2.0,3.0,Urban,96,20
H00329,C017,ST01,I17,2026-05-13,28,Completed,3.0,2.0,Rural,90,20
H01345,C068,ST03,I14,2026-05-22,14,Refused,,,Urban,1038,20
H00316,C016,ST01,I16,2026-05-13,22,Completed,1.0,2.0,Rural,193,20
H01278,C064,ST03,I10,2026-05-21,25,Completed,1.0,5.0,Rural,260,20
H01514,C076,ST03,I04,2026-05-23,10,Completed,0.0,2.0,Urban,168,20
H00477,C024,ST01,I06,2026-05-14,17,Completed,3.0,3.0,Urban,189,20
H00979,C049,ST02,I13,2026-05-19,15,Completed,0.0,5.0,Urban,615,20
H01249,C063,ST03,I09,2026-05-21,21,Completed,0.0,1.0,Rural,220,20
H01126,C057,ST02,I03,2026-05-20,23,Completed,2.0,5.0,Rural,96,20
H01729,C087,ST03,I15,2026-05-25,16,Completed,1.0,5.0,Urban,229,20
H01672,C084,ST03,I12,2026-05-24,35,Completed,1.0,1.0,Rural,678,20
H00733,C037,ST02,I01,2026-05-17,26,Refused,,,Urban,222,20
H01466,C074,ST03,I02,2026-05-23,18,Completed,1.0,3.0,Rural,86,20
H01542,C078,ST03,I06,2026-05-23,34,Refused,,,Urban,151,20
H00750,C038,ST02,I02,2026-05-17,21,Completed,2.0,2.0,Rural,207,20
H01111,C056,ST02,I02,2026-05-20,20,Completed,0.0,1.0,Urban,46,20
H00225,C012,ST01,I12,2026-05-12,26,No eligible respondent after 3 visits,,,Urban,273,20
H00832,C042,ST02,I06,2026-05-17,29,Completed,1.0,2.0,Rural,123,20
H01040,C052,ST02,I16,2026-05-19,16,Refused,,,Urban,623,20
H00767,C039,ST02,I03,2026-05-17,21,No eligible respondent after 3 visits,,,Rural,142,20
H00219,C011,ST01,I11,2026-05-12,20,Completed,1.0,2.0,Urban,127,20
H00194,C010,ST01,I10,2026-05-12,29,Completed,0.0,4.0,Rural,441,20
H00965,C049,ST02,I13,2026-05-19,25,Completed,1.0,3.0,Urban,615,20
H00656,C033,ST02,I15,2026-05-16,16,Completed,4.0,5.0,Rural,81,20
H00677,C034,ST02,I16,2026-05-16,23,Completed,1.0,3.0,Rural,79,20
H00377,C019,ST01,I07,2026-05-14,4,Completed,1.0,3.0,Rural,78,20
H00366,C019,ST01,I07,2026-05-14,4,Completed,1.0,1.0,Rural,78,20
H00289,C015,ST01,I15,2026-05-13,17,Completed,3.0,2.0,Rural,168,20
H01196,C060,ST02,I06,2026-05-20,31,Completed,0.0,2.0,Urban,183,20
H00652,C033,ST02,I15,2026-05-16,20,Completed,3.0,5.0,Rural,81,20
H00247,C013,ST01,I13,2026-05-13,12,Completed,1.0,1.0,Urban,196,20
H01443,C073,ST03,I01,2026-05-23,21,Completed,1.0,2.0,Rural,14,20
H01030,C052,ST02,I16,2026-05-19,14,Completed,1.0,3.0,Urban,623,20
H01406,C071,ST03,I17,2026-05-22,27,Completed,2.0,1.0,Rural,239,20
H00156,C008,ST01,I08,2026-05-12,26,Completed,0.0,1.0,Rural,242,20
H00734,C037,ST02,I01,2026-05-17,24,Completed,1.0,4.0,Urban,222,20
H00458,C023,ST01,I05,2026-05-14,12,Completed,3.0,4.0,Rural,151,20
H00217,C011,ST01,I11,2026-05-12,24,Completed,1.0,4.0,Urban,127,20
H01275,C064,ST03,I10,2026-05-21,14,No eligible respondent after 3 visits,,,Rural,260,20
H00869,C044,ST02,I08,2026-05-18,37,No eligible respondent after 3 visits,,,Urban,131,20
H00791,C040,ST02,I04,2026-05-17,16,Completed,2.0,3.0,Urban,181,20
H00405,C021,ST01,I07,2026-05-14,4,Completed,1.0,4.0,Rural,58,20
H01307,C066,ST03,I12,2026-05-21,15,No eligible respondent after 3 visits,,,Urban,211,20
H00514,C026,ST01,I08,2026-05-15,16,Completed,1.0,5.0,Rural,147,20
H00190,C010,ST01,I10,2026-05-12,17,Completed,1.0,1.0,Rural,441,20
H00442,C023,ST01,I05,2026-05-14,22,Completed,3.0,2.0,Rural,151,20
H01356,C068,ST03,I14,2026-05-22,20,Vacant dwelling,,,Urban,1038,20
H01027,C052,ST02,I16,2026-05-19,15,Completed,1.0,2.0,Urban,623,20
H01538,C077,ST03,I05,2026-05-23,16,Completed,1.0,5.0,Urban,334,20
H00736,C037,ST02,I01,2026-05-17,25,Completed,1.0,3.0,Urban,222,20
H00657,C033,ST02,I15,2026-05-16,15,Completed,4.0,3.0,Rural,81,20
H01058,C053,ST02,I17,2026-05-19,7,Completed,0.0,3.0,Rural,64,20
H01136,C057,ST02,I03,2026-05-20,27,Completed,1.0,1.0,Rural,96,20
H00323,C017,ST01,I17,2026-05-13,17,Completed,1.0,2.0,Rural,90,20
H01521,C077,ST03,I05,2026-05-23,25,Completed,3.0,1.0,Urban,334,20
H01690,C085,ST03,I13,2026-05-25,32,Completed,2.0,4.0,Urban,121,20
H01088,C055,ST02,I01,2026-05-20,21,Completed,1.0,4.0,Rural,262,20
H01707,C086,ST03,I14,2026-05-25,33,No eligible respondent after 3 visits,,,Rural,83,20
H01024,C052,ST02,I16,2026-05-19,27,Completed,1.0,3.0,Urban,623,20
H00043,C003,ST01,I03,2026-05-11,26,Completed,4.0,4.0,Urban,226,20
H01153,C058,ST02,I04,2026-05-20,28,Completed,1.0,5.0,Rural,380,20
H01197,C060,ST02,I06,2026-05-20,18,Completed,2.0,4.0,Urban,183,20
H01046,C053,ST02,I17,2026-05-19,19,Completed,2.0,2.0,Rural,64,20
H01724,C087,ST03,I15,2026-05-25,13,Completed,0.0,5.0,Urban,229,20
H00506,C026,ST01,I08,2026-05-15,16,Completed,3.0,3.0,Rural,147,20
H01633,C082,ST03,I10,2026-05-24,25,No eligible respondent after 3 visits,,,Urban,111,20
H00372,C019,ST01,I07,2026-05-14,2,Completed,2.0,2.0,Rural,78,20
H01174,C059,ST02,I05,2026-05-20,25,Completed,1.0,5.0,Rural,275,20
H00915,C046,ST02,I10,2026-05-18,20,Completed,0.0,5.0,Rural,129,20
H01528,C077,ST03,I05,2026-05-23,32,No eligible respondent after 3 visits,,,Urban,334,20
H00802,C041,ST02,I05,2026-05-17,25,Completed,0.0,3.0,Rural,292,20
H01457,C073,ST03,I01,2026-05-23,18,Completed,1.0,4.0,Rural,14,20
H01031,C052,ST02,I16,2026-05-19,17,Completed,0.0,2.0,Urban,623,20
H01519,C076,ST03,I04,2026-05-23,11,Completed,2.0,1.0,Urban,168,20
H00189,C010,ST01,I10,2026-05-12,25,No eligible respondent after 3 visits,,,Rural,441,20
H01788,C090,ST03,I07,2026-05-25,5,Completed,3.0,2.0,Urban,220,20
H00085,C005,ST01,I05,2026-05-11,28,Completed,1.0,5.0,Rural,178,20
H01354,C068,ST03,I14,2026-05-22,28,Refused,,,Urban,1038,20
H00345,C018,ST01,I18,2026-05-13,11,Completed,2.0,4.0,Rural,159,20
H00804,C041,ST02,I05,2026-05-17,11,Refused,,,Rural,292,20
H01127,C057,ST02,I03,2026-05-20,13,Completed,2.0,5.0,Rural,96,20
H00658,C033,ST02,I15,2026-05-16,24,Completed,2.0,3.0,Rural,81,20
H00639,C032,ST02,I14,2026-05-16,11,No eligible respondent after 3 visits,,,Rural,68,20
H00356,C018,ST01,I18,2026-05-13,18,Completed,3.0,2.0,Rural,159,20
H00465,C024,ST01,I06,2026-05-14,5,No eligible respondent after 3 visits,,,Urban,189,20
H01380,C069,ST03,I15,2026-05-22,21,Completed,3.0,1.0,Rural,386,20
H00116,C006,ST01,I06,2026-05-11,12,Completed,2.0,5.0,Rural,177,20
H00037,C002,ST01,I02,2026-05-11,18,Refused,,,Rural,287,20
H00602,C031,ST02,I13,2026-05-16,29,Completed,4.0,4.0,Rural,160,20
H01215,C061,ST03,I07,2026-05-21,4,Completed,2.0,4.0,Urban,432,20
H01624,C082,ST03,I10,2026-05-24,20,Completed,2.0,4.0,Urban,111,20
H00822,C042,ST02,I06,2026-05-17,31,Completed,3.0,5.0,Rural,123,20
H00069,C004,ST01,I04,2026-05-11,15,Completed,3.0,2.0,Urban,291,20
H01310,C066,ST03,I12,2026-05-21,33,Vacant dwelling,,,Urban,211,20
H01353,C068,ST03,I14,2026-05-22,28,No eligible respondent after 3 visits,,,Urban,1038,20
H01166,C059,ST02,I05,2026-05-20,27,Completed,1.0,5.0,Rural,275,20
H00916,C046,ST02,I10,2026-05-18,20,Completed,1.0,1.0,Rural,129,20
H01262,C064,ST03,I10,2026-05-21,19,Completed,1.0,1.0,Rural,260,20
H00131,C007,ST01,I07,2026-05-12,6,Completed,1.0,4.0,Rural,152,20
H01106,C056,ST02,I02,2026-05-20,19,Completed,4.0,2.0,Urban,46,20
H00009,C001,ST01,I01,2026-05-11,23,No eligible respondent after 3 visits,,,Urban,318,20
H01235,C062,ST03,I08,2026-05-21,17,Completed,4.0,5.0,Urban,96,20
H00981,C050,ST02,I14,2026-05-19,20,Completed,0.0,5.0,Rural,135,20
H01143,C058,ST02,I04,2026-05-20,22,Completed,1.0,4.0,Rural,380,20
H01787,C090,ST03,I07,2026-05-25,4,Completed,4.0,5.0,Urban,220,20
H01164,C059,ST02,I05,2026-05-20,22,Completed,1.0,1.0,Rural,275,20
H00673,C034,ST02,I16,2026-05-16,20,Completed,1.0,2.0,Rural,79,20
H01038,C052,ST02,I16,2026-05-19,21,No eligible respondent after 3 visits,,,Urban,623,20
H00641,C033,ST02,I15,2026-05-16,23,Completed,2.0,1.0,Rural,81,20
H00788,C040,ST02,I04,2026-05-17,25,No eligible respondent after 3 visits,,,Urban,181,20
H01731,C087,ST03,I15,2026-05-25,5,Completed,0.0,1.0,Urban,229,20
H01225,C062,ST03,I08,2026-05-21,6,Completed,1.0,1.0,Urban,96,20
H00428,C022,ST01,I04,2026-05-14,21,No eligible respondent after 3 visits,,,Urban,197,20
H01053,C053,ST02,I17,2026-05-19,20,Completed,1.0,4.0,Rural,64,20
H00561,C029,ST01,I11,2026-05-15,20,Completed,1.0,2.0,Rural,130,20
H00925,C047,ST02,I11,2026-05-18,8,No eligible respondent after 3 visits,,,Urban,230,20
H00510,C026,ST01,I08,2026-05-15,27,Completed,1.0,3.0,Rural,147,20
H00265,C014,ST01,I07,2026-05-13,3,Completed,2.0,4.0,Urban,119,20
H01664,C084,ST03,I12,2026-05-24,12,Completed,3.0,2.0,Rural,678,20
H01206,C061,ST03,I07,2026-05-21,3,Completed,3.0,2.0,Urban,432,20
H01654,C083,ST03,I11,2026-05-24,2,Vacant dwelling,,,Urban,138,20
H00799,C040,ST02,I04,2026-05-17,26,Completed,2.0,4.0,Urban,181,20
H00973,C049,ST02,I13,2026-05-19,19,Completed,0.0,5.0,Urban,615,20
H01715,C086,ST03,I14,2026-05-25,11,Completed,1.0,5.0,Rural,83,20
H00985,C050,ST02,I14,2026-05-19,13,Completed,1.0,2.0,Rural,135,20
H01116,C056,ST02,I02,2026-05-20,16,Completed,1.0,3.0,Urban,46,20
H00536,C027,ST01,I09,2026-05-15,24,Completed,3.0,5.0,Urban,262,20
H01786,C090,ST03,I07,2026-05-25,4,Completed,2.0,5.0,Urban,220,20
H00997,C050,ST02,I14,2026-05-19,19,Completed,2.0,2.0,Rural,135,20
H01704,C086,ST03,I14,2026-05-25,39,Completed,1.0,3.0,Rural,83,20
H01282,C065,ST03,I11,2026-05-21,37,Completed,3.0,1.0,Urban,521,20
H00144,C008,ST01,I08,2026-05-12,17,No eligible respondent after 3 visits,,,Rural,242,20
H00705,C036,ST02,I18,2026-05-16,20,Completed,1.0,5.0,Urban,262,20
H00180,C009,ST01,I09,2026-05-12,15,Refused,,,Rural,126,20
H00223,C012,ST01,I12,2026-05-12,29,Completed,3.0,3.0,Urban,273,20
H00256,C013,ST01,I13,2026-05-13,13,Completed,2.0,1.0,Urban,196,20
H01726,C087,ST03,I15,2026-05-25,21,No eligible respondent after 3 visits,,,Urban,229,20
H00021,C002,ST01,I02,2026-05-11,10,Completed,1.0,3.0,Rural,287,20
H01171,C059,ST02,I05,2026-05-20,24,Completed,1.0,3.0,Rural,275,20
H01374,C069,ST03,I15,2026-05-22,20,Completed,2.0,1.0,Rural,386,20
H01134,C057,ST02,I03,2026-05-20,21,Completed,2.0,4.0,Rural,96,20
H00566,C029,ST01,I11,2026-05-15,18,Completed,4.0,5.0,Rural,130,20
H01195,C060,ST02,I06,2026-05-20,16,Completed,2.0,2.0,Urban,183,20
H00772,C039,ST02,I03,2026-05-17,23,Completed,3.0,3.0,Rural,142,20
H00201,C011,ST01,I11,2026-05-12,11,No eligible respondent after 3 visits,,,Urban,127,20
H00938,C047,ST02,I11,2026-05-18,27,Completed,4.0,1.0,Urban,230,20
H01390,C070,ST03,I16,2026-05-22,32,Completed,2.0,3.0,Urban,133,20
H01645,C083,ST03,I11,2026-05-24,18,Refused,,,Urban,138,20
H00690,C035,ST02,I17,2026-05-16,25,Completed,3.0,2.0,Urban,80,20
H01485,C075,ST03,I03,2026-05-23,12,Completed,1.0,5.0,Rural,153,20
H00243,C013,ST01,I13,2026-05-13,14,No eligible respondent after 3 visits,,,Urban,196,20
H01185,C060,ST02,I06,2026-05-20,23,Completed,2.0,4.0,Urban,183,20
H01260,C063,ST03,I09,2026-05-21,20,Completed,0.0,5.0,Rural,220,20
H01261,C064,ST03,I10,2026-05-21,11,Completed,1.0,4.0,Rural,260,20
H00754,C038,ST02,I02,2026-05-17,19,Completed,0.0,1.0,Rural,207,20
H01093,C055,ST02,I01,2026-05-20,13,Refused,,,Rural,262,20
H00560,C028,ST01,I10,2026-05-15,17,Completed,2.0,3.0,Rural,119,20
H00044,C003,ST01,I03,2026-05-11,13,Completed,2.0,1.0,Urban,226,20
H01458,C073,ST03,I01,2026-05-23,18,No eligible respondent after 3 visits,,,Rural,14,20
H00091,C005,ST01,I05,2026-05-11,20,Completed,1.0,5.0,Rural,178,20
H00665,C034,ST02,I16,2026-05-16,30,Completed,1.0,2.0,Rural,79,20
H01683,C085,ST03,I13,2026-05-25,23,Vacant dwelling,,,Urban,121,20
H01265,C064,ST03,I10,2026-05-21,17,No eligible respondent after 3 visits,,,Rural,260,20
H00311,C016,ST01,I16,2026-05-13,21,Completed,0.0,3.0,Rural,193,20
H01071,C054,ST02,I18,2026-05-19,16,Completed,0.0,4.0,Rural,88,20
H00167,C009,ST01,I09,2026-05-12,22,Completed,1.0,3.0,Rural,126,20
H00058,C003,ST01,I03,2026-05-11,12,Completed,1.0,3.0,Urban,226,20
H01399,C070,ST03,I16,2026-05-22,26,Refused,,,Urban,133,20
H00347,C018,ST01,I18,2026-05-13,19,Refused,,,Rural,159,20
H01721,C087,ST03,I15,2026-05-25,29,Refused,,,Urban,229,20
H00638,C032,ST02,I14,2026-05-16,7,Completed,2.0,4.0,Rural,68,20
H01517,C076,ST03,I04,2026-05-23,27,Completed,1.0,1.0,Urban,168,20
H00921,C047,ST02,I11,2026-05-18,26,No eligible respondent after 3 visits,,,Urban,230,20
H00272,C014,ST01,I07,2026-05-13,3,Completed,1.0,3.0,Urban,119,20
H01337,C067,ST03,I13,2026-05-22,14,Completed,2.0,4.0,Rural,136,20
H01122,C057,ST02,I03,2026-05-20,25,Completed,2.0,3.0,Rural,96,20
H01324,C067,ST03,I13,2026-05-22,15,Completed,0.0,1.0,Rural,136,20
H00707,C036,ST02,I18,2026-05-16,16,Completed,1.0,5.0,Urban,262,20
H01448,C073,ST03,I01,2026-05-23,20,Completed,1.0,3.0,Rural,14,20
H00711,C036,ST02,I18,2026-05-16,21,Completed,0.0,2.0,Urban,262,20
H00210,C011,ST01,I11,2026-05-12,18,No eligible respondent after 3 visits,,,Urban,127,20
H00385,C020,ST01,I02,2026-05-14,16,Completed,1.0,3.0,Urban,138,20
H00725,C037,ST02,I01,2026-05-17,30,Completed,1.0,1.0,Urban,222,20
H00358,C018,ST01,I18,2026-05-13,24,Completed,3.0,2.0,Rural,159,20
H01622,C082,ST03,I10,2026-05-24,22,No eligible respondent after 3 visits,,,Urban,111,20
H01290,C065,ST03,I11,2026-05-21,9,Completed,2.0,2.0,Urban,521,20
H01589,C080,ST03,I08,2026-05-24,19,Completed,2.0,1.0,Rural,139,20
H00542,C028,ST01,I10,2026-05-15,24,Completed,0.0,5.0,Rural,119,20
H01190,C060,ST02,I06,2026-05-20,21,Completed,2.0,4.0,Urban,183,20
H00628,C032,ST02,I14,2026-05-16,16,Completed,4.0,3.0,Rural,68,20
H00660,C033,ST02,I15,2026-05-16,21,Completed,1.0,2.0,Rural,81,20
H00369,C019,ST01,I07,2026-05-14,2,Completed,1.0,4.0,Rural,78,20
H01250,C063,ST03,I09,2026-05-21,15,Completed,1.0,1.0,Rural,220,20
H00290,C015,ST01,I15,2026-05-13,36,Completed,4.0,1.0,Rural,168,20
H00910,C046,ST02,I10,2026-05-18,19,Completed,1.0,4.0,Rural,129,20
H00605,C031,ST02,I13,2026-05-16,14,Completed,1.0,1.0,Rural,160,20
H00632,C032,ST02,I14,2026-05-16,25,Completed,3.0,1.0,Rural,68,20
H01047,C053,ST02,I17,2026-05-19,5,Completed,4.0,2.0,Rural,64,20
H00254,C013,ST01,I13,2026-05-13,17,Completed,3.0,1.0,Urban,196,20
H01541,C078,ST03,I06,2026-05-23,23,No eligible respondent after 3 visits,,,Urban,151,20
H00160,C008,ST01,I08,2026-05-12,20,Completed,4.0,1.0,Rural,242,20
H00149,C008,ST01,I08,2026-05-12,23,Completed,1.0,3.0,Rural,242,20
H01642,C083,ST03,I11,2026-05-24,14,No eligible respondent after 3 visits,,,Urban,138,20
H01059,C053,ST02,I17,2026-05-19,24,Completed,1.0,5.0,Rural,64,20
H01501,C076,ST03,I04,2026-05-23,26,Completed,0.0,3.0,Urban,168,20
H00034,C002,ST01,I02,2026-05-11,28,Completed,0.0,5.0,Rural,287,20
H00685,C035,ST02,I17,2026-05-16,22,Completed,1.0,4.0,Urban,80,20
H00179,C009,ST01,I09,2026-05-12,6,Completed,3.0,1.0,Rural,126,20
H00010,C001,ST01,I01,2026-05-11,25,Completed,0.0,1.0,Urban,318,20
H01232,C062,ST03,I08,2026-05-21,28,Completed,0.0,1.0,Urban,96,20
H00821,C042,ST02,I06,2026-05-17,16,Completed,2.0,3.0,Rural,123,20
H00636,C032,ST02,I14,2026-05-16,20,Completed,1.0,3.0,Rural,68,20
H00150,C008,ST01,I08,2026-05-12,17,Refused,,,Rural,242,20
H00803,C041,ST02,I05,2026-05-17,16,Refused,,,Rural,292,20
H01321,C067,ST03,I13,2026-05-22,29,Completed,3.0,1.0,Rural,136,20
H00534,C027,ST01,I09,2026-05-15,20,Completed,0.0,4.0,Urban,262,20
H00057,C003,ST01,I03,2026-05-11,19,Completed,2.0,3.0,Urban,226,20
H00474,C024,ST01,I06,2026-05-14,23,Completed,0.0,5.0,Urban,189,20
H01680,C084,ST03,I12,2026-05-24,19,Completed,3.0,4.0,Rural,678,20
H00648,C033,ST02,I15,2026-05-16,5,Completed,3.0,5.0,Rural,81,20
H01323,C067,ST03,I13,2026-05-22,18,Refused,,,Rural,136,20
H00535,C027,ST01,I09,2026-05-15,13,Completed,0.0,2.0,Urban,262,20
H00894,C045,ST02,I09,2026-05-18,15,No eligible respondent after 3 visits,,,Rural,336,20
H00882,C045,ST02,I09,2026-05-18,30,Completed,2.0,5.0,Rural,336,20
H00664,C034,ST02,I16,2026-05-16,19,Completed,2.0,2.0,Rural,79,20
H00499,C025,ST01,I07,2026-05-15,4,Completed,2.0,3.0,Rural,95,20
H01295,C065,ST03,I11,2026-05-21,30,Completed,1.0,2.0,Urban,521,20
H01565,C079,ST03,I07,2026-05-24,4,Completed,0.0,5.0,Rural,161,20
H01113,C056,ST02,I02,2026-05-20,14,Refused,,,Urban,46,20
H00824,C042,ST02,I06,2026-05-17,31,Completed,0.0,1.0,Rural,123,20
H01563,C079,ST03,I07,2026-05-24,4,Completed,4.0,4.0,Rural,161,20
H00425,C022,ST01,I04,2026-05-14,13,Completed,2.0,2.0,Urban,197,20
H01297,C065,ST03,I11,2026-05-21,27,Completed,3.0,2.0,Urban,521,20
H01081,C055,ST02,I01,2026-05-20,22,Vacant dwelling,,,Rural,262,20
H01391,C070,ST03,I16,2026-05-22,18,Completed,1.0,3.0,Urban,133,20
H00437,C022,ST01,I04,2026-05-14,13,Completed,2.0,3.0,Urban,197,20
H01641,C083,ST03,I11,2026-05-24,21,Completed,0.0,1.0,Urban,138,20
H00600,C030,ST01,I12,2026-05-15,20,No eligible respondent after 3 visits,,,Rural,133,20
H00594,C030,ST01,I12,2026-05-15,24,Completed,2.0,4.0,Rural,133,20
H00522,C027,ST01,I09,2026-05-15,19,Completed,0.0,2.0,Urban,262,20
H01103,C056,ST02,I02,2026-05-20,30,Completed,2.0,4.0,Urban,46,20
H01676,C084,ST03,I12,2026-05-24,9,Completed,3.0,2.0,Rural,678,20
H00531,C027,ST01,I09,2026-05-15,23,Completed,2.0,4.0,Urban,262,20
H00929,C047,ST02,I11,2026-05-18,19,Completed,2.0,4.0,Urban,230,20
H01670,C084,ST03,I12,2026-05-24,14,Completed,4.0,2.0,Rural,678,20
H00676,C034,ST02,I16,2026-05-16,19,Vacant dwelling,,,Rural,79,20
H01699,C085,ST03,I13,2026-05-25,19,No eligible respondent after 3 visits,,,Urban,121,20
H00741,C038,ST02,I02,2026-05-17,15,Completed,1.0,1.0,Rural,207,20
H00780,C039,ST02,I03,2026-05-17,20,Completed,2.0,5.0,Rural,142,20
H01747,C088,ST03,I16,2026-05-25,26,Completed,2.0,4.0,Rural,55,20
H00606,C031,ST02,I13,2026-05-16,29,No eligible respondent after 3 visits,,,Rural,160,20
H00320,C016,ST01,I16,2026-05-13,30,Completed,0.0,3.0,Rural,193,20
H01075,C054,ST02,I18,2026-05-19,25,Completed,2.0,4.0,Rural,88,20
H00362,C019,ST01,I07,2026-05-14,4,Refused,,,Rural,78,20
H01200,C060,ST02,I06,2026-05-20,24,Completed,1.0,4.0,Urban,183,20
H01691,C085,ST03,I13,2026-05-25,24,Completed,0.0,1.0,Urban,121,20
H00668,C034,ST02,I16,2026-05-16,24,Completed,2.0,2.0,Rural,79,20
H01314,C066,ST03,I12,2026-05-21,19,Vacant dwelling,,,Urban,211,20
H01475,C074,ST03,I02,2026-05-23,18,Completed,2.0,1.0,Rural,86,20
H01419,C071,ST03,I17,2026-05-22,16,Completed,0.0,4.0,Rural,239,20
H01334,C067,ST03,I13,2026-05-22,10,Completed,1.0,1.0,Rural,136,20
H00565,C029,ST01,I11,2026-05-15,10,Completed,4.0,4.0,Rural,130,20
H00688,C035,ST02,I17,2026-05-16,25,No eligible respondent after 3 visits,,,Urban,80,20
H01665,C084,ST03,I12,2026-04-29,31,Completed,3.0,3.0,Rural,678,20
H01796,C090,ST03,I07,2026-05-25,4,Completed,2.0,3.0,Urban,220,20
H01388,C070,ST03,I16,2026-05-22,23,Completed,0.0,4.0,Urban,133,20
H01036,C052,ST02,I16,2026-05-19,17,Completed,1.0,5.0,Urban,623,20
H01070,C054,ST02,I18,2026-05-19,8,Completed,1.0,4.0,Rural,88,20
H00810,C041,ST02,I05,2026-05-17,24,Completed,1.0,5.0,Rural,292,20
H00249,C013,ST01,I13,2026-05-13,19,Completed,2.0,5.0,Urban,196,20
H01568,C079,ST03,I07,2026-05-24,3,Completed,3.0,2.0,Rural,161,20
H00977,C049,ST02,I13,2026-05-19,12,Completed,2.0,5.0,Urban,615,20
H00851,C043,ST02,I07,2026-05-18,3,Completed,1.0,4.0,Rural,128,20
H00680,C034,ST02,I16,2026-05-16,17,Completed,1.0,2.0,Rural,79,20
H00035,C002,ST01,I02,2026-05-11,16,Completed,0.0,1.0,Rural,287,20
H00481,C025,ST01,I07,2026-05-15,4,Completed,0.0,3.0,Rural,95,20
H01183,C060,ST02,I06,2026-05-20,24,Completed,2.0,3.0,Urban,183,20
H01572,C079,ST03,I07,2026-05-24,5,Completed,2.0,2.0,Rural,161,20
H00348,C018,ST01,I18,2026-05-13,27,Completed,2.0,4.0,Rural,159,20
H00972,C049,ST02,I13,2026-05-19,20,Vacant dwelling,,,Urban,615,20
H00527,C027,ST01,I09,2026-05-15,34,Completed,2.0,3.0,Urban,262,20
H00570,C029,ST01,I11,2026-05-15,22,Completed,2.0,3.0,Rural,130,20
H00301,C016,ST01,I16,2026-05-13,16,Completed,1.0,2.0,Rural,193,20
H01001,C051,ST02,I15,2026-05-19,21,Completed,0.0,4.0,Rural,272,20
H00426,C022,ST01,I04,2026-05-14,25,Completed,2.0,2.0,Urban,197,20
H00663,C034,ST02,I16,2026-05-16,25,No eligible respondent after 3 visits,,,Rural,79,20
H01352,C068,ST03,I14,2026-05-22,20,Completed,1.0,2.0,Urban,1038,20
H00387,C020,ST01,I02,2026-05-14,18,Completed,1.0,2.0,Urban,138,20
H01532,C077,ST03,I05,2026-05-23,27,No eligible respondent after 3 visits,,,Urban,334,20
H01636,C082,ST03,I10,2026-05-24,25,Completed,0.0,4.0,Urban,111,20
H01243,C063,ST03,I09,2026-05-21,8,No eligible respondent after 3 visits,,,Rural,220,20
H01179,C059,ST02,I05,2026-05-20,13,Completed,1.0,3.0,Rural,275,20
H01461,C074,ST03,I02,2026-05-23,22,Refused,,,Rural,86,20
H01311,C066,ST03,I12,2026-05-21,16,No eligible respondent after 3 visits,,,Urban,211,20
H01258,C063,ST03,I09,2026-05-21,21,No eligible respondent after 3 visits,,,Rural,220,20
H00036,C002,ST01,I02,2026-05-11,23,No eligible respondent after 3 visits,,,Rural,287,20
H00073,C004,ST01,I04,2026-05-11,22,Refused,,,Urban,291,20
H01595,C080,ST03,I08,2026-05-24,17,Completed,1.0,5.0,Rural,139,20
H00110,C006,ST01,I06,2026-05-11,12,Completed,1.0,2.0,Rural,177,20
H01242,C063,ST03,I09,2026-05-21,23,Completed,1.0,2.0,Rural,220,20
H00563,C029,ST01,I11,2026-05-15,27,Completed,1.0,4.0,Rural,130,20
H01621,C082,ST03,I10,2026-05-24,18,Completed,0.0,2.0,Urban,111,20
H00056,C003,ST01,I03,2026-05-11,18,Refused,,,Urban,226,20
H00083,C005,ST01,I05,2026-05-11,20,Completed,1.0,2.0,Rural,178,20
H00245,C013,ST01,I13,2026-05-13,26,Completed,1.0,4.0,Urban,196,20
H00581,C030,ST01,I12,2026-05-15,16,Completed,1.0,2.0,Rural,133,20
H00461,C024,ST01,I06,2026-05-14,20,No eligible respondent after 3 visits,,,Urban,189,20
H01579,C079,ST03,I07,2026-05-24,3,Completed,2.0,3.0,Rural,161,20
H00408,C021,ST01,I07,2026-05-14,5,Completed,1.0,4.0,Rural,58,20
H01551,C078,ST03,I06,2026-05-23,15,Completed,0.0,1.0,Urban,151,20
H00512,C026,ST01,I08,2026-05-15,14,Vacant dwelling,,,Rural,147,20
H01118,C056,ST02,I02,2026-05-20,29,Completed,1.0,4.0,Urban,46,20
H00005,C001,ST01,I01,2026-05-11,15,Completed,0.0,3.0,Urban,318,20
H00132,C007,ST01,I07,2026-05-12,4,Completed,1.0,2.0,Rural,152,20
H01340,C067,ST03,I13,2026-05-22,15,Completed,0.0,3.0,Rural,136,20
H01395,C070,ST03,I16,2026-05-22,28,Completed,2.0,5.0,Urban,133,20
H00661,C034,ST02,I16,2026-05-16,16,Completed,1.0,3.0,Rural,79,20
H01095,C055,ST02,I01,2026-05-20,24,Completed,2.0,5.0,Rural,262,20
H01618,C081,ST03,I09,2026-05-24,26,Completed,1.0,4.0,Urban,260,20
H00683,C035,ST02,I17,2026-05-16,18,Completed,1.0,4.0,Urban,80,20
H00436,C022,ST01,I04,2026-05-14,14,Completed,2.0,5.0,Urban,197,20
H01748,C088,ST03,I16,2026-05-25,19,Completed,0.0,1.0,Rural,55,20
H01364,C069,ST03,I15,2026-05-22,27,Refused,,,Rural,386,20
H00924,C047,ST02,I11,2026-05-18,19,Completed,0.0,3.0,Urban,230,20
H01370,C069,ST03,I15,2026-05-22,26,Completed,0.0,2.0,Rural,386,20
H00825,C042,ST02,I06,2026-05-17,28,Completed,1.0,4.0,Rural,123,20
H00798,C040,ST02,I04,2026-05-17,24,Completed,1.0,2.0,Urban,181,20
H00004,C001,ST01,I01,2026-05-11,15,Completed,1.0,4.0,Urban,318,20
H00617,C031,ST02,I13,2026-05-16,26,Completed,2.0,1.0,Rural,160,20
H00664,C034,ST02,I16,2026-05-16,19,Completed,2.0,2.0,Rural,79,20
H00391,C020,ST01,I02,2026-05-14,11,No eligible respondent after 3 visits,,,Urban,138,20
H00726,C037,ST02,I01,2026-05-17,23,Completed,2.0,1.0,Urban,222,20
H01487,C075,ST03,I03,2026-05-23,14,Completed,2.0,5.0,Rural,153,20
H01306,C066,ST03,I12,2026-05-21,13,Completed,1.0,1.0,Urban,211,20
H00665,C034,ST02,I16,2026-05-16,30,Completed,1.0,2.0,Rural,79,20
H00746,C038,ST02,I02,2026-05-17,15,Completed,2.0,4.0,Rural,207,20
H01025,C052,ST02,I16,2026-05-19,15,Completed,2.0,1.0,Urban,623,20
H00618,C031,ST02,I13,2026-05-16,16,Completed,1.0,4.0,Rural,160,20
H00213,C011,ST01,I11,2026-05-12,17,Completed,0.0,4.0,Urban,127,20
H00900,C045,ST02,I09,2026-05-18,5,Completed,1.0,1.0,Rural,336,20
H00295,C015,ST01,I15,2026-05-13,27,Completed,1.0,1.0,Rural,168,20
H01679,C084,ST03,I12,2026-05-24,13,Completed,1.0,1.0,Rural,678,20
H01689,C085,ST03,I13,2026-05-25,11,Completed,1.0,5.0,Urban,121,20
H00749,C038,ST02,I02,2026-05-17,22,Completed,1.0,2.0,Rural,207,20
H01744,C088,ST03,I16,2026-05-25,27,Completed,1.0,1.0,Rural,55,20
H01647,C083,ST03,I11,2026-05-24,24,Completed,4.0,3.0,Urban,138,20
H01555,C078,ST03,I06,2026-05-23,8,Completed,2.0,1.0,Urban,151,20
H00117,C006,ST01,I06,2026-05-11,16,Completed,4.0,5.0,Rural,177,20
H00310,C016,ST01,I16,2026-05-13,19,Completed,1.0,3.0,Rural,193,20
H00742,C038,ST02,I02,2026-05-17,18,Completed,2.0,4.0,Rural,207,20
H00669,C034,ST02,I16,2026-05-16,31,Completed,3.0,2.0,Rural,79,20
H00902,C046,ST02,I10,2026-05-18,21,Completed,1.0,1.0,Rural,129,20
H00276,C014,ST01,I07,2026-05-13,2,Completed,1.0,3.0,Urban,119,20
H00607,C031,ST02,I13,2026-05-16,23,Completed,3.0,2.0,Rural,160,20
H00891,C045,ST02,I09,2026-05-18,24,No eligible respondent after 3 visits,,,Rural,336,20
H00375,C019,ST01,I07,2026-05-14,2,Completed,0.0,3.0,Rural,78,20
H00368,C019,ST01,I07,2026-05-14,3,Completed,4.0,3.0,Rural,78,20
H00108,C006,ST01,I06,2026-05-11,20,Completed,2.0,3.0,Rural,177,20
H00878,C044,ST02,I08,2026-05-18,25,Completed,1.0,4.0,Urban,131,20
H00313,C016,ST01,I16,2026-05-13,20,Completed,1.0,2.0,Rural,193,20
H00640,C032,ST02,I14,2026-05-16,33,Completed,1.0,1.0,Rural,68,20
H01207,C061,ST03,I07,2026-05-21,4,Completed,1.0,1.0,Urban,432,20
H00740,C037,ST02,I01,2026-05-17,19,Completed,3.0,5.0,Urban,222,20
H00380,C019,ST01,I07,2026-05-14,3,Completed,0.0,1.0,Rural,78,20
H00040,C002,ST01,I02,2026-05-11,24,Completed,1.0,1.0,Rural,287,20
H00812,C041,ST02,I05,2026-05-17,23,Completed,4.0,2.0,Rural,292,20
H00006,C001,ST01,I01,2026-05-11,18,Completed,1.0,5.0,Urban,318,20
H00064,C004,ST01,I04,2026-05-11,19,Completed,0.0,4.0,Urban,291,20
H00998,C050,ST02,I14,2026-05-19,26,Completed,3.0,4.0,Rural,135,20
H00879,C044,ST02,I08,2026-05-18,22,No eligible respondent after 3 visits,,,Urban,131,20
H01018,C051,ST02,I15,2026-05-19,28,Completed,3.0,3.0,Rural,272,20
H01512,C076,ST03,I04,2026-05-23,30,Completed,0.0,3.0,Urban,168,20
H00903,C046,ST02,I10,2026-05-18,35,Completed,1.0,1.0,Rural,129,20
H01105,C056,ST02,I02,2026-05-20,23,Completed,1.0,5.0,Urban,46,20
H00962,C049,ST02,I13,2026-05-19,28,Completed,0.0,3.0,Urban,615,20
H00052,C003,ST01,I03,2026-05-11,18,Completed,0.0,1.0,Urban,226,20
H00679,C034,ST02,I16,2026-05-16,12,Completed,0.0,4.0,Rural,79,20
H01360,C068,ST03,I14,2026-05-22,25,No eligible respondent after 3 visits,,,Urban,1038,20
H00427,C022,ST01,I04,2026-05-14,14,Refused,,,Urban,197,20
H00285,C015,ST01,I15,2026-05-13,14,Completed,1.0,5.0,Rural,168,20
H01054,C053,ST02,I17,2026-05-19,26,No eligible respondent after 3 visits,,,Rural,64,20
H01276,C064,ST03,I10,2026-05-21,13,Completed,1.0,1.0,Rural,260,20
H00612,C031,ST02,I13,2026-05-16,18,Completed,3.0,1.0,Rural,160,20
H00586,C030,ST01,I12,2026-04-29,21,Refused,,,Rural,133,20
H01421,C072,ST03,I18,2026-05-22,29,Completed,2.0,3.0,Rural,98,20
H01516,C076,ST03,I04,2026-05-23,30,Completed,1.0,3.0,Urban,168,20
H01772,C089,ST03,I17,2026-05-25,14,Completed,2.0,4.0,Urban,146,20
H00341,C018,ST01,I18,2026-05-13,28,Completed,3.0,2.0,Rural,159,20
H00816,C041,ST02,I05,2026-05-17,17,Completed,1.0,5.0,Rural,292,20
H00489,C025,ST01,I07,2026-05-15,6,Completed,1.0,3.0,Rural,95,20
H00941,C048,ST02,I12,2026-05-18,26,Completed,3.0,4.0,Rural,229,20
H00794,C040,ST02,I04,2026-05-17,32,Completed,3.0,4.0,Urban,181,20
H01383,C070,ST03,I16,2026-05-22,9,Completed,1.0,2.0,Urban,133,20
H01102,C056,ST02,I02,2026-05-20,13,Completed,0.0,4.0,Urban,46,20
H00260,C013,ST01,I13,2026-05-13,24,Completed,1.0,4.0,Urban,196,20
H00045,C003,ST01,I03,2026-05-11,29,Refused,,,Urban,226,20
H00229,C012,ST01,I12,2026-04-29,11,Completed,0.0,3.0,Urban,273,20
H01268,C064,ST03,I10,2026-05-21,13,Completed,3.0,5.0,Rural,260,20
H00126,C007,ST01,I07,2026-05-12,3,Completed,2.0,5.0,Rural,152,20
H00517,C026,ST01,I08,2026-05-15,17,Completed,0.0,4.0,Rural,147,20
H01350,C068,ST03,I14,2026-05-22,26,Completed,1.0,2.0,Urban,1038,20
H01583,C080,ST03,I08,2026-05-24,18,Completed,1.0,2.0,Rural,139,20
H00666,C034,ST02,I16,2026-05-16,24,Completed,0.0,4.0,Rural,79,20
H00541,C028,ST01,I10,2026-05-15,25,Completed,1.0,3.0,Rural,119,20
H01269,C064,ST03,I10,2026-05-21,28,No eligible respondent after 3 visits,,,Rural,260,20
H01240,C062,ST03,I08,2026-05-21,19,Completed,1.0,4.0,Urban,96,20
H01302,C066,ST03,I12,2026-04-29,31,No eligible respondent after 3 visits,,,Urban,211,20
H01546,C078,ST03,I06,2026-05-23,5,Completed,1.0,4.0,Urban,151,20
H01428,C072,ST03,I18,2026-05-22,23,Vacant dwelling,,,Rural,98,20
H00199,C010,ST01,I10,2026-05-12,12,Completed,3.0,4.0,Rural,441,20
H01438,C072,ST03,I18,2026-05-22,13,Completed,1.0,4.0,Rural,98,20
H00333,C017,ST01,I17,2026-05-13,17,Completed,2.0,4.0,Rural,90,20
H00459,C023,ST01,I05,2026-05-14,9,Completed,2.0,1.0,Rural,151,20
H01525,C077,ST03,I05,2026-05-23,28,Refused,,,Urban,334,20
H00580,C029,ST01,I11,2026-05-15,17,Completed,1.0,2.0,Rural,130,20
H00113,C006,ST01,I06,2026-05-11,24,Completed,2.0,1.0,Rural,177,20
H00866,C044,ST02,I08,2026-05-18,18,Completed,1.0,2.0,Urban,131,20
H01272,C064,ST03,I10,2026-05-21,18,Completed,1.0,4.0,Rural,260,20
H01077,C054,ST02,I18,2026-05-19,25,Completed,2.0,2.0,Rural,88,20
H00696,C035,ST02,I17,2026-05-16,20,Completed,2.0,4.0,Urban,80,20
H00759,C038,ST02,I02,2026-05-17,16,Completed,3.0,3.0,Rural,207,20
H00615,C031,ST02,I13,2026-05-16,17,Completed,1.0,4.0,Rural,160,20
H00931,C047,ST02,I11,2026-05-18,22,Completed,1.0,5.0,Urban,230,20
H00383,C020,ST01,I02,2026-05-14,23,Refused,,,Urban,138,20
H01644,C083,ST03,I11,2026-05-24,13,Completed,2.0,5.0,Urban,138,20
H00373,C019,ST01,I07,2026-05-14,5,Completed,0.0,3.0,Rural,78,20
H01418,C071,ST03,I17,2026-05-22,21,Completed,2.0,5.0,Rural,239,20
H00127,C007,ST01,I07,2026-05-12,2,Completed,1.0,5.0,Rural,152,20
H00873,C044,ST02,I08,2026-05-18,25,Completed,1.0,3.0,Urban,131,20
H00450,C023,ST01,I05,2026-05-14,17,Completed,0.0,2.0,Rural,151,20
H01006,C051,ST02,I15,2026-05-19,9,Completed,4.0,5.0,Rural,272,20
H00635,C032,ST02,I14,2026-05-16,10,Completed,1.0,5.0,Rural,68,20
H00089,C005,ST01,I05,2026-05-11,22,Completed,2.0,5.0,Rural,178,20
H01194,C060,ST02,I06,2026-05-20,23,Completed,1.0,3.0,Urban,183,20
H00908,C046,ST02,I10,2026-05-18,24,Completed,2.0,3.0,Rural,129,20
H00598,C030,ST01,I12,2026-05-15,30,Completed,1.0,3.0,Rural,133,20
H00708,C036,ST02,I18,2026-05-16,15,Completed,2.0,3.0,Urban,262,20
H01499,C075,ST03,I03,2026-05-23,9,Refused,,,Rural,153,20
H01581,C080,ST03,I08,2026-05-24,19,Completed,3.0,1.0,Rural,139,20
H01643,C083,ST03,I11,2026-05-24,25,Completed,2.0,3.0,Urban,138,20
H00728,C037,ST02,I01,2026-05-17,31,Completed,1.0,2.0,Urban,222,20
H00779,C039,ST02,I03,2026-05-17,19,Completed,4.0,2.0,Rural,142,20
H01600,C080,ST03,I08,2026-05-24,32,Completed,2.0,1.0,Rural,139,20
H01057,C053,ST02,I17,2026-05-19,21,Completed,2.0,2.0,Rural,64,20
H00672,C034,ST02,I16,2026-05-16,33,Completed,2.0,3.0,Rural,79,20
H01661,C084,ST03,I12,2026-05-24,24,Refused,,,Rural,678,20
H00192,C010,ST01,I10,2026-05-12,21,Refused,,,Rural,441,20
H01139,C057,ST02,I03,2026-05-20,14,Completed,1.0,3.0,Rural,96,20
H00234,C012,ST01,I12,2026-05-12,13,Completed,0.0,1.0,Urban,273,20
H01271,C064,ST03,I10,2026-05-21,18,Completed,1.0,4.0,Rural,260,20
H00447,C023,ST01,I05,2026-05-14,12,Completed,3.0,1.0,Rural,151,20
H01404,C071,ST03,I17,2026-05-22,28,Refused,,,Rural,239,20
H00613,C031,ST02,I13,2026-05-16,26,Completed,3.0,5.0,Rural,160,20
H01758,C088,ST03,I16,2026-05-25,17,Refused,,,Rural,55,20
H00906,C046,ST02,I10,2026-05-18,25,Completed,1.0,3.0,Rural,129,20
H00184,C010,ST01,I10,2026-05-12,27,Completed,1.0,3.0,Rural,441,20
H01500,C075,ST03,I03,2026-05-23,22,Completed,1.0,1.0,Rural,153,20
H01460,C073,ST03,I01,2026-05-23,31,Completed,3.0,2.0,Rural,14,20
H00410,C021,ST01,I07,2026-05-14,4,Completed,2.0,1.0,Rural,58,20
H00838,C042,ST02,I06,2026-05-17,23,Completed,0.0,1.0,Rural,123,20
H01774,C089,ST03,I17,2026-05-25,27,Completed,2.0,5.0,Urban,146,20
H00274,C014,ST01,I07,2026-05-13,4,Completed,2.0,5.0,Urban,119,20
H01237,C062,ST03,I08,2026-05-21,18,Completed,2.0,1.0,Urban,96,20
H00942,C048,ST02,I12,2026-05-18,26,Completed,1.0,1.0,Rural,229,20
H00434,C022,ST01,I04,2026-05-14,23,No eligible respondent after 3 visits,,,Urban,197,20
H01492,C075,ST03,I03,2026-05-23,26,Completed,3.0,2.0,Rural,153,20
H00781,C040,ST02,I04,2026-05-17,18,Completed,1.0,1.0,Urban,181,20
H01490,C075,ST03,I03,2026-05-23,23,Completed,0.0,5.0,Rural,153,20
H00511,C026,ST01,I08,2026-05-15,17,Completed,0.0,5.0,Rural,147,20
H00221,C012,ST01,I12,2026-05-12,22,Completed,2.0,4.0,Urban,273,20
H01463,C074,ST03,I02,2026-05-23,20,Completed,2.0,2.0,Rural,86,20
H00709,C036,ST02,I18,2026-05-16,24,Completed,1.0,4.0,Urban,262,20
H00818,C041,ST02,I05,2026-05-17,24,Completed,1.0,1.0,Rural,292,20
H01441,C073,ST03,I01,2026-05-23,19,Completed,2.0,4.0,Rural,14,20
H00326,C017,ST01,I17,2026-05-13,7,Completed,2.0,4.0,Rural,90,20
H01794,C090,ST03,I07,2026-05-25,3,Completed,2.0,5.0,Urban,220,20
H01213,C061,ST03,I07,2026-05-21,5,Completed,1.0,2.0,Urban,432,20
H01080,C054,ST02,I18,2026-05-19,17,Completed,1.0,3.0,Rural,88,20
H00314,C016,ST01,I16,2026-05-13,25,Completed,0.0,3.0,Rural,193,20
H01316,C066,ST03,I12,2026-05-21,25,Completed,4.0,1.0,Urban,211,20
H00054,C003,ST01,I03,2026-05-11,27,Completed,0.0,1.0,Urban,226,20
H00195,C010,ST01,I10,2026-05-12,25,Completed,1.0,4.0,Rural,441,20
H01394,C070,ST03,I16,2026-05-22,29,Completed,1.0,4.0,Urban,133,20
H00850,C043,ST02,I07,2026-05-18,2,Completed,1.0,4.0,Rural,128,20
H00989,C050,ST02,I14,2026-05-19,23,Completed,2.0,4.0,Rural,135,20
H00870,C044,ST02,I08,2026-05-18,19,Completed,2.0,5.0,Urban,131,20
H00854,C043,ST02,I07,2026-05-18,4,Completed,1.0,4.0,Rural,128,20
H00773,C039,ST02,I03,2026-05-17,24,Completed,0.0,3.0,Rural,142,20
H00202,C011,ST01,I11,2026-05-12,20,Completed,3.0,4.0,Urban,127,20
H00204,C011,ST01,I11,2026-05-12,23,Refused,,,Urban,127,20
H00778,C039,ST02,I03,2026-05-17,19,Completed,2.0,4.0,Rural,142,20
H00328,C017,ST01,I17,2026-05-13,21,Completed,0.0,3.0,Rural,90,20
H00232,C012,ST01,I12,2026-04-29,16,Completed,1.0,5.0,Urban,273,20
H01192,C060,ST02,I06,2026-05-20,18,Refused,,,Urban,183,20
H00365,C019,ST01,I07,2026-05-14,3,Completed,2.0,2.0,Rural,78,20
H00307,C016,ST01,I16,2026-05-13,30,No eligible respondent after 3 visits,,,Rural,193,20
H00343,C018,ST01,I18,2026-05-13,23,Completed,2.0,1.0,Rural,159,20
H00267,C014,ST01,I07,2026-05-13,3,Completed,1.0,4.0,Urban,119,20
H01634,C082,ST03,I10,2026-05-24,31,Completed,1.0,2.0,Urban,111,20
H00163,C009,ST01,I09,2026-05-12,18,Completed,3.0,1.0,Rural,126,20
H01559,C078,ST03,I06,2026-05-23,30,Completed,2.0,1.0,Urban,151,20
H01465,C074,ST03,I02,2026-05-23,17,Completed,2.0,5.0,Rural,86,20
H00835,C042,ST02,I06,2026-05-17,20,Completed,2.0,1.0,Rural,123,20
H01696,C085,ST03,I13,2026-05-25,26,Completed,3.0,1.0,Urban,121,20
H01355,C068,ST03,I14,2026-05-22,22,Completed,4.0,5.0,Urban,1038,20
H00309,C016,ST01,I16,2026-05-13,15,Completed,1.0,3.0,Rural,193,20
H01044,C053,ST02,I17,2026-05-19,19,Completed,1.0,5.0,Rural,64,20
H00937,C047,ST02,I11,2026-05-18,13,Completed,2.0,4.0,Urban,230,20
H01379,C069,ST03,I15,2026-05-22,21,Completed,1.0,2.0,Rural,386,20
H00758,C038,ST02,I02,2026-05-17,31,Completed,2.0,4.0,Rural,207,20
H00623,C032,ST02,I14,2026-05-16,31,Completed,3.0,5.0,Rural,68,20
H01630,C082,ST03,I10,2026-05-24,26,Completed,0.0,5.0,Urban,111,20
