{
"type": "FeatureCollection",
"name": "settlements",
"crs": { "type": "name", "properties": { "name": "urn:ogc:def:crs:OGC:1.3:CRS84" } },
"features": [
{ "type": "Feature", "properties": { "id": "S01324", "title": "Adwade", "settlement_type": "Hamlet", "ward_code": "W018", "ward_name": "Adwana", "lga_name": "Gwarin", "target_population_under5": 16.0 }, "geometry": { "type": "Point", "coordinates": [ 7.626486, 10.635147 ] } },
{ "type": "Feature", "properties": { "id": "S01361", "title": "Agludu", "settlement_type": "Settlement", "ward_code": "W018", "ward_name": "Adwana", "lga_name": "Gwarin", "target_population_under5": 36.0 }, "geometry": { "type": "Point", "coordinates": [ 7.563093, 10.640153 ] } },
{ "type": "Feature", "properties": { "id": "S01338", "title": "Bangofa-Kudu", "settlement_type": "Village", "ward_code": "W018", "ward_name": "Adwana", "lga_name": "Gwarin", "target_population_under5": 60.0 }, "geometry": { "type": "Point", "coordinates": [ 7.576082, 10.672121 ] } },
{ "type": "Feature", "properties": { "id": "S01354", "title": "Bidefa", "settlement_type": "Village", "ward_code": "W018", "ward_name": "Adwana", "lga_name": "Gwarin", "target_population_under5": 29.0 }, "geometry": { "type": "Point", "coordinates": [ 7.577403, 10.636471 ] } },
{ "type": "Feature", "properties": { "id": "S01326", "title": "Biduru", "settlement_type": "Settlement", "ward_code": "W018", "ward_name": "Adwana", "lga_name": "Gwarin", "target_population_under5": 31.0 }, "geometry": { "type": "Point", "coordinates": [ 7.582938, 10.63088 ] } },
{ "type": "Feature", "properties": { "id": "S01364", "title": "Bitija", "settlement_type": "Hamlet", "ward_code": "W018", "ward_name": "Adwana", "lga_name": "Gwarin", "target_population_under5": 24.0 }, "geometry": { "type": "Point", "coordinates": [ 7.597233, 10.633195 ] } },
{ "type": "Feature", "properties": { "id": "S01363", "title": "Bitina", "settlement_type": "Village", "ward_code": "W018", "ward_name": "Adwana", "lga_name": "Gwarin", "target_population_under5": 127.0 }, "geometry": { "type": "Point", "coordinates": [ 7.602694, 10.619233 ] } },
{ "type": "Feature", "properties": { "id": "S01340", "title": "Biwadu-Gabas", "settlement_type": "Settlement", "ward_code": "W018", "ward_name": "Adwana", "lga_name": "Gwarin", "target_population_under5": 92.0 }, "geometry": { "type": "Point", "coordinates": [ 7.550425, 10.651426 ] } },
{ "type": "Feature", "properties": { "id": "S01330", "title": "Daduna", "settlement_type": "Hamlet", "ward_code": "W018", "ward_name": "Adwana", "lga_name": "Gwarin", "target_population_under5": 28.0 }, "geometry": { "type": "Point", "coordinates": [ 7.629789, 10.641825 ] } },
{ "type": "Feature", "properties": { "id": "S01367", "title": "Doluko", "settlement_type": "Village", "ward_code": "W018", "ward_name": "Adwana", "lga_name": "Gwarin", "target_population_under5": 43.0 }, "geometry": { "type": "Point", "coordinates": [ 7.6062, 10.61249 ] } },
{ "type": "Feature", "properties": { "id": "S01329", "title": "Enluri", "settlement_type": "Settlement", "ward_code": "W018", "ward_name": "Adwana", "lga_name": "Gwarin", "target_population_under5": 10.0 }, "geometry": { "type": "Point", "coordinates": [ 7.609117, 10.614121 ] } },
{ "type": "Feature", "properties": { "id": "S01347", "title": "Ennadu", "settlement_type": "Settlement", "ward_code": "W018", "ward_name": "Adwana", "lga_name": "Gwarin", "target_population_under5": 65.0 }, "geometry": { "type": "Point", "coordinates": [ 7.577133, 10.648855 ] } },
{ "type": "Feature", "properties": { "id": "S01350", "title": "Enwatu", "settlement_type": "Settlement", "ward_code": "W018", "ward_name": "Adwana", "lga_name": "Gwarin", "target_population_under5": 20.0 }, "geometry": { "type": "Point", "coordinates": [ 7.637722200850346, 10.711325 ] } },
{ "type": "Feature", "properties": { "id": "S01343", "title": "Enyoko", "settlement_type": "Village", "ward_code": "W018", "ward_name": "Adwana", "lga_name": "Gwarin", "target_population_under5": 82.0 }, "geometry": { "type": "Point", "coordinates": [ 7.604417, 10.628684 ] } },
{ "type": "Feature", "properties": { "id": "S01325", "title": "Fadeba", "settlement_type": "Village", "ward_code": "W018", "ward_name": "Adwana", "lga_name": "Gwarin", "target_population_under5": 16.0 }, "geometry": { "type": "Point", "coordinates": [ 7.561081, 10.636897 ] } },
{ "type": "Feature", "properties": { "id": "S01327", "title": "Faluna", "settlement_type": "Village", "ward_code": "W018", "ward_name": "Adwana", "lga_name": "Gwarin", "target_population_under5": 189.0 }, "geometry": { "type": "Point", "coordinates": [ 7.542991, 10.711187 ] } },
{ "type": "Feature", "properties": { "id": "S01341", "title": "Gungode", "settlement_type": "Settlement", "ward_code": "W018", "ward_name": "Adwana", "lga_name": "Gwarin", "target_population_under5": 14.0 }, "geometry": { "type": "Point", "coordinates": [ 7.575116, 10.663338 ] } },
{ "type": "Feature", "properties": { "id": "S01353", "title": "Gungofa", "settlement_type": "Village", "ward_code": "W018", "ward_name": "Adwana", "lga_name": "Gwarin", "target_population_under5": 119.0 }, "geometry": { "type": "Point", "coordinates": [ 7.570752, 10.662875 ] } },
{ "type": "Feature", "properties": { "id": "S01348", "title": "Ibbeja", "settlement_type": "Hamlet", "ward_code": "W018", "ward_name": "Adwana", "lga_name": "Gwarin", "target_population_under5": 33.0 }, "geometry": { "type": "Point", "coordinates": [ 7.606423, 10.645061 ] } },
{ "type": "Feature", "properties": { "id": "S01344", "title": "Ibnani-Kudu", "settlement_type": "Hamlet", "ward_code": "W018", "ward_name": "Adwana", "lga_name": "Gwarin", "target_population_under5": 18.0 }, "geometry": { "type": "Point", "coordinates": [ 7.566799, 10.640382 ] } },
{ "type": "Feature", "properties": { "id": "S01362", "title": "Irkowo", "settlement_type": "Village", "ward_code": "W018", "ward_name": "Adwana", "lga_name": "Gwarin", "target_population_under5": 54.0 }, "geometry": { "type": "Point", "coordinates": [ 7.625597, 10.627547 ] } },
{ "type": "Feature", "properties": { "id": "S01349", "title": "Irnata-Yamma", "settlement_type": "Hamlet", "ward_code": "W018", "ward_name": "Adwana", "lga_name": "Gwarin", "target_population_under5": 15.0 }, "geometry": { "type": "Point", "coordinates": [ 7.640253, 10.621201 ] } },
{ "type": "Feature", "properties": { "id": "S01337", "title": "Iryoru", "settlement_type": "Village", "ward_code": "W018", "ward_name": "Adwana", "lga_name": "Gwarin", "target_population_under5": 65.0 }, "geometry": { "type": "Point", "coordinates": [ 7.628542, 10.6127 ] } },
{ "type": "Feature", "properties": { "id": "S01358", "title": "Jidusa", "settlement_type": "Hamlet", "ward_code": "W018", "ward_name": "Adwana", "lga_name": "Gwarin", "target_population_under5": 18.0 }, "geometry": { "type": "Point", "coordinates": [ 7.549817, 10.646969 ] } },
{ "type": "Feature", "properties": { "id": "S01336", "title": "Jikotu-Kudu", "settlement_type": "Hamlet", "ward_code": "W018", "ward_name": "Adwana", "lga_name": "Gwarin", "target_population_under5": 17.0 }, "geometry": { "type": "Point", "coordinates": [ 7.576189, 10.639359 ] } },
{ "type": "Feature", "properties": { "id": "S01335", "title": "Jiritu", "settlement_type": "Settlement", "ward_code": "W018", "ward_name": "Adwana", "lga_name": "Gwarin", "target_population_under5": 13.0 }, "geometry": { "type": "Point", "coordinates": [ 7.551268, 10.658229 ] } },
{ "type": "Feature", "properties": { "id": "S01352", "title": "Kangoko", "settlement_type": "Village", "ward_code": "W018", "ward_name": "Adwana", "lga_name": "Gwarin", "target_population_under5": 84.0 }, "geometry": { "type": "Point", "coordinates": [ 7.616855, 10.607705 ] } },
{ "type": "Feature", "properties": { "id": "S01332", "title": "Kubema", "settlement_type": "Settlement", "ward_code": "W018", "ward_name": "Adwana", "lga_name": "Gwarin", "target_population_under5": 18.0 }, "geometry": { "type": "Point", "coordinates": [ 7.616149, 10.630063 ] } },
{ "type": "Feature", "properties": { "id": "S01360", "title": "Kukota-Yamma", "settlement_type": "Hamlet", "ward_code": "W018", "ward_name": "Adwana", "lga_name": "Gwarin", "target_population_under5": 17.0 }, "geometry": { "type": "Point", "coordinates": [ 7.628362, 10.621635 ] } },
{ "type": "Feature", "properties": { "id": "S01339", "title": "Kuwawo", "settlement_type": "Village", "ward_code": "W018", "ward_name": "Adwana", "lga_name": "Gwarin", "target_population_under5": 26.0 }, "geometry": { "type": "Point", "coordinates": [ 7.56093, 10.639211 ] } },
{ "type": "Feature", "properties": { "id": "S01346", "title": "Lowama-Gabas", "settlement_type": "Village", "ward_code": "W018", "ward_name": "Adwana", "lga_name": "Gwarin", "target_population_under5": 42.0 }, "geometry": { "type": "Point", "coordinates": [ 7.546868, 10.651861 ] } },
{ "type": "Feature", "properties": { "id": "S01323", "title": "Majita", "settlement_type": "Settlement", "ward_code": "W018", "ward_name": "Adwana", "lga_name": "Gwarin", "target_population_under5": 82.0 }, "geometry": { "type": "Point", "coordinates": [ 7.64294, 10.654858 ] } },
{ "type": "Feature", "properties": { "id": "S01366", "title": "Mangona", "settlement_type": "Settlement", "ward_code": "W018", "ward_name": "Adwana", "lga_name": "Gwarin", "target_population_under5": 17.0 }, "geometry": { "type": "Point", "coordinates": [ 7.629454, 10.624492 ] } },
{ "type": "Feature", "properties": { "id": "S01370", "title": "Marawo", "settlement_type": "Village", "ward_code": "W018", "ward_name": "Adwana", "lga_name": "Gwarin", "target_population_under5": 19.0 }, "geometry": { "type": "Point", "coordinates": [ 7.651142, 10.732271 ] } },
{ "type": "Feature", "properties": { "id": "S01365", "title": "Nubeshi", "settlement_type": "Hamlet", "ward_code": "W018", "ward_name": "Adwana", "lga_name": "Gwarin", "target_population_under5": 3.0 }, "geometry": { "type": "Point", "coordinates": [ 7.555263, 10.634593 ] } },
{ "type": "Feature", "properties": { "id": "S01333", "title": "Nudude", "settlement_type": "Village", "ward_code": "W018", "ward_name": "Adwana", "lga_name": "Gwarin", "target_population_under5": 146.0 }, "geometry": { "type": "Point", "coordinates": [ 7.622413, 10.614591 ] } },
{ "type": "Feature", "properties": { "id": "S01345", "title": "Nuwawa", "settlement_type": "Hamlet", "ward_code": "W018", "ward_name": "Adwana", "lga_name": "Gwarin", "target_population_under5": 23.0 }, "geometry": { "type": "Point", "coordinates": [ 7.548567, 10.655576 ] } },
{ "type": "Feature", "properties": { "id": "S01359", "title": "Nuyotu-Gabas", "settlement_type": "Hamlet", "ward_code": "W018", "ward_name": "Adwana", "lga_name": "Gwarin", "target_population_under5": 21.0 }, "geometry": { "type": "Point", "coordinates": [ 7.687864, 10.614873 ] } },
{ "type": "Feature", "properties": { "id": "S01357", "title": "Olmafa-Tsakiya", "settlement_type": "Hamlet", "ward_code": "W018", "ward_name": "Adwana", "lga_name": "Gwarin", "target_population_under5": 8.0 }, "geometry": { "type": "Point", "coordinates": [ 7.631306, 10.625603 ] } },
{ "type": "Feature", "properties": { "id": "S01356", "title": "Risawa-Gabas", "settlement_type": "Village", "ward_code": "W018", "ward_name": "Adwana", "lga_name": "Gwarin", "target_population_under5": 29.0 }, "geometry": { "type": "Point", "coordinates": [ 7.62464, 10.628587 ] } },
{ "type": "Feature", "properties": { "id": "S01334", "title": "Tariba", "settlement_type": "Village", "ward_code": "W018", "ward_name": "Adwana", "lga_name": "Gwarin", "target_population_under5": 20.0 }, "geometry": { "type": "Point", "coordinates": [ 7.551169, 10.747542 ] } },
{ "type": "Feature", "properties": { "id": "S01351", "title": "Tatsiru", "settlement_type": "Hamlet", "ward_code": "W018", "ward_name": "Adwana", "lga_name": "Gwarin", "target_population_under5": 9.0 }, "geometry": { "type": "Point", "coordinates": [ 7.567866, 10.64673 ] } },
{ "type": "Feature", "properties": { "id": "S01322", "title": "Umluri", "settlement_type": "Hamlet", "ward_code": "W018", "ward_name": "Adwana", "lga_name": "Gwarin", "target_population_under5": 14.0 }, "geometry": { "type": "Point", "coordinates": [ 7.555808, 10.633317 ] } },
{ "type": "Feature", "properties": { "id": "S01328", "title": "Ummale", "settlement_type": "Village", "ward_code": "W018", "ward_name": "Adwana", "lga_name": "Gwarin", "target_population_under5": 22.0 }, "geometry": { "type": "Point", "coordinates": [ 7.571588, 10.725953 ] } },
{ "type": "Feature", "properties": { "id": "S01369", "title": "Umriba", "settlement_type": "Village", "ward_code": "W018", "ward_name": "Adwana", "lga_name": "Gwarin", "target_population_under5": 80.0 }, "geometry": { "type": "Point", "coordinates": [ 7.623148, 10.62114 ] } },
{ "type": "Feature", "properties": { "id": "S01368", "title": "Wajitu-Arewa", "settlement_type": "Village", "ward_code": "W018", "ward_name": "Adwana", "lga_name": "Gwarin", "target_population_under5": 38.0 }, "geometry": { "type": "Point", "coordinates": [ 7.564318, 10.645325 ] } },
{ "type": "Feature", "properties": { "id": "S01342", "title": "Yebafa", "settlement_type": "Village", "ward_code": "W018", "ward_name": "Adwana", "lga_name": "Gwarin", "target_population_under5": 34.0 }, "geometry": { "type": "Point", "coordinates": [ 7.614076, 10.62731 ] } },
{ "type": "Feature", "properties": { "id": "S01355", "title": "Zanawa", "settlement_type": "Hamlet", "ward_code": "W018", "ward_name": "Adwana", "lga_name": "Gwarin", "target_population_under5": 22.0 }, "geometry": { "type": "Point", "coordinates": [ 7.638907, 10.626288 ] } },
{ "type": "Feature", "properties": { "id": "S01331", "title": "Zawaru", "settlement_type": "Village", "ward_code": "W018", "ward_name": "Adwana", "lga_name": "Gwarin", "target_population_under5": 58.0 }, "geometry": { "type": "Point", "coordinates": [ 7.580822, 10.645371 ] } },
{ "type": "Feature", "properties": { "id": "S00938", "title": "Bijiru", "settlement_type": "Village", "ward_code": "W012", "ward_name": "Darari", "lga_name": "Gwarin", "target_population_under5": 91.0 }, "geometry": { "type": "Point", "coordinates": [ 7.429997, 10.468265 ] } },
{ "type": "Feature", "properties": { "id": "S00941", "title": "Doyoru", "settlement_type": "Village", "ward_code": "W012", "ward_name": "Darari", "lga_name": "Gwarin", "target_population_under5": 61.0 }, "geometry": { "type": "Point", "coordinates": [ 7.327903, 10.495844 ] } },
{ "type": "Feature", "properties": { "id": "S00949", "title": "Ennale", "settlement_type": "Village", "ward_code": "W012", "ward_name": "Darari", "lga_name": "Gwarin", "target_population_under5": 15.0 }, "geometry": { "type": "Point", "coordinates": [ 7.365524, 10.511387 ] } },
{ "type": "Feature", "properties": { "id": "S00930", "title": "Enngoni-Yamma", "settlement_type": "Village", "ward_code": "W012", "ward_name": "Darari", "lga_name": "Gwarin", "target_population_under5": 31.0 }, "geometry": { "type": "Point", "coordinates": [ 7.330937, 10.547169 ] } },
{ "type": "Feature", "properties": { "id": "S00935", "title": "Ensawo", "settlement_type": "Village", "ward_code": "W012", "ward_name": "Darari", "lga_name": "Gwarin", "target_population_under5": 81.0 }, "geometry": { "type": "Point", "coordinates": [ 7.344431, 10.550346 ] } },
{ "type": "Feature", "properties": { "id": "S00932", "title": "Habatu", "settlement_type": "Hamlet", "ward_code": "W012", "ward_name": "Darari", "lga_name": "Gwarin", "target_population_under5": 12.0 }, "geometry": { "type": "Point", "coordinates": [ 7.328668, 10.519834 ] } },
{ "type": "Feature", "properties": { "id": "S00944", "title": "Haluta", "settlement_type": "Village", "ward_code": "W012", "ward_name": "Darari", "lga_name": "Gwarin", "target_population_under5": 22.0 }, "geometry": { "type": "Point", "coordinates": [ 7.31043, 10.516305 ] } },
{ "type": "Feature", "properties": { "id": "S00952", "title": "Ibdushi", "settlement_type": "Hamlet", "ward_code": "W012", "ward_name": "Darari", "lga_name": "Gwarin", "target_population_under5": 43.0 }, "geometry": { "type": "Point", "coordinates": [ 7.321847, 10.520494 ] } },
{ "type": "Feature", "properties": { "id": "S00946", "title": "Ibmawa", "settlement_type": "Village", "ward_code": "W012", "ward_name": "Darari", "lga_name": "Gwarin", "target_population_under5": 167.0 }, "geometry": { "type": "Point", "coordinates": [ 7.33522, 10.533201 ] } },
{ "type": "Feature", "properties": { "id": "S00929", "title": "Jikoko", "settlement_type": "Village", "ward_code": "W012", "ward_name": "Darari", "lga_name": "Gwarin", "target_population_under5": 85.0 }, "geometry": { "type": "Point", "coordinates": [ 7.324705, 10.497805 ] } },
{ "type": "Feature", "properties": { "id": "S00940", "title": "Kabafa-Yamma", "settlement_type": "Hamlet", "ward_code": "W012", "ward_name": "Darari", "lga_name": "Gwarin", "target_population_under5": 45.0 }, "geometry": { "type": "Point", "coordinates": [ 7.332454, 10.492404 ] } },
{ "type": "Feature", "properties": { "id": "S00948", "title": "Kamasa", "settlement_type": "Village", "ward_code": "W012", "ward_name": "Darari", "lga_name": "Gwarin", "target_population_under5": 54.0 }, "geometry": { "type": "Point", "coordinates": [ 7.33167, 10.500264 ] } },
{ "type": "Feature", "properties": { "id": "S00927", "title": "Kujifa", "settlement_type": "Village", "ward_code": "W012", "ward_name": "Darari", "lga_name": "Gwarin", "target_population_under5": 173.0 }, "geometry": { "type": "Point", "coordinates": [ 7.456489, 10.467199 ] } },
{ "type": "Feature", "properties": { "id": "S00934", "title": "Kurisa", "settlement_type": "Hamlet", "ward_code": "W012", "ward_name": "Darari", "lga_name": "Gwarin", "target_population_under5": 41.0 }, "geometry": { "type": "Point", "coordinates": [ 7.325045, 10.50209 ] } },
{ "type": "Feature", "properties": { "id": "S00943", "title": "Kuriwo", "settlement_type": "Village", "ward_code": "W012", "ward_name": "Darari", "lga_name": "Gwarin", "target_population_under5": 9.0 }, "geometry": { "type": "Point", "coordinates": [ 7.400692, 10.452861 ] } },
{ "type": "Feature", "properties": { "id": "S00942", "title": "Kushaba", "settlement_type": "Settlement", "ward_code": "W012", "ward_name": "Darari", "lga_name": "Gwarin", "target_population_under5": 51.0 }, "geometry": { "type": "Point", "coordinates": [ 7.342749, 10.500771 ] } },
{ "type": "Feature", "properties": { "id": "S00947", "title": "Mazana", "settlement_type": "Settlement", "ward_code": "W012", "ward_name": "Darari", "lga_name": "Gwarin", "target_population_under5": 60.0 }, "geometry": { "type": "Point", "coordinates": [ 7.391207, 10.491406 ] } },
{ "type": "Feature", "properties": { "id": "S00936", "title": "Nuderi", "settlement_type": "Hamlet", "ward_code": "W012", "ward_name": "Darari", "lga_name": "Gwarin", "target_population_under5": 20.0 }, "geometry": { "type": "Point", "coordinates": [ 7.432699, 10.471632 ] } },
{ "type": "Feature", "properties": { "id": "S00939", "title": "Okngori", "settlement_type": "Settlement", "ward_code": "W012", "ward_name": "Darari", "lga_name": "Gwarin", "target_population_under5": 58.0 }, "geometry": { "type": "Point", "coordinates": [ 7.344232, 10.502982 ] } },
{ "type": "Feature", "properties": { "id": "S00931", "title": "Rijidu", "settlement_type": "Hamlet", "ward_code": "W012", "ward_name": "Darari", "lga_name": "Gwarin", "target_population_under5": 38.0 }, "geometry": { "type": "Point", "coordinates": [ 7.334347, 10.527604 ] } },
{ "type": "Feature", "properties": { "id": "S00928", "title": "Satside", "settlement_type": "Village", "ward_code": "W012", "ward_name": "Darari", "lga_name": "Gwarin", "target_population_under5": 87.0 }, "geometry": { "type": "Point", "coordinates": [ 7.328255, 10.527786 ] } },
{ "type": "Feature", "properties": { "id": "S00926", "title": "Sungodu", "settlement_type": "Village", "ward_code": "W012", "ward_name": "Darari", "lga_name": "Gwarin", "target_population_under5": 115.0 }, "geometry": { "type": "Point", "coordinates": [ 7.324586, 10.514205 ] } },
{ "type": "Feature", "properties": { "id": "S00933", "title": "Tawako", "settlement_type": "Village", "ward_code": "W012", "ward_name": "Darari", "lga_name": "Gwarin", "target_population_under5": 150.0 }, "geometry": { "type": "Point", "coordinates": [ 7.458745, 10.454442 ] } },
{ "type": "Feature", "properties": { "id": "S00937", "title": "Umsale", "settlement_type": "Village", "ward_code": "W012", "ward_name": "Darari", "lga_name": "Gwarin", "target_population_under5": 115.0 }, "geometry": { "type": "Point", "coordinates": [ 7.316596, 10.526595 ] } },
{ "type": "Feature", "properties": { "id": "S00945", "title": "Umtiwo", "settlement_type": "Village", "ward_code": "W012", "ward_name": "Darari", "lga_name": "Gwarin", "target_population_under5": 146.0 }, "geometry": { "type": "Point", "coordinates": [ 7.423669, 10.452464 ] } },
{ "type": "Feature", "properties": { "id": "S00951", "title": "Wamama", "settlement_type": "Settlement", "ward_code": "W012", "ward_name": "Darari", "lga_name": "Gwarin", "target_population_under5": 57.0 }, "geometry": { "type": "Point", "coordinates": [ 7.325056, 10.50828 ] } },
{ "type": "Feature", "properties": { "id": "S00950", "title": "Zakota", "settlement_type": "Hamlet", "ward_code": "W012", "ward_name": "Darari", "lga_name": "Gwarin", "target_population_under5": 16.0 }, "geometry": { "type": "Point", "coordinates": [ 7.330579, 10.560816 ] } },
{ "type": "Feature", "properties": { "id": "S00881", "title": "Adyowo", "settlement_type": "Hamlet", "ward_code": "W011", "ward_name": "Enyoko-Kofar", "lga_name": "Gwarin", "target_population_under5": 54.0 }, "geometry": { "type": "Point", "coordinates": [ 7.748297, 10.393517 ] } },
{ "type": "Feature", "properties": { "id": "S00895", "title": "Aglayi", "settlement_type": "Village", "ward_code": "W011", "ward_name": "Enyoko-Kofar", "lga_name": "Gwarin", "target_population_under5": 18.0 }, "geometry": { "type": "Point", "coordinates": [ 7.701337, 10.416512 ] } },
{ "type": "Feature", "properties": { "id": "S00888", "title": "Bibafa", "settlement_type": "Settlement", "ward_code": "W011", "ward_name": "Enyoko-Kofar", "lga_name": "Gwarin", "target_population_under5": 54.0 }, "geometry": { "type": "Point", "coordinates": [ 7.723452, 10.390444 ] } },
{ "type": "Feature", "properties": { "id": "S00882", "title": "Bimaba-Kofar", "settlement_type": "Settlement", "ward_code": "W011", "ward_name": "Enyoko-Kofar", "lga_name": "Gwarin", "target_population_under5": 57.0 }, "geometry": { "type": "Point", "coordinates": [ 7.718791, 10.420122 ] } },
{ "type": "Feature", "properties": { "id": "S00887", "title": "Biwaba", "settlement_type": "Settlement", "ward_code": "W011", "ward_name": "Enyoko-Kofar", "lga_name": "Gwarin", "target_population_under5": 20.0 }, "geometry": { "type": "Point", "coordinates": [ 7.602156, 10.430614 ] } },
{ "type": "Feature", "properties": { "id": "S00910", "title": "Bizatu", "settlement_type": "Village", "ward_code": "W011", "ward_name": "Enyoko-Kofar", "lga_name": "Gwarin", "target_population_under5": 81.0 }, "geometry": { "type": "Point", "coordinates": [ 7.611556, 10.413685 ] } },
{ "type": "Feature", "properties": { "id": "S00901", "title": "Dayoni-Kudu", "settlement_type": "Settlement", "ward_code": "W011", "ward_name": "Enyoko-Kofar", "lga_name": "Gwarin", "target_population_under5": 11.0 }, "geometry": { "type": "Point", "coordinates": [ 7.70901, 10.476095 ] } },
{ "type": "Feature", "properties": { "id": "S00875", "title": "Dazaba", "settlement_type": "Hamlet", "ward_code": "W011", "ward_name": "Enyoko-Kofar", "lga_name": "Gwarin", "target_population_under5": 30.0 }, "geometry": { "type": "Point", "coordinates": [ 7.564069, 10.400804 ] } },
{ "type": "Feature", "properties": { "id": "S00914", "title": "Doshawo", "settlement_type": "Hamlet", "ward_code": "W011", "ward_name": "Enyoko-Kofar", "lga_name": "Gwarin", "target_population_under5": 7.0 }, "geometry": { "type": "Point", "coordinates": [ 7.726696, 10.409491 ] } },
{ "type": "Feature", "properties": { "id": "S00912", "title": "Endefa", "settlement_type": "Hamlet", "ward_code": "W011", "ward_name": "Enyoko-Kofar", "lga_name": "Gwarin", "target_population_under5": 10.0 }, "geometry": { "type": "Point", "coordinates": [ 7.608332, 10.429624 ] } },
{ "type": "Feature", "properties": { "id": "S00900", "title": "Enjiwa", "settlement_type": "Settlement", "ward_code": "W011", "ward_name": "Enyoko-Kofar", "lga_name": "Gwarin", "target_population_under5": 34.0 }, "geometry": { "type": "Point", "coordinates": [ 7.641796, 10.404567 ] } },
{ "type": "Feature", "properties": { "id": "S00879", "title": "Enluwa", "settlement_type": "Urban block", "ward_code": "W011", "ward_name": "Enyoko-Kofar", "lga_name": "Gwarin", "target_population_under5": 303.0 }, "geometry": { "type": "Point", "coordinates": [ 7.593484, 10.372532 ] } },
{ "type": "Feature", "properties": { "id": "S00906", "title": "Ennashi", "settlement_type": "Settlement", "ward_code": "W011", "ward_name": "Enyoko-Kofar", "lga_name": "Gwarin", "target_population_under5": 34.0 }, "geometry": { "type": "Point", "coordinates": [ 7.698152, 10.418491 ] } },
{ "type": "Feature", "properties": { "id": "S00890", "title": "Entina", "settlement_type": "Hamlet", "ward_code": "W011", "ward_name": "Enyoko-Kofar", "lga_name": "Gwarin", "target_population_under5": 27.0 }, "geometry": { "type": "Point", "coordinates": [ 7.566494, 10.423747 ] } },
{ "type": "Feature", "properties": { "id": "S00918", "title": "Enwade", "settlement_type": "Hamlet", "ward_code": "W011", "ward_name": "Enyoko-Kofar", "lga_name": "Gwarin", "target_population_under5": 10.0 }, "geometry": { "type": "Point", "coordinates": [ 7.704543, 10.488818 ] } },
{ "type": "Feature", "properties": { "id": "S00908", "title": "Falami", "settlement_type": "Hamlet", "ward_code": "W011", "ward_name": "Enyoko-Kofar", "lga_name": "Gwarin", "target_population_under5": 23.0 }, "geometry": { "type": "Point", "coordinates": [ 7.589722, 10.421465 ] } },
{ "type": "Feature", "properties": { "id": "S00880", "title": "Farani", "settlement_type": "Settlement", "ward_code": "W011", "ward_name": "Enyoko-Kofar", "lga_name": "Gwarin", "target_population_under5": 96.0 }, "geometry": { "type": "Point", "coordinates": [ 7.669437, 10.470584 ] } },
{ "type": "Feature", "properties": { "id": "S00920", "title": "Farasa", "settlement_type": "Hamlet", "ward_code": "W011", "ward_name": "Enyoko-Kofar", "lga_name": "Gwarin", "target_population_under5": 4.0 }, "geometry": { "type": "Point", "coordinates": [ 7.726038, 10.402832 ] } },
{ "type": "Feature", "properties": { "id": "S00872", "title": "Fayowo", "settlement_type": "Village", "ward_code": "W011", "ward_name": "Enyoko-Kofar", "lga_name": "Gwarin", "target_population_under5": 61.0 }, "geometry": { "type": "Point", "coordinates": [ 7.746926, 10.415517 ] } },
{ "type": "Feature", "properties": { "id": "S00874", "title": "Guderu", "settlement_type": "Village", "ward_code": "W011", "ward_name": "Enyoko-Kofar", "lga_name": "Gwarin", "target_population_under5": 119.0 }, "geometry": { "type": "Point", "coordinates": [ 7.744771, 10.410851 ] } },
{ "type": "Feature", "properties": { "id": "S00905", "title": "Gurawa", "settlement_type": "Settlement", "ward_code": "W011", "ward_name": "Enyoko-Kofar", "lga_name": "Gwarin", "target_population_under5": 66.0 }, "geometry": { "type": "Point", "coordinates": [ 7.611107, 10.389166 ] } },
{ "type": "Feature", "properties": { "id": "S00915", "title": "Gurija", "settlement_type": "Hamlet", "ward_code": "W011", "ward_name": "Enyoko-Kofar", "lga_name": "Gwarin", "target_population_under5": 30.0 }, "geometry": { "type": "Point", "coordinates": [ 7.717925, 10.487689 ] } },
{ "type": "Feature", "properties": { "id": "S00876", "title": "Guzafa", "settlement_type": "Hamlet", "ward_code": "W011", "ward_name": "Enyoko-Kofar", "lga_name": "Gwarin", "target_population_under5": 6.0 }, "geometry": { "type": "Point", "coordinates": [ 7.590057, 10.427558 ] } },
{ "type": "Feature", "properties": { "id": "S00903", "title": "Halaru", "settlement_type": "Settlement", "ward_code": "W011", "ward_name": "Enyoko-Kofar", "lga_name": "Gwarin", "target_population_under5": 12.0 }, "geometry": { "type": "Point", "coordinates": [ 7.736398, 10.465126 ] } },
{ "type": "Feature", "properties": { "id": "S00897", "title": "Ibdeta", "settlement_type": "Village", "ward_code": "W011", "ward_name": "Enyoko-Kofar", "lga_name": "Gwarin", "target_population_under5": 79.0 }, "geometry": { "type": "Point", "coordinates": [ 7.651173, 10.427962 ] } },
{ "type": "Feature", "properties": { "id": "S00873", "title": "Ibsharu", "settlement_type": "Village", "ward_code": "W011", "ward_name": "Enyoko-Kofar", "lga_name": "Gwarin", "target_population_under5": 28.0 }, "geometry": { "type": "Point", "coordinates": [ 7.715605, 10.479963 ] } },
{ "type": "Feature", "properties": { "id": "S00925", "title": "Ibtsiwa", "settlement_type": "Village", "ward_code": "W011", "ward_name": "Enyoko-Kofar", "lga_name": "Gwarin", "target_population_under5": 29.0 }, "geometry": { "type": "Point", "coordinates": [ 7.594387, 10.429899 ] } },
{ "type": "Feature", "properties": { "id": "S00907", "title": "Jibari", "settlement_type": "Village", "ward_code": "W011", "ward_name": "Enyoko-Kofar", "lga_name": "Gwarin", "target_population_under5": 39.0 }, "geometry": { "type": "Point", "coordinates": [ 7.73577, 10.405734 ] } },
{ "type": "Feature", "properties": { "id": "S00922", "title": "Jideri", "settlement_type": "Village", "ward_code": "W011", "ward_name": "Enyoko-Kofar", "lga_name": "Gwarin", "target_population_under5": 131.0 }, "geometry": { "type": "Point", "coordinates": [ 7.697589, 10.42103 ] } },
{ "type": "Feature", "properties": { "id": "S00899", "title": "Jinani", "settlement_type": "Hamlet", "ward_code": "W011", "ward_name": "Enyoko-Kofar", "lga_name": "Gwarin", "target_population_under5": 27.0 }, "geometry": { "type": "Point", "coordinates": [ 7.705002, 10.412266 ] } },
{ "type": "Feature", "properties": { "id": "S00911", "title": "Kuride", "settlement_type": "Village", "ward_code": "W011", "ward_name": "Enyoko-Kofar", "lga_name": "Gwarin", "target_population_under5": 28.0 }, "geometry": { "type": "Point", "coordinates": [ 7.713231, 10.494124 ] } },
{ "type": "Feature", "properties": { "id": "S00896", "title": "Kuyoko", "settlement_type": "Village", "ward_code": "W011", "ward_name": "Enyoko-Kofar", "lga_name": "Gwarin", "target_population_under5": 110.0 }, "geometry": { "type": "Point", "coordinates": [ 7.676509, 10.365949 ] } },
{ "type": "Feature", "properties": { "id": "S00886", "title": "Lodeja", "settlement_type": "Hamlet", "ward_code": "W011", "ward_name": "Enyoko-Kofar", "lga_name": "Gwarin", "target_population_under5": 47.0 }, "geometry": { "type": "Point", "coordinates": [ 7.558284, 10.418976 ] } },
{ "type": "Feature", "properties": { "id": "S00894", "title": "Lolade", "settlement_type": "Village", "ward_code": "W011", "ward_name": "Enyoko-Kofar", "lga_name": "Gwarin", "target_population_under5": 96.0 }, "geometry": { "type": "Point", "coordinates": [ 7.597463, 10.421999 ] } },
{ "type": "Feature", "properties": { "id": "S00891", "title": "Lowatu", "settlement_type": "Village", "ward_code": "W011", "ward_name": "Enyoko-Kofar", "lga_name": "Gwarin", "target_population_under5": 50.0 }, "geometry": { "type": "Point", "coordinates": [ 7.572435, 10.399481 ] } },
{ "type": "Feature", "properties": { "id": "S00923", "title": "Nulako", "settlement_type": "Village", "ward_code": "W011", "ward_name": "Enyoko-Kofar", "lga_name": "Gwarin", "target_population_under5": 118.0 }, "geometry": { "type": "Point", "coordinates": [ 7.742756, 10.470769 ] } },
{ "type": "Feature", "properties": { "id": "S00913", "title": "Nuradu", "settlement_type": "Hamlet", "ward_code": "W011", "ward_name": "Enyoko-Kofar", "lga_name": "Gwarin", "target_population_under5": 43.0 }, "geometry": { "type": "Point", "coordinates": [ 7.67595, 10.434364 ] } },
{ "type": "Feature", "properties": { "id": "S00924", "title": "Oktina", "settlement_type": "Village", "ward_code": "W011", "ward_name": "Enyoko-Kofar", "lga_name": "Gwarin", "target_population_under5": 32.0 }, "geometry": { "type": "Point", "coordinates": [ 7.718606, 10.416917 ] } },
{ "type": "Feature", "properties": { "id": "S00889", "title": "Oktsini", "settlement_type": "Hamlet", "ward_code": "W011", "ward_name": "Enyoko-Kofar", "lga_name": "Gwarin", "target_population_under5": 13.0 }, "geometry": { "type": "Point", "coordinates": [ 7.61746, 10.424557 ] } },
{ "type": "Feature", "properties": { "id": "S00892", "title": "Olbeba", "settlement_type": "Village", "ward_code": "W011", "ward_name": "Enyoko-Kofar", "lga_name": "Gwarin", "target_population_under5": 30.0 }, "geometry": { "type": "Point", "coordinates": [ 7.707046, 10.402524 ] } },
{ "type": "Feature", "properties": { "id": "S00921", "title": "Olbemi-Kudu", "settlement_type": "Hamlet", "ward_code": "W011", "ward_name": "Enyoko-Kofar", "lga_name": "Gwarin", "target_population_under5": 14.0 }, "geometry": { "type": "Point", "coordinates": [ 7.605649, 10.441808 ] } },
{ "type": "Feature", "properties": { "id": "S00917", "title": "Olmami", "settlement_type": "Village", "ward_code": "W011", "ward_name": "Enyoko-Kofar", "lga_name": "Gwarin", "target_population_under5": 86.0 }, "geometry": { "type": "Point", "coordinates": [ 7.584431, 10.4183 ] } },
{ "type": "Feature", "properties": { "id": "S00884", "title": "Ribawa", "settlement_type": "Hamlet", "ward_code": "W011", "ward_name": "Enyoko-Kofar", "lga_name": "Gwarin", "target_population_under5": 12.0 }, "geometry": { "type": "Point", "coordinates": [ 7.585462, 10.416432 ] } },
{ "type": "Feature", "properties": { "id": "S00885", "title": "Riduko", "settlement_type": "Village", "ward_code": "W011", "ward_name": "Enyoko-Kofar", "lga_name": "Gwarin", "target_population_under5": 45.0 }, "geometry": { "type": "Point", "coordinates": [ 7.702719, 10.435202 ] } },
{ "type": "Feature", "properties": { "id": "S00883", "title": "Ritsiba", "settlement_type": "Hamlet", "ward_code": "W011", "ward_name": "Enyoko-Kofar", "lga_name": "Gwarin", "target_population_under5": 12.0 }, "geometry": { "type": "Point", "coordinates": [ 7.594728, 10.406755 ] } },
{ "type": "Feature", "properties": { "id": "S00904", "title": "Sadedu", "settlement_type": "Hamlet", "ward_code": "W011", "ward_name": "Enyoko-Kofar", "lga_name": "Gwarin", "target_population_under5": 4.0 }, "geometry": { "type": "Point", "coordinates": [ 7.754875, 10.423017 ] } },
{ "type": "Feature", "properties": { "id": "S00898", "title": "Saduri-Gabas", "settlement_type": "Settlement", "ward_code": "W011", "ward_name": "Enyoko-Kofar", "lga_name": "Gwarin", "target_population_under5": 74.0 }, "geometry": { "type": "Point", "coordinates": [ 7.585269, 10.405774 ] } },
{ "type": "Feature", "properties": { "id": "S00893", "title": "Sashaba", "settlement_type": "Hamlet", "ward_code": "W011", "ward_name": "Enyoko-Kofar", "lga_name": "Gwarin", "target_population_under5": 47.0 }, "geometry": { "type": "Point", "coordinates": [ 7.730796, 10.471925 ] } },
{ "type": "Feature", "properties": { "id": "S00916", "title": "Suzayi", "settlement_type": "Hamlet", "ward_code": "W011", "ward_name": "Enyoko-Kofar", "lga_name": "Gwarin", "target_population_under5": 7.0 }, "geometry": { "type": "Point", "coordinates": [ 7.740238, 10.418368 ] } },
{ "type": "Feature", "properties": { "id": "S00902", "title": "Talawo", "settlement_type": "Village", "ward_code": "W011", "ward_name": "Enyoko-Kofar", "lga_name": "Gwarin", "target_population_under5": 41.0 }, "geometry": { "type": "Point", "coordinates": [ 7.727136, 10.416396 ] } },
{ "type": "Feature", "properties": { "id": "S00877", "title": "Umlawo", "settlement_type": "Hamlet", "ward_code": "W011", "ward_name": "Enyoko-Kofar", "lga_name": "Gwarin", "target_population_under5": 37.0 }, "geometry": { "type": "Point", "coordinates": [ 7.717825, 10.461099 ] } },
{ "type": "Feature", "properties": { "id": "S00878", "title": "Wazami", "settlement_type": "Hamlet", "ward_code": "W011", "ward_name": "Enyoko-Kofar", "lga_name": "Gwarin", "target_population_under5": 10.0 }, "geometry": { "type": "Point", "coordinates": [ 7.716025, 10.405903 ] } },
{ "type": "Feature", "properties": { "id": "S00909", "title": "Zabale", "settlement_type": "Settlement", "ward_code": "W011", "ward_name": "Enyoko-Kofar", "lga_name": "Gwarin", "target_population_under5": 60.0 }, "geometry": { "type": "Point", "coordinates": [ 7.739704, 10.415343 ] } },
{ "type": "Feature", "properties": { "id": "S00919", "title": "Zalasa", "settlement_type": "Village", "ward_code": "W011", "ward_name": "Enyoko-Kofar", "lga_name": "Gwarin", "target_population_under5": 50.0 }, "geometry": { "type": "Point", "coordinates": [ 7.596503, 10.390223 ] } },
{ "type": "Feature", "properties": { "id": "S00864", "title": "Agngoja", "settlement_type": "Village", "ward_code": "W010", "ward_name": "Fazafa", "lga_name": "Gwarin", "target_population_under5": 40.0 }, "geometry": { "type": "Point", "coordinates": [ 7.39779, 10.846164 ] } },
{ "type": "Feature", "properties": { "id": "S00857", "title": "Baludu-Gabas", "settlement_type": "Hamlet", "ward_code": "W010", "ward_name": "Fazafa", "lga_name": "Gwarin", "target_population_under5": 24.0 }, "geometry": { "type": "Point", "coordinates": [ 7.420379, 10.880013 ] } },
{ "type": "Feature", "properties": { "id": "S00843", "title": "Bibeyi", "settlement_type": "Village", "ward_code": "W010", "ward_name": "Fazafa", "lga_name": "Gwarin", "target_population_under5": 130.0 }, "geometry": { "type": "Point", "coordinates": [ 7.411834, 10.868903 ] } },
{ "type": "Feature", "properties": { "id": "S00866", "title": "Bilade", "settlement_type": "Hamlet", "ward_code": "W010", "ward_name": "Fazafa", "lga_name": "Gwarin", "target_population_under5": 20.0 }, "geometry": { "type": "Point", "coordinates": [ 7.429669, 10.804972 ] } },
{ "type": "Feature", "properties": { "id": "S00837", "title": "Biyomi", "settlement_type": "Hamlet", "ward_code": "W010", "ward_name": "Fazafa", "lga_name": "Gwarin", "target_population_under5": 15.0 }, "geometry": { "type": "Point", "coordinates": [ 7.486305, 10.798827 ] } },
{ "type": "Feature", "properties": { "id": "S00840", "title": "Dajile", "settlement_type": "Urban block", "ward_code": "W010", "ward_name": "Fazafa", "lga_name": "Gwarin", "target_population_under5": 193.0 }, "geometry": { "type": "Point", "coordinates": [ 7.399693, 10.877864 ] } },
{ "type": "Feature", "properties": { "id": "S00853", "title": "Dobesa", "settlement_type": "Urban block", "ward_code": "W010", "ward_name": "Fazafa", "lga_name": "Gwarin", "target_population_under5": 564.0 }, "geometry": { "type": "Point", "coordinates": [ 7.430531, 10.753206 ] } },
{ "type": "Feature", "properties": { "id": "S00862", "title": "Dolari", "settlement_type": "Village", "ward_code": "W010", "ward_name": "Fazafa", "lga_name": "Gwarin", "target_population_under5": 96.0 }, "geometry": { "type": "Point", "coordinates": [ 7.401015, 10.851367 ] } },
{ "type": "Feature", "properties": { "id": "S00831", "title": "Enluru", "settlement_type": "Village", "ward_code": "W010", "ward_name": "Fazafa", "lga_name": "Gwarin", "target_population_under5": 46.0 }, "geometry": { "type": "Point", "coordinates": [ 7.427306, 10.789788 ] } },
{ "type": "Feature", "properties": { "id": "S00855", "title": "Entima-Sabo", "settlement_type": "Hamlet", "ward_code": "W010", "ward_name": "Fazafa", "lga_name": "Gwarin", "target_population_under5": 3.0 }, "geometry": { "type": "Point", "coordinates": [ 7.438405, 10.803289 ] } },
{ "type": "Feature", "properties": { "id": "S00847", "title": "Fariwa-Tsakiya", "settlement_type": "Village", "ward_code": "W010", "ward_name": "Fazafa", "lga_name": "Gwarin", "target_population_under5": 115.0 }, "geometry": { "type": "Point", "coordinates": [ 7.423915, 10.906693 ] } },
{ "type": "Feature", "properties": { "id": "S00856", "title": "Gudeja", "settlement_type": "Settlement", "ward_code": "W010", "ward_name": "Fazafa", "lga_name": "Gwarin", "target_population_under5": 6.0 }, "geometry": { "type": "Point", "coordinates": [ 7.446851, 10.883179 ] } },
{ "type": "Feature", "properties": { "id": "S00839", "title": "Guluma", "settlement_type": "Settlement", "ward_code": "W010", "ward_name": "Fazafa", "lga_name": "Gwarin", "target_population_under5": 79.0 }, "geometry": { "type": "Point", "coordinates": [ 7.412295, 10.900244 ] } },
{ "type": "Feature", "properties": { "id": "S00867", "title": "Hamasa-Tudun", "settlement_type": "Hamlet", "ward_code": "W010", "ward_name": "Fazafa", "lga_name": "Gwarin", "target_population_under5": 7.0 }, "geometry": { "type": "Point", "coordinates": [ 7.437001, 10.775644 ] } },
{ "type": "Feature", "properties": { "id": "S00868", "title": "Ibbawo", "settlement_type": "Hamlet", "ward_code": "W010", "ward_name": "Fazafa", "lga_name": "Gwarin", "target_population_under5": 11.0 }, "geometry": { "type": "Point", "coordinates": [ 7.474973, 10.775624 ] } },
{ "type": "Feature", "properties": { "id": "S00826", "title": "Ibyofa", "settlement_type": "Village", "ward_code": "W010", "ward_name": "Fazafa", "lga_name": "Gwarin", "target_population_under5": 64.0 }, "geometry": { "type": "Point", "coordinates": [ 7.378752, 10.823223 ] } },
{ "type": "Feature", "properties": { "id": "S00850", "title": "Irmana-Sabo", "settlement_type": "Village", "ward_code": "W010", "ward_name": "Fazafa", "lga_name": "Gwarin", "target_population_under5": 50.0 }, "geometry": { "type": "Point", "coordinates": [ 7.398123, 10.782524 ] } },
{ "type": "Feature", "properties": { "id": "S00858", "title": "Jiyole-Yamma", "settlement_type": "Village", "ward_code": "W010", "ward_name": "Fazafa", "lga_name": "Gwarin", "target_population_under5": 60.0 }, "geometry": { "type": "Point", "coordinates": [ 7.478745, 10.808104 ] } },
{ "type": "Feature", "properties": { "id": "S00833", "title": "Kasani", "settlement_type": "Village", "ward_code": "W010", "ward_name": "Fazafa", "lga_name": "Gwarin", "target_population_under5": 23.0 }, "geometry": { "type": "Point", "coordinates": [ 7.422949, 10.901691 ] } },
{ "type": "Feature", "properties": { "id": "S00829", "title": "Kutsiwo", "settlement_type": "Settlement", "ward_code": "W010", "ward_name": "Fazafa", "lga_name": "Gwarin", "target_population_under5": 39.0 }, "geometry": { "type": "Point", "coordinates": [ 7.437029, 10.845626 ] } },
{ "type": "Feature", "properties": { "id": "S00848", "title": "Lodewa", "settlement_type": "Hamlet", "ward_code": "W010", "ward_name": "Fazafa", "lga_name": "Gwarin", "target_population_under5": null }, "geometry": { "type": "Point", "coordinates": [ 7.419587, 10.816779 ] } },
{ "type": "Feature", "properties": { "id": "S00836", "title": "Madeko", "settlement_type": "Hamlet", "ward_code": "W010", "ward_name": "Fazafa", "lga_name": "Gwarin", "target_population_under5": 9.0 }, "geometry": { "type": "Point", "coordinates": [ 7.382724, 10.829599 ] } },
{ "type": "Feature", "properties": { "id": "S00851", "title": "Okbami", "settlement_type": "Village", "ward_code": "W010", "ward_name": "Fazafa", "lga_name": "Gwarin", "target_population_under5": 32.0 }, "geometry": { "type": "Point", "coordinates": [ 7.420985, 10.901499 ] } },
{ "type": "Feature", "properties": { "id": "S00841", "title": "Okkoni", "settlement_type": "Village", "ward_code": "W010", "ward_name": "Fazafa", "lga_name": "Gwarin", "target_population_under5": 119.0 }, "geometry": { "type": "Point", "coordinates": [ 7.411649, 10.898791 ] } },
{ "type": "Feature", "properties": { "id": "S00860", "title": "Okmami", "settlement_type": "Village", "ward_code": "W010", "ward_name": "Fazafa", "lga_name": "Gwarin", "target_population_under5": 92.0 }, "geometry": { "type": "Point", "coordinates": [ 7.413318, 10.895467 ] } },
{ "type": "Feature", "properties": { "id": "S00846", "title": "Okshata", "settlement_type": "Hamlet", "ward_code": "W010", "ward_name": "Fazafa", "lga_name": "Gwarin", "target_population_under5": 15.0 }, "geometry": { "type": "Point", "coordinates": [ 7.413858, 10.805366 ] } },
{ "type": "Feature", "properties": { "id": "S00861", "title": "Okwaba", "settlement_type": "Hamlet", "ward_code": "W010", "ward_name": "Fazafa", "lga_name": "Gwarin", "target_population_under5": 26.0 }, "geometry": { "type": "Point", "coordinates": [ 7.444357, 10.757621 ] } },
{ "type": "Feature", "properties": { "id": "S00870", "title": "Okyosa", "settlement_type": "Hamlet", "ward_code": "W010", "ward_name": "Fazafa", "lga_name": "Gwarin", "target_population_under5": 22.0 }, "geometry": { "type": "Point", "coordinates": [ 7.380508, 10.794054 ] } },
{ "type": "Feature", "properties": { "id": "S00828", "title": "Okzade", "settlement_type": "Village", "ward_code": "W010", "ward_name": "Fazafa", "lga_name": "Gwarin", "target_population_under5": 59.0 }, "geometry": { "type": "Point", "coordinates": [ 7.434969, 10.803039 ] } },
{ "type": "Feature", "properties": { "id": "S00849", "title": "Ribefa", "settlement_type": "Village", "ward_code": "W010", "ward_name": "Fazafa", "lga_name": "Gwarin", "target_population_under5": 75.0 }, "geometry": { "type": "Point", "coordinates": [ 7.433887, 10.762987 ] } },
{ "type": "Feature", "properties": { "id": "S00863", "title": "Sarawo", "settlement_type": "Settlement", "ward_code": "W010", "ward_name": "Fazafa", "lga_name": "Gwarin", "target_population_under5": 18.0 }, "geometry": { "type": "Point", "coordinates": [ 7.457031, 10.859359 ] } },
{ "type": "Feature", "properties": { "id": "S00832", "title": "Satsisa-Tudun", "settlement_type": "Village", "ward_code": "W010", "ward_name": "Fazafa", "lga_name": "Gwarin", "target_population_under5": 62.0 }, "geometry": { "type": "Point", "coordinates": [ 7.427542, 10.801947 ] } },
{ "type": "Feature", "properties": { "id": "S00869", "title": "Sulushi", "settlement_type": "Village", "ward_code": "W010", "ward_name": "Fazafa", "lga_name": "Gwarin", "target_population_under5": 137.0 }, "geometry": { "type": "Point", "coordinates": [ 7.427856, 10.776318 ] } },
{ "type": "Feature", "properties": { "id": "S00852", "title": "Susaba-Kofar", "settlement_type": "Village", "ward_code": "W010", "ward_name": "Fazafa", "lga_name": "Gwarin", "target_population_under5": 20.0 }, "geometry": { "type": "Point", "coordinates": [ 7.446788, 10.841926 ] } },
{ "type": "Feature", "properties": { "id": "S00834", "title": "Susayi", "settlement_type": "Village", "ward_code": "W010", "ward_name": "Fazafa", "lga_name": "Gwarin", "target_population_under5": 22.0 }, "geometry": { "type": "Point", "coordinates": [ 7.42613, 10.866783 ] } },
{ "type": "Feature", "properties": { "id": "S00854", "title": "Tasana", "settlement_type": "Hamlet", "ward_code": "W010", "ward_name": "Fazafa", "lga_name": "Gwarin", "target_population_under5": 35.0 }, "geometry": { "type": "Point", "coordinates": [ 7.454886, 10.791091 ] } },
{ "type": "Feature", "properties": { "id": "S00865", "title": "Tashade-Gabas", "settlement_type": "Urban block", "ward_code": "W010", "ward_name": "Fazafa", "lga_name": "Gwarin", "target_population_under5": 284.0 }, "geometry": { "type": "Point", "coordinates": [ 7.422466, 10.879757 ] } },
{ "type": "Feature", "properties": { "id": "S00845", "title": "Tawawo", "settlement_type": "Hamlet", "ward_code": "W010", "ward_name": "Fazafa", "lga_name": "Gwarin", "target_population_under5": 3.0 }, "geometry": { "type": "Point", "coordinates": [ 7.427355, 10.811604 ] } },
{ "type": "Feature", "properties": { "id": "S00830", "title": "Tazari", "settlement_type": "Village", "ward_code": "W010", "ward_name": "Fazafa", "lga_name": "Gwarin", "target_population_under5": 93.0 }, "geometry": { "type": "Point", "coordinates": [ 7.429312, 10.776243 ] } },
{ "type": "Feature", "properties": { "id": "S00844", "title": "Umnani", "settlement_type": "Village", "ward_code": "W010", "ward_name": "Fazafa", "lga_name": "Gwarin", "target_population_under5": 45.0 }, "geometry": { "type": "Point", "coordinates": [ 7.426301, 10.789741 ] } },
{ "type": "Feature", "properties": { "id": "S00859", "title": "Waludu-Kofar", "settlement_type": "Hamlet", "ward_code": "W010", "ward_name": "Fazafa", "lga_name": "Gwarin", "target_population_under5": 41.0 }, "geometry": { "type": "Point", "coordinates": [ 7.421574, 10.883788 ] } },
{ "type": "Feature", "properties": { "id": "S00827", "title": "Watishi", "settlement_type": "Village", "ward_code": "W010", "ward_name": "Fazafa", "lga_name": "Gwarin", "target_population_under5": 102.0 }, "geometry": { "type": "Point", "coordinates": [ 7.437057, 10.773073 ] } },
{ "type": "Feature", "properties": { "id": "S00838", "title": "Yewami", "settlement_type": "Village", "ward_code": "W010", "ward_name": "Fazafa", "lga_name": "Gwarin", "target_population_under5": 45.0 }, "geometry": { "type": "Point", "coordinates": [ 7.422735, 10.766297 ] } },
{ "type": "Feature", "properties": { "id": "S00835", "title": "Zaraja", "settlement_type": "Village", "ward_code": "W010", "ward_name": "Fazafa", "lga_name": "Gwarin", "target_population_under5": 56.0 }, "geometry": { "type": "Point", "coordinates": [ 7.405863, 10.783679 ] } },
{ "type": "Feature", "properties": { "id": "S00842", "title": "Zashako", "settlement_type": "Village", "ward_code": "W010", "ward_name": "Fazafa", "lga_name": "Gwarin", "target_population_under5": 110.0 }, "geometry": { "type": "Point", "coordinates": [ 7.395016, 10.873188 ] } },
{ "type": "Feature", "properties": { "id": "S00871", "title": "Zazaba", "settlement_type": "Hamlet", "ward_code": "W010", "ward_name": "Fazafa", "lga_name": "Gwarin", "target_population_under5": 26.0 }, "geometry": { "type": "Point", "coordinates": [ 7.458375, 10.769674 ] } },
{ "type": "Feature", "properties": { "id": "S00398", "title": "Adlawo", "settlement_type": "Village", "ward_code": "W005", "ward_name": "Jijile", "lga_name": "Gwarin", "target_population_under5": 63.0 }, "geometry": { "type": "Point", "coordinates": [ 7.445462, 10.706556 ] } },
{ "type": "Feature", "properties": { "id": "S00407", "title": "Agmaru", "settlement_type": "Hamlet", "ward_code": "W005", "ward_name": "Jijile", "lga_name": "Gwarin", "target_population_under5": 11.0 }, "geometry": { "type": "Point", "coordinates": [ 7.358481, 10.726668 ] } },
{ "type": "Feature", "properties": { "id": "S00390", "title": "Agsasa", "settlement_type": "Village", "ward_code": "W005", "ward_name": "Jijile", "lga_name": "Gwarin", "target_population_under5": 30.0 }, "geometry": { "type": "Point", "coordinates": [ 7.387564, 10.751497 ] } },
{ "type": "Feature", "properties": { "id": "S00378", "title": "Agzadu", "settlement_type": "Village", "ward_code": "W005", "ward_name": "Jijile", "lga_name": "Gwarin", "target_population_under5": 83.0 }, "geometry": { "type": "Point", "coordinates": [ 7.388775, 10.716853 ] } },
{ "type": "Feature", "properties": { "id": "S00388", "title": "Daladu", "settlement_type": "Settlement", "ward_code": "W005", "ward_name": "Jijile", "lga_name": "Gwarin", "target_population_under5": 36.0 }, "geometry": { "type": "Point", "coordinates": [ 7.317467, 10.781155 ] } },
{ "type": "Feature", "properties": { "id": "S00391", "title": "Danani", "settlement_type": "Settlement", "ward_code": "W005", "ward_name": "Jijile", "lga_name": "Gwarin", "target_population_under5": 50.0 }, "geometry": { "type": "Point", "coordinates": [ 7.254353, 10.782416 ] } },
{ "type": "Feature", "properties": { "id": "S00395", "title": "Ekkofa", "settlement_type": "Village", "ward_code": "W005", "ward_name": "Jijile", "lga_name": "Gwarin", "target_population_under5": 66.0 }, "geometry": { "type": "Point", "coordinates": [ 7.311411, 10.795249 ] } },
{ "type": "Feature", "properties": { "id": "S00403", "title": "Ekngofa", "settlement_type": "Settlement", "ward_code": "W005", "ward_name": "Jijile", "lga_name": "Gwarin", "target_population_under5": 72.0 }, "geometry": { "type": "Point", "coordinates": [ 7.344049, 10.734988 ] } },
{ "type": "Feature", "properties": { "id": "S00400", "title": "Eksana", "settlement_type": "Hamlet", "ward_code": "W005", "ward_name": "Jijile", "lga_name": "Gwarin", "target_population_under5": 14.0 }, "geometry": { "type": "Point", "coordinates": [ 7.373919, 10.642449 ] } },
{ "type": "Feature", "properties": { "id": "S00405", "title": "Enmashi", "settlement_type": "Hamlet", "ward_code": "W005", "ward_name": "Jijile", "lga_name": "Gwarin", "target_population_under5": 20.0 }, "geometry": { "type": "Point", "coordinates": [ 7.366395, 10.70447 ] } },
{ "type": "Feature", "properties": { "id": "S00383", "title": "Entsina", "settlement_type": "Village", "ward_code": "W005", "ward_name": "Jijile", "lga_name": "Gwarin", "target_population_under5": 46.0 }, "geometry": { "type": "Point", "coordinates": [ 7.380006, 10.722819 ] } },
{ "type": "Feature", "properties": { "id": "S00393", "title": "Farawa-Kofar", "settlement_type": "Settlement", "ward_code": "W005", "ward_name": "Jijile", "lga_name": "Gwarin", "target_population_under5": 10.0 }, "geometry": { "type": "Point", "coordinates": [ 7.316138, 10.753561 ] } },
{ "type": "Feature", "properties": { "id": "S00401", "title": "Gungowa", "settlement_type": "Village", "ward_code": "W005", "ward_name": "Jijile", "lga_name": "Gwarin", "target_population_under5": 130.0 }, "geometry": { "type": "Point", "coordinates": [ 7.384561, 10.679251 ] } },
{ "type": "Feature", "properties": { "id": "S00374", "title": "Gusayi", "settlement_type": "Village", "ward_code": "W005", "ward_name": "Jijile", "lga_name": "Gwarin", "target_population_under5": 81.0 }, "geometry": { "type": "Point", "coordinates": [ 7.40696, 10.703588 ] } },
{ "type": "Feature", "properties": { "id": "S00372", "title": "Haluta-Tudun", "settlement_type": "Village", "ward_code": "W005", "ward_name": "Jijile", "lga_name": "Gwarin", "target_population_under5": 43.0 }, "geometry": { "type": "Point", "coordinates": [ 7.330119, 10.771291 ] } },
{ "type": "Feature", "properties": { "id": "S00402", "title": "Hasayi", "settlement_type": "Village", "ward_code": "W005", "ward_name": "Jijile", "lga_name": "Gwarin", "target_population_under5": 52.0 }, "geometry": { "type": "Point", "coordinates": [ 7.292573, 10.76525 ] } },
{ "type": "Feature", "properties": { "id": "S00370", "title": "Ibluko-Tudun", "settlement_type": "Village", "ward_code": "W005", "ward_name": "Jijile", "lga_name": "Gwarin", "target_population_under5": 46.0 }, "geometry": { "type": "Point", "coordinates": [ 7.295342, 10.767153 ] } },
{ "type": "Feature", "properties": { "id": "S00385", "title": "Ibluwo", "settlement_type": "Village", "ward_code": "W005", "ward_name": "Jijile", "lga_name": "Gwarin", "target_population_under5": 14.0 }, "geometry": { "type": "Point", "coordinates": [ 7.319853, 10.714427 ] } },
{ "type": "Feature", "properties": { "id": "S00392", "title": "Jidule", "settlement_type": "Hamlet", "ward_code": "W005", "ward_name": "Jijile", "lga_name": "Gwarin", "target_population_under5": 3.0 }, "geometry": { "type": "Point", "coordinates": [ 7.298727, 10.751518 ] } },
{ "type": "Feature", "properties": { "id": "S00406", "title": "Katside", "settlement_type": "Hamlet", "ward_code": "W005", "ward_name": "Jijile", "lga_name": "Gwarin", "target_population_under5": 34.0 }, "geometry": { "type": "Point", "coordinates": [ 7.394495, 10.708852 ] } },
{ "type": "Feature", "properties": { "id": "S00373", "title": "Loduwo", "settlement_type": "Village", "ward_code": "W005", "ward_name": "Jijile", "lga_name": "Gwarin", "target_population_under5": 59.0 }, "geometry": { "type": "Point", "coordinates": [ 7.326681, 10.759976 ] } },
{ "type": "Feature", "properties": { "id": "S00381", "title": "Lorako", "settlement_type": "Settlement", "ward_code": "W005", "ward_name": "Jijile", "lga_name": "Gwarin", "target_population_under5": 41.0 }, "geometry": { "type": "Point", "coordinates": [ 7.288424, 10.783261 ] } },
{ "type": "Feature", "properties": { "id": "S00399", "title": "Matiyi", "settlement_type": "Settlement", "ward_code": "W005", "ward_name": "Jijile", "lga_name": "Gwarin", "target_population_under5": 18.0 }, "geometry": { "type": "Point", "coordinates": [ 7.301942, 10.773115 ] } },
{ "type": "Feature", "properties": { "id": "S00387", "title": "Nusadu", "settlement_type": "Settlement", "ward_code": "W005", "ward_name": "Jijile", "lga_name": "Gwarin", "target_population_under5": 57.0 }, "geometry": { "type": "Point", "coordinates": [ 7.309335, 10.648819 ] } },
{ "type": "Feature", "properties": { "id": "S00389", "title": "Nuyole", "settlement_type": "Village", "ward_code": "W005", "ward_name": "Jijile", "lga_name": "Gwarin", "target_population_under5": 132.0 }, "geometry": { "type": "Point", "coordinates": [ 7.283536, 10.749702 ] } },
{ "type": "Feature", "properties": { "id": "S00394", "title": "Olbana-Tsakiya", "settlement_type": "Village", "ward_code": "W005", "ward_name": "Jijile", "lga_name": "Gwarin", "target_population_under5": 134.0 }, "geometry": { "type": "Point", "coordinates": [ 7.358284, 10.704053 ] } },
{ "type": "Feature", "properties": { "id": "S00377", "title": "Olduyi-Kudu", "settlement_type": "Village", "ward_code": "W005", "ward_name": "Jijile", "lga_name": "Gwarin", "target_population_under5": 10.0 }, "geometry": { "type": "Point", "coordinates": [ 7.327723, 10.781233 ] } },
{ "type": "Feature", "properties": { "id": "S00369", "title": "Oljina", "settlement_type": "Hamlet", "ward_code": "W005", "ward_name": "Jijile", "lga_name": "Gwarin", "target_population_under5": 9.0 }, "geometry": { "type": "Point", "coordinates": [ 7.379273, 10.710231 ] } },
{ "type": "Feature", "properties": { "id": "S00380", "title": "Olriri", "settlement_type": "Village", "ward_code": "W005", "ward_name": "Jijile", "lga_name": "Gwarin", "target_population_under5": 79.0 }, "geometry": { "type": "Point", "coordinates": [ 7.375874, 10.715545 ] } },
{ "type": "Feature", "properties": { "id": "S00396", "title": "Olrishi", "settlement_type": "Settlement", "ward_code": "W005", "ward_name": "Jijile", "lga_name": "Gwarin", "target_population_under5": 62.0 }, "geometry": { "type": "Point", "coordinates": [ 7.307783, 10.753534 ] } },
{ "type": "Feature", "properties": { "id": "S00371", "title": "Ririyi", "settlement_type": "Hamlet", "ward_code": "W005", "ward_name": "Jijile", "lga_name": "Gwarin", "target_population_under5": 13.0 }, "geometry": { "type": "Point", "coordinates": [ 7.326621, 10.738177 ] } },
{ "type": "Feature", "properties": { "id": "S00404", "title": "Sakosa", "settlement_type": "Settlement", "ward_code": "W005", "ward_name": "Jijile", "lga_name": "Gwarin", "target_population_under5": 35.0 }, "geometry": { "type": "Point", "coordinates": [ 7.408979, 10.720991 ] } },
{ "type": "Feature", "properties": { "id": "S00379", "title": "Suzawo", "settlement_type": "Settlement", "ward_code": "W005", "ward_name": "Jijile", "lga_name": "Gwarin", "target_population_under5": 36.0 }, "geometry": { "type": "Point", "coordinates": [ 7.423321, 10.736466 ] } },
{ "type": "Feature", "properties": { "id": "S00382", "title": "Tatidu", "settlement_type": "Hamlet", "ward_code": "W005", "ward_name": "Jijile", "lga_name": "Gwarin", "target_population_under5": 61.0 }, "geometry": { "type": "Point", "coordinates": [ 7.329622, 10.77502 ] } },
{ "type": "Feature", "properties": { "id": "S00397", "title": "Uzjimi", "settlement_type": "Village", "ward_code": "W005", "ward_name": "Jijile", "lga_name": "Gwarin", "target_population_under5": 108.0 }, "geometry": { "type": "Point", "coordinates": [ 7.386267, 10.733516 ] } },
{ "type": "Feature", "properties": { "id": "S00384", "title": "Yemani", "settlement_type": "Hamlet", "ward_code": "W005", "ward_name": "Jijile", "lga_name": "Gwarin", "target_population_under5": 8.0 }, "geometry": { "type": "Point", "coordinates": [ 7.316643, 10.770062 ] } },
{ "type": "Feature", "properties": { "id": "S00376", "title": "Yerita", "settlement_type": "Hamlet", "ward_code": "W005", "ward_name": "Jijile", "lga_name": "Gwarin", "target_population_under5": 25.0 }, "geometry": { "type": "Point", "coordinates": [ 7.338132, 10.775844 ] } },
{ "type": "Feature", "properties": { "id": "S00386", "title": "Yezatu", "settlement_type": "Hamlet", "ward_code": "W005", "ward_name": "Jijile", "lga_name": "Gwarin", "target_population_under5": 10.0 }, "geometry": { "type": "Point", "coordinates": [ 7.388505, 10.719992 ] } },
{ "type": "Feature", "properties": { "id": "S00375", "title": "Zajina", "settlement_type": "Hamlet", "ward_code": "W005", "ward_name": "Jijile", "lga_name": "Gwarin", "target_population_under5": 7.0 }, "geometry": { "type": "Point", "coordinates": [ 7.31031, 10.76456 ] } },
{ "type": "Feature", "properties": { "id": "S00966", "title": "Adrale", "settlement_type": "Village", "ward_code": "W013", "ward_name": "Sashako", "lga_name": "Gwarin", "target_population_under5": 61.0 }, "geometry": { "type": "Point", "coordinates": [ 7.494484, 10.548834 ] } },
{ "type": "Feature", "properties": { "id": "S00957", "title": "Adsako", "settlement_type": "Village", "ward_code": "W013", "ward_name": "Sashako", "lga_name": "Gwarin", "target_population_under5": 62.0 }, "geometry": { "type": "Point", "coordinates": [ 7.501046, 10.667574 ] } },
{ "type": "Feature", "properties": { "id": "S00971", "title": "Agtisa", "settlement_type": "Village", "ward_code": "W013", "ward_name": "Sashako", "lga_name": "Gwarin", "target_population_under5": 71.0 }, "geometry": { "type": "Point", "coordinates": [ 7.45308, 10.677865 ] } },
{ "type": "Feature", "properties": { "id": "S00993", "title": "Badudu", "settlement_type": "Hamlet", "ward_code": "W013", "ward_name": "Sashako", "lga_name": "Gwarin", "target_population_under5": 23.0 }, "geometry": { "type": "Point", "coordinates": [ 7.511989, 10.556693 ] } },
{ "type": "Feature", "properties": { "id": "S00970", "title": "Bangotu", "settlement_type": "Hamlet", "ward_code": "W013", "ward_name": "Sashako", "lga_name": "Gwarin", "target_population_under5": 22.0 }, "geometry": { "type": "Point", "coordinates": [ 7.411096, 10.619356 ] } },
{ "type": "Feature", "properties": { "id": "S00954", "title": "Bibedu", "settlement_type": "Hamlet", "ward_code": "W013", "ward_name": "Sashako", "lga_name": "Gwarin", "target_population_under5": 36.0 }, "geometry": { "type": "Point", "coordinates": [ 7.5276, 10.671773 ] } },
{ "type": "Feature", "properties": { "id": "S00955", "title": "Datina", "settlement_type": "Village", "ward_code": "W013", "ward_name": "Sashako", "lga_name": "Gwarin", "target_population_under5": 32.0 }, "geometry": { "type": "Point", "coordinates": [ 7.459062, 10.56483 ] } },
{ "type": "Feature", "properties": { "id": "S00974", "title": "Dazashi", "settlement_type": "Hamlet", "ward_code": "W013", "ward_name": "Sashako", "lga_name": "Gwarin", "target_population_under5": 25.0 }, "geometry": { "type": "Point", "coordinates": [ 7.46127, 10.507365 ] } },
{ "type": "Feature", "properties": { "id": "S00959", "title": "Dodetu", "settlement_type": "Hamlet", "ward_code": "W013", "ward_name": "Sashako", "lga_name": "Gwarin", "target_population_under5": 30.0 }, "geometry": { "type": "Point", "coordinates": [ 7.49633, 10.537451 ] } },
{ "type": "Feature", "properties": { "id": "S00953", "title": "Dolule-Tsakiya", "settlement_type": "Settlement", "ward_code": "W013", "ward_name": "Sashako", "lga_name": "Gwarin", "target_population_under5": 25.0 }, "geometry": { "type": "Point", "coordinates": [ 7.474932, 10.579228 ] } },
{ "type": "Feature", "properties": { "id": "S00967", "title": "Ekjimi", "settlement_type": "Village", "ward_code": "W013", "ward_name": "Sashako", "lga_name": "Gwarin", "target_population_under5": 63.0 }, "geometry": { "type": "Point", "coordinates": [ 7.500367, 10.566747 ] } },
{ "type": "Feature", "properties": { "id": "S00976", "title": "Ekyoni", "settlement_type": "Village", "ward_code": "W013", "ward_name": "Sashako", "lga_name": "Gwarin", "target_population_under5": 100.0 }, "geometry": { "type": "Point", "coordinates": [ 7.513388, 10.663949 ] } },
{ "type": "Feature", "properties": { "id": "S00963", "title": "Enbewa-Tsakiya", "settlement_type": "Village", "ward_code": "W013", "ward_name": "Sashako", "lga_name": "Gwarin", "target_population_under5": 26.0 }, "geometry": { "type": "Point", "coordinates": [ 7.394855, 10.601069 ] } },
{ "type": "Feature", "properties": { "id": "S00984", "title": "Enlawo-Tudun", "settlement_type": "Settlement", "ward_code": "W013", "ward_name": "Sashako", "lga_name": "Gwarin", "target_population_under5": 43.0 }, "geometry": { "type": "Point", "coordinates": [ 7.523375, 10.642406 ] } },
{ "type": "Feature", "properties": { "id": "S00958", "title": "Fatima-Kudu", "settlement_type": "Hamlet", "ward_code": "W013", "ward_name": "Sashako", "lga_name": "Gwarin", "target_population_under5": 17.0 }, "geometry": { "type": "Point", "coordinates": [ 7.483686, 10.559731 ] } },
{ "type": "Feature", "properties": { "id": "S00965", "title": "Fatsiwa", "settlement_type": "Village", "ward_code": "W013", "ward_name": "Sashako", "lga_name": "Gwarin", "target_population_under5": 109.0 }, "geometry": { "type": "Point", "coordinates": [ 7.502212, 10.552474 ] } },
{ "type": "Feature", "properties": { "id": "S00995", "title": "Gubale", "settlement_type": "Urban block", "ward_code": "W013", "ward_name": "Sashako", "lga_name": "Gwarin", "target_population_under5": 210.0 }, "geometry": { "type": "Point", "coordinates": [ 7.591148989856912, 10.537226 ] } },
{ "type": "Feature", "properties": { "id": "S00994", "title": "Gushatu", "settlement_type": "Village", "ward_code": "W013", "ward_name": "Sashako", "lga_name": "Gwarin", "target_population_under5": 56.0 }, "geometry": { "type": "Point", "coordinates": [ 7.480336, 10.56305 ] } },
{ "type": "Feature", "properties": { "id": "S00992", "title": "Gutsitu-Kudu", "settlement_type": "Hamlet", "ward_code": "W013", "ward_name": "Sashako", "lga_name": "Gwarin", "target_population_under5": 18.0 }, "geometry": { "type": "Point", "coordinates": [ 7.498323, 10.546917 ] } },
{ "type": "Feature", "properties": { "id": "S00988", "title": "Ibtsina", "settlement_type": "Village", "ward_code": "W013", "ward_name": "Sashako", "lga_name": "Gwarin", "target_population_under5": 110.0 }, "geometry": { "type": "Point", "coordinates": [ 7.495505, 10.585959 ] } },
{ "type": "Feature", "properties": { "id": "S00991", "title": "Irduja", "settlement_type": "Settlement", "ward_code": "W013", "ward_name": "Sashako", "lga_name": "Gwarin", "target_population_under5": 88.0 }, "geometry": { "type": "Point", "coordinates": [ 7.448425, 10.555048 ] } },
{ "type": "Feature", "properties": { "id": "S00956", "title": "Irjiba-Yamma", "settlement_type": "Hamlet", "ward_code": "W013", "ward_name": "Sashako", "lga_name": "Gwarin", "target_population_under5": 45.0 }, "geometry": { "type": "Point", "coordinates": [ 7.486592, 10.53248 ] } },
{ "type": "Feature", "properties": { "id": "S00977", "title": "Irzawo", "settlement_type": "Hamlet", "ward_code": "W013", "ward_name": "Sashako", "lga_name": "Gwarin", "target_population_under5": 23.0 }, "geometry": { "type": "Point", "coordinates": [ 7.519917, 10.569271 ] } },
{ "type": "Feature", "properties": { "id": "S00989", "title": "Jingona", "settlement_type": "Hamlet", "ward_code": "W013", "ward_name": "Sashako", "lga_name": "Gwarin", "target_population_under5": 45.0 }, "geometry": { "type": "Point", "coordinates": [ 7.504177, 10.652844 ] } },
{ "type": "Feature", "properties": { "id": "S00961", "title": "Kajita", "settlement_type": "Village", "ward_code": "W013", "ward_name": "Sashako", "lga_name": "Gwarin", "target_population_under5": 121.0 }, "geometry": { "type": "Point", "coordinates": [ 7.524012, 10.667258 ] } },
{ "type": "Feature", "properties": { "id": "S00960", "title": "Kalama", "settlement_type": "Settlement", "ward_code": "W013", "ward_name": "Sashako", "lga_name": "Gwarin", "target_population_under5": 42.0 }, "geometry": { "type": "Point", "coordinates": [ 7.48574, 10.675293 ] } },
{ "type": "Feature", "properties": { "id": "S00986", "title": "Kawadu", "settlement_type": "Settlement", "ward_code": "W013", "ward_name": "Sashako", "lga_name": "Gwarin", "target_population_under5": 39.0 }, "geometry": { "type": "Point", "coordinates": [ 7.456414, 10.555696 ] } },
{ "type": "Feature", "properties": { "id": "S00980", "title": "Kudewo-Yamma", "settlement_type": "Village", "ward_code": "W013", "ward_name": "Sashako", "lga_name": "Gwarin", "target_population_under5": 49.0 }, "geometry": { "type": "Point", "coordinates": [ 7.455046, 10.652246 ] } },
{ "type": "Feature", "properties": { "id": "S00975", "title": "Kurita", "settlement_type": "Village", "ward_code": "W013", "ward_name": "Sashako", "lga_name": "Gwarin", "target_population_under5": 41.0 }, "geometry": { "type": "Point", "coordinates": [ 7.422871, 10.549604 ] } },
{ "type": "Feature", "properties": { "id": "S00973", "title": "Kushadu", "settlement_type": "Hamlet", "ward_code": "W013", "ward_name": "Sashako", "lga_name": "Gwarin", "target_population_under5": 54.0 }, "geometry": { "type": "Point", "coordinates": [ 7.506095, 10.675748 ] } },
{ "type": "Feature", "properties": { "id": "S00987", "title": "Lozayi", "settlement_type": "Hamlet", "ward_code": "W013", "ward_name": "Sashako", "lga_name": "Gwarin", "target_population_under5": 13.0 }, "geometry": { "type": "Point", "coordinates": [ 7.386592, 10.563169 ] } },
{ "type": "Feature", "properties": { "id": "S00978", "title": "Mangoko", "settlement_type": "Village", "ward_code": "W013", "ward_name": "Sashako", "lga_name": "Gwarin", "target_population_under5": 25.0 }, "geometry": { "type": "Point", "coordinates": [ 7.493766, 10.651456 ] } },
{ "type": "Feature", "properties": { "id": "S00969", "title": "Mawana", "settlement_type": "Village", "ward_code": "W013", "ward_name": "Sashako", "lga_name": "Gwarin", "target_population_under5": 36.0 }, "geometry": { "type": "Point", "coordinates": [ 7.499465, 10.553358 ] } },
{ "type": "Feature", "properties": { "id": "S00982", "title": "Okmaja", "settlement_type": "Settlement", "ward_code": "W013", "ward_name": "Sashako", "lga_name": "Gwarin", "target_population_under5": 38.0 }, "geometry": { "type": "Point", "coordinates": [ 7.516587, 10.568737 ] } },
{ "type": "Feature", "properties": { "id": "S00981", "title": "Ringomi", "settlement_type": "Settlement", "ward_code": "W013", "ward_name": "Sashako", "lga_name": "Gwarin", "target_population_under5": 40.0 }, "geometry": { "type": "Point", "coordinates": [ 7.514493, 10.680411 ] } },
{ "type": "Feature", "properties": { "id": "S00985", "title": "Salako", "settlement_type": "Hamlet", "ward_code": "W013", "ward_name": "Sashako", "lga_name": "Gwarin", "target_population_under5": 11.0 }, "geometry": { "type": "Point", "coordinates": [ 7.500603, 10.557202 ] } },
{ "type": "Feature", "properties": { "id": "S00990", "title": "Salude-Sabo", "settlement_type": "Village", "ward_code": "W013", "ward_name": "Sashako", "lga_name": "Gwarin", "target_population_under5": 129.0 }, "geometry": { "type": "Point", "coordinates": [ 7.533537, 10.64716 ] } },
{ "type": "Feature", "properties": { "id": "S00968", "title": "Sayoma", "settlement_type": "Hamlet", "ward_code": "W013", "ward_name": "Sashako", "lga_name": "Gwarin", "target_population_under5": 39.0 }, "geometry": { "type": "Point", "coordinates": [ 7.485012, 10.535622 ] } },
{ "type": "Feature", "properties": { "id": "S00983", "title": "Surima-Gabas", "settlement_type": "Settlement", "ward_code": "W013", "ward_name": "Sashako", "lga_name": "Gwarin", "target_population_under5": 53.0 }, "geometry": { "type": "Point", "coordinates": [ 7.476944, 10.577674 ] } },
{ "type": "Feature", "properties": { "id": "S00972", "title": "Sushafa", "settlement_type": "Settlement", "ward_code": "W013", "ward_name": "Sashako", "lga_name": "Gwarin", "target_population_under5": 85.0 }, "geometry": { "type": "Point", "coordinates": [ 7.471303, 10.558672 ] } },
{ "type": "Feature", "properties": { "id": "S00979", "title": "Talata-Tsakiya", "settlement_type": "Settlement", "ward_code": "W013", "ward_name": "Sashako", "lga_name": "Gwarin", "target_population_under5": 75.0 }, "geometry": { "type": "Point", "coordinates": [ 7.468543, 10.666239 ] } },
{ "type": "Feature", "properties": { "id": "S00964", "title": "Uzdusa-Kudu", "settlement_type": "Hamlet", "ward_code": "W013", "ward_name": "Sashako", "lga_name": "Gwarin", "target_population_under5": 22.0 }, "geometry": { "type": "Point", "coordinates": [ 7.491881, 10.673933 ] } },
{ "type": "Feature", "properties": { "id": "S00962", "title": "Uzsana-Gabas", "settlement_type": "Settlement", "ward_code": "W013", "ward_name": "Sashako", "lga_name": "Gwarin", "target_population_under5": 20.0 }, "geometry": { "type": "Point", "coordinates": [ 7.405383, 10.552758 ] } },
{ "type": "Feature", "properties": { "id": "S00997", "title": "Zasami-Tsakiya", "settlement_type": "Village", "ward_code": "W013", "ward_name": "Sashako", "lga_name": "Gwarin", "target_population_under5": 19.0 }, "geometry": { "type": "Point", "coordinates": [ 7.499013, 10.659167 ] } },
{ "type": "Feature", "properties": { "id": "S00996", "title": "Zashayi", "settlement_type": "Hamlet", "ward_code": "W013", "ward_name": "Sashako", "lga_name": "Gwarin", "target_population_under5": 15.0 }, "geometry": { "type": "Point", "coordinates": [ 7.488105, 10.665165 ] } },
{ "type": "Feature", "properties": { "id": "S01237", "title": "Adtidu", "settlement_type": "Urban block", "ward_code": "W016", "ward_name": "Uzritu", "lga_name": "Gwarin", "target_population_under5": 174.0 }, "geometry": { "type": "Point", "coordinates": [ 7.579759, 10.434259 ] } },
{ "type": "Feature", "properties": { "id": "S01264", "title": "Aglana", "settlement_type": "Hamlet", "ward_code": "W016", "ward_name": "Uzritu", "lga_name": "Gwarin", "target_population_under5": 23.0 }, "geometry": { "type": "Point", "coordinates": [ 7.55964, 10.602954 ] } },
{ "type": "Feature", "properties": { "id": "S01239", "title": "Aglashi", "settlement_type": "Hamlet", "ward_code": "W016", "ward_name": "Uzritu", "lga_name": "Gwarin", "target_population_under5": 13.0 }, "geometry": { "type": "Point", "coordinates": [ 7.56987, 10.44335 ] } },
{ "type": "Feature", "properties": { "id": "S01234", "title": "Agngowa", "settlement_type": "Settlement", "ward_code": "W016", "ward_name": "Uzritu", "lga_name": "Gwarin", "target_population_under5": 30.0 }, "geometry": { "type": "Point", "coordinates": [ 7.637487, 10.494078 ] } },
{ "type": "Feature", "properties": { "id": "S01238", "title": "Agrishi", "settlement_type": "Village", "ward_code": "W016", "ward_name": "Uzritu", "lga_name": "Gwarin", "target_population_under5": 33.0 }, "geometry": { "type": "Point", "coordinates": [ 7.558672, 10.472885 ] } },
{ "type": "Feature", "properties": { "id": "S01255", "title": "Bakoko-Gabas", "settlement_type": "Village", "ward_code": "W016", "ward_name": "Uzritu", "lga_name": "Gwarin", "target_population_under5": 128.0 }, "geometry": { "type": "Point", "coordinates": [ 7.635615, 10.518614 ] } },
{ "type": "Feature", "properties": { "id": "S01268", "title": "Bakori", "settlement_type": "Village", "ward_code": "W016", "ward_name": "Uzritu", "lga_name": "Gwarin", "target_population_under5": 43.0 }, "geometry": { "type": "Point", "coordinates": [ 7.587255, 10.459452 ] } },
{ "type": "Feature", "properties": { "id": "S01233", "title": "Birafa", "settlement_type": "Village", "ward_code": "W016", "ward_name": "Uzritu", "lga_name": "Gwarin", "target_population_under5": 102.0 }, "geometry": { "type": "Point", "coordinates": [ 7.655441, 10.481361 ] } },
{ "type": "Feature", "properties": { "id": "S01267", "title": "Biwako-Sabo", "settlement_type": "Settlement", "ward_code": "W016", "ward_name": "Uzritu", "lga_name": "Gwarin", "target_population_under5": 31.0 }, "geometry": { "type": "Point", "coordinates": [ 7.634881, 10.509686 ] } },
{ "type": "Feature", "properties": { "id": "S01248", "title": "Dalawa", "settlement_type": "Hamlet", "ward_code": "W016", "ward_name": "Uzritu", "lga_name": "Gwarin", "target_population_under5": 38.0 }, "geometry": { "type": "Point", "coordinates": [ 7.640341, 10.504173 ] } },
{ "type": "Feature", "properties": { "id": "S01275", "title": "Damawa", "settlement_type": "Settlement", "ward_code": "W016", "ward_name": "Uzritu", "lga_name": "Gwarin", "target_population_under5": 38.0 }, "geometry": { "type": "Point", "coordinates": [ 7.585572, 10.489757 ] } },
{ "type": "Feature", "properties": { "id": "S01246", "title": "Doluta", "settlement_type": "Hamlet", "ward_code": "W016", "ward_name": "Uzritu", "lga_name": "Gwarin", "target_population_under5": 11.0 }, "geometry": { "type": "Point", "coordinates": [ 7.665082, 10.482539 ] } },
{ "type": "Feature", "properties": { "id": "S01252", "title": "Dongori", "settlement_type": "Village", "ward_code": "W016", "ward_name": "Uzritu", "lga_name": "Gwarin", "target_population_under5": 22.0 }, "geometry": { "type": "Point", "coordinates": [ 7.654901, 10.493137 ] } },
{ "type": "Feature", "properties": { "id": "S01247", "title": "Fazaru", "settlement_type": "Hamlet", "ward_code": "W016", "ward_name": "Uzritu", "lga_name": "Gwarin", "target_population_under5": 11.0 }, "geometry": { "type": "Point", "coordinates": [ 7.585481, 10.598728 ] } },
{ "type": "Feature", "properties": { "id": "S01272", "title": "Gushawa", "settlement_type": "Village", "ward_code": "W016", "ward_name": "Uzritu", "lga_name": "Gwarin", "target_population_under5": 93.0 }, "geometry": { "type": "Point", "coordinates": [ 7.55458, 10.456223 ] } },
{ "type": "Feature", "properties": { "id": "S01258", "title": "Gutide", "settlement_type": "Hamlet", "ward_code": "W016", "ward_name": "Uzritu", "lga_name": "Gwarin", "target_population_under5": 21.0 }, "geometry": { "type": "Point", "coordinates": [ 7.646281, 10.48193 ] } },
{ "type": "Feature", "properties": { "id": "S01253", "title": "Habaja", "settlement_type": "Village", "ward_code": "W016", "ward_name": "Uzritu", "lga_name": "Gwarin", "target_population_under5": 105.0 }, "geometry": { "type": "Point", "coordinates": [ 7.615659, 10.488087 ] } },
{ "type": "Feature", "properties": { "id": "S01260", "title": "Hajishi", "settlement_type": "Village", "ward_code": "W016", "ward_name": "Uzritu", "lga_name": "Gwarin", "target_population_under5": 37.0 }, "geometry": { "type": "Point", "coordinates": [ 7.622551, 10.452034 ] } },
{ "type": "Feature", "properties": { "id": "S01240", "title": "Haraja", "settlement_type": "Village", "ward_code": "W016", "ward_name": "Uzritu", "lga_name": "Gwarin", "target_population_under5": 94.0 }, "geometry": { "type": "Point", "coordinates": [ 7.589636, 10.453646 ] } },
{ "type": "Feature", "properties": { "id": "S01256", "title": "Ibngoni", "settlement_type": "Village", "ward_code": "W016", "ward_name": "Uzritu", "lga_name": "Gwarin", "target_population_under5": 132.0 }, "geometry": { "type": "Point", "coordinates": [ 7.603882, 10.468383 ] } },
{ "type": "Feature", "properties": { "id": "S01274", "title": "Ibtsiri", "settlement_type": "Village", "ward_code": "W016", "ward_name": "Uzritu", "lga_name": "Gwarin", "target_population_under5": 49.0 }, "geometry": { "type": "Point", "coordinates": [ 7.656724, 10.518936 ] } },
{ "type": "Feature", "properties": { "id": "S01232", "title": "Irraja", "settlement_type": "Urban block", "ward_code": "W016", "ward_name": "Uzritu", "lga_name": "Gwarin", "target_population_under5": 72.0 }, "geometry": { "type": "Point", "coordinates": [ 7.56504, 10.43052 ] } },
{ "type": "Feature", "properties": { "id": "S01265", "title": "Kawade", "settlement_type": "Settlement", "ward_code": "W016", "ward_name": "Uzritu", "lga_name": "Gwarin", "target_population_under5": 69.0 }, "geometry": { "type": "Point", "coordinates": [ 7.492622, 10.454432 ] } },
{ "type": "Feature", "properties": { "id": "S01270", "title": "Lotsiko", "settlement_type": "Village", "ward_code": "W016", "ward_name": "Uzritu", "lga_name": "Gwarin", "target_population_under5": 16.0 }, "geometry": { "type": "Point", "coordinates": [ 7.611802, 10.483499 ] } },
{ "type": "Feature", "properties": { "id": "S01251", "title": "Lotsimi", "settlement_type": "Village", "ward_code": "W016", "ward_name": "Uzritu", "lga_name": "Gwarin", "target_population_under5": 54.0 }, "geometry": { "type": "Point", "coordinates": [ 7.642625, 10.486862 ] } },
{ "type": "Feature", "properties": { "id": "S01276", "title": "Nujija", "settlement_type": "Settlement", "ward_code": "W016", "ward_name": "Uzritu", "lga_name": "Gwarin", "target_population_under5": 23.0 }, "geometry": { "type": "Point", "coordinates": [ 7.585348, 10.453266 ] } },
{ "type": "Feature", "properties": { "id": "S01271", "title": "Nulude", "settlement_type": "Village", "ward_code": "W016", "ward_name": "Uzritu", "lga_name": "Gwarin", "target_population_under5": 45.0 }, "geometry": { "type": "Point", "coordinates": [ 7.627134, 10.491437 ] } },
{ "type": "Feature", "properties": { "id": "S01263", "title": "Nuriri", "settlement_type": "Village", "ward_code": "W016", "ward_name": "Uzritu", "lga_name": "Gwarin", "target_population_under5": 76.0 }, "geometry": { "type": "Point", "coordinates": [ 7.537081, 10.467637 ] } },
{ "type": "Feature", "properties": { "id": "S01245", "title": "Nuwashi", "settlement_type": "Village", "ward_code": "W016", "ward_name": "Uzritu", "lga_name": "Gwarin", "target_population_under5": 71.0 }, "geometry": { "type": "Point", "coordinates": [ 7.65701, 10.484698 ] } },
{ "type": "Feature", "properties": { "id": "S01254", "title": "Okkoma", "settlement_type": "Hamlet", "ward_code": "W016", "ward_name": "Uzritu", "lga_name": "Gwarin", "target_population_under5": 18.0 }, "geometry": { "type": "Point", "coordinates": [ 7.578981, 10.438075 ] } },
{ "type": "Feature", "properties": { "id": "S01243", "title": "Okyoja", "settlement_type": "Village", "ward_code": "W016", "ward_name": "Uzritu", "lga_name": "Gwarin", "target_population_under5": 62.0 }, "geometry": { "type": "Point", "coordinates": [ 7.627743, 10.507764 ] } },
{ "type": "Feature", "properties": { "id": "S01249", "title": "Olbena", "settlement_type": "Settlement", "ward_code": "W016", "ward_name": "Uzritu", "lga_name": "Gwarin", "target_population_under5": 59.0 }, "geometry": { "type": "Point", "coordinates": [ 7.579672, 10.460694 ] } },
{ "type": "Feature", "properties": { "id": "S01236", "title": "Oljitu", "settlement_type": "Settlement", "ward_code": "W016", "ward_name": "Uzritu", "lga_name": "Gwarin", "target_population_under5": 39.0 }, "geometry": { "type": "Point", "coordinates": [ 7.633087, 10.500139 ] } },
{ "type": "Feature", "properties": { "id": "S01242", "title": "Olratu", "settlement_type": "Village", "ward_code": "W016", "ward_name": "Uzritu", "lga_name": "Gwarin", "target_population_under5": 75.0 }, "geometry": { "type": "Point", "coordinates": [ 7.570491, 10.503526 ] } },
{ "type": "Feature", "properties": { "id": "S01266", "title": "Ribata", "settlement_type": "Hamlet", "ward_code": "W016", "ward_name": "Uzritu", "lga_name": "Gwarin", "target_population_under5": 46.0 }, "geometry": { "type": "Point", "coordinates": [ 7.670063, 10.489446 ] } },
{ "type": "Feature", "properties": { "id": "S01273", "title": "Riyota", "settlement_type": "Village", "ward_code": "W016", "ward_name": "Uzritu", "lga_name": "Gwarin", "target_population_under5": 17.0 }, "geometry": { "type": "Point", "coordinates": [ 7.638666, 10.497314 ] } },
{ "type": "Feature", "properties": { "id": "S01259", "title": "Subeja", "settlement_type": "Village", "ward_code": "W016", "ward_name": "Uzritu", "lga_name": "Gwarin", "target_population_under5": 53.0 }, "geometry": { "type": "Point", "coordinates": [ 7.573806, 10.452744 ] } },
{ "type": "Feature", "properties": { "id": "S01257", "title": "Suriyi", "settlement_type": "Settlement", "ward_code": "W016", "ward_name": "Uzritu", "lga_name": "Gwarin", "target_population_under5": 32.0 }, "geometry": { "type": "Point", "coordinates": [ 7.664928, 10.485981 ] } },
{ "type": "Feature", "properties": { "id": "S01231", "title": "Tadefa", "settlement_type": "Village", "ward_code": "W016", "ward_name": "Uzritu", "lga_name": "Gwarin", "target_population_under5": 42.0 }, "geometry": { "type": "Point", "coordinates": [ 7.562329, 10.449011 ] } },
{ "type": "Feature", "properties": { "id": "S01261", "title": "Talufa", "settlement_type": "Hamlet", "ward_code": "W016", "ward_name": "Uzritu", "lga_name": "Gwarin", "target_population_under5": 49.0 }, "geometry": { "type": "Point", "coordinates": [ 7.678957, 10.484553 ] } },
{ "type": "Feature", "properties": { "id": "S01262", "title": "Tangoshi", "settlement_type": "Village", "ward_code": "W016", "ward_name": "Uzritu", "lga_name": "Gwarin", "target_population_under5": 96.0 }, "geometry": { "type": "Point", "coordinates": [ 7.632634, 10.500824 ] } },
{ "type": "Feature", "properties": { "id": "S01269", "title": "Umtiyi", "settlement_type": "Village", "ward_code": "W016", "ward_name": "Uzritu", "lga_name": "Gwarin", "target_population_under5": 32.0 }, "geometry": { "type": "Point", "coordinates": [ 7.584251, 10.446026 ] } },
{ "type": "Feature", "properties": { "id": "S01235", "title": "Uzjiba", "settlement_type": "Village", "ward_code": "W016", "ward_name": "Uzritu", "lga_name": "Gwarin", "target_population_under5": 21.0 }, "geometry": { "type": "Point", "coordinates": [ 7.570645, 10.440412 ] } },
{ "type": "Feature", "properties": { "id": "S01250", "title": "Wadena-Arewa", "settlement_type": "Village", "ward_code": "W016", "ward_name": "Uzritu", "lga_name": "Gwarin", "target_population_under5": 232.0 }, "geometry": { "type": "Point", "coordinates": [ 7.58196, 10.436619 ] } },
{ "type": "Feature", "properties": { "id": "S01244", "title": "Wajifa", "settlement_type": "Hamlet", "ward_code": "W016", "ward_name": "Uzritu", "lga_name": "Gwarin", "target_population_under5": 20.0 }, "geometry": { "type": "Point", "coordinates": [ 7.642995, 10.494372 ] } },
{ "type": "Feature", "properties": { "id": "S01277", "title": "Yemasa-Gabas", "settlement_type": "Village", "ward_code": "W016", "ward_name": "Uzritu", "lga_name": "Gwarin", "target_population_under5": 26.0 }, "geometry": { "type": "Point", "coordinates": [ 7.654807, 10.484611 ] } },
{ "type": "Feature", "properties": { "id": "S01241", "title": "Zaluyi", "settlement_type": "Hamlet", "ward_code": "W016", "ward_name": "Uzritu", "lga_name": "Gwarin", "target_population_under5": 20.0 }, "geometry": { "type": "Point", "coordinates": [ 7.571533, 10.45816 ] } },
{ "type": "Feature", "properties": { "id": "S00822", "title": "Agdeko", "settlement_type": "Hamlet", "ward_code": "W009", "ward_name": "Washatu", "lga_name": "Gwarin", "target_population_under5": 28.0 }, "geometry": { "type": "Point", "coordinates": [ 7.522954, 10.954546 ] } },
{ "type": "Feature", "properties": { "id": "S00796", "title": "Agmade", "settlement_type": "Settlement", "ward_code": "W009", "ward_name": "Washatu", "lga_name": "Gwarin", "target_population_under5": 3.0 }, "geometry": { "type": "Point", "coordinates": [ 7.491365, 11.029286 ] } },
{ "type": "Feature", "properties": { "id": "S00825", "title": "Agsani", "settlement_type": "Hamlet", "ward_code": "W009", "ward_name": "Washatu", "lga_name": "Gwarin", "target_population_under5": 46.0 }, "geometry": { "type": "Point", "coordinates": [ 7.482933, 10.994311 ] } },
{ "type": "Feature", "properties": { "id": "S00818", "title": "Agshari", "settlement_type": "Village", "ward_code": "W009", "ward_name": "Washatu", "lga_name": "Gwarin", "target_population_under5": 25.0 }, "geometry": { "type": "Point", "coordinates": [ 7.547805, 10.943579 ] } },
{ "type": "Feature", "properties": { "id": "S00823", "title": "Bazawo", "settlement_type": "Hamlet", "ward_code": "W009", "ward_name": "Washatu", "lga_name": "Gwarin", "target_population_under5": 13.0 }, "geometry": { "type": "Point", "coordinates": [ 7.493541, 11.032353 ] } },
{ "type": "Feature", "properties": { "id": "S00807", "title": "Domade", "settlement_type": "Village", "ward_code": "W009", "ward_name": "Washatu", "lga_name": "Gwarin", "target_population_under5": 24.0 }, "geometry": { "type": "Point", "coordinates": [ 7.479482, 11.008172 ] } },
{ "type": "Feature", "properties": { "id": "S00805", "title": "Dorashi", "settlement_type": "Settlement", "ward_code": "W009", "ward_name": "Washatu", "lga_name": "Gwarin", "target_population_under5": 22.0 }, "geometry": { "type": "Point", "coordinates": [ 7.546898, 10.972749 ] } },
{ "type": "Feature", "properties": { "id": "S00803", "title": "Fanashi", "settlement_type": "Settlement", "ward_code": "W009", "ward_name": "Washatu", "lga_name": "Gwarin", "target_population_under5": 89.0 }, "geometry": { "type": "Point", "coordinates": [ 7.571068, 10.965947 ] } },
{ "type": "Feature", "properties": { "id": "S00798", "title": "Gubako", "settlement_type": "Village", "ward_code": "W009", "ward_name": "Washatu", "lga_name": "Gwarin", "target_population_under5": 62.0 }, "geometry": { "type": "Point", "coordinates": [ 7.499302, 11.023774 ] } },
{ "type": "Feature", "properties": { "id": "S00820", "title": "Ibzade-Arewa", "settlement_type": "Village", "ward_code": "W009", "ward_name": "Washatu", "lga_name": "Gwarin", "target_population_under5": 83.0 }, "geometry": { "type": "Point", "coordinates": [ 7.565557, 10.86257 ] } },
{ "type": "Feature", "properties": { "id": "S00809", "title": "Irngoma-Arewa", "settlement_type": "Settlement", "ward_code": "W009", "ward_name": "Washatu", "lga_name": "Gwarin", "target_population_under5": 59.0 }, "geometry": { "type": "Point", "coordinates": [ 7.601631, 10.822419 ] } },
{ "type": "Feature", "properties": { "id": "S00817", "title": "Jijiwo", "settlement_type": "Hamlet", "ward_code": "W009", "ward_name": "Washatu", "lga_name": "Gwarin", "target_population_under5": 8.0 }, "geometry": { "type": "Point", "coordinates": [ 7.555314, 10.956213 ] } },
{ "type": "Feature", "properties": { "id": "S00814", "title": "Kasami", "settlement_type": "Village", "ward_code": "W009", "ward_name": "Washatu", "lga_name": "Gwarin", "target_population_under5": 47.0 }, "geometry": { "type": "Point", "coordinates": [ 7.51162, 10.998924 ] } },
{ "type": "Feature", "properties": { "id": "S00791", "title": "Kujidu", "settlement_type": "Settlement", "ward_code": "W009", "ward_name": "Washatu", "lga_name": "Gwarin", "target_population_under5": 52.0 }, "geometry": { "type": "Point", "coordinates": [ 7.623405, 10.797477 ] } },
{ "type": "Feature", "properties": { "id": "S00824", "title": "Loduma-Tudun", "settlement_type": "Village", "ward_code": "W009", "ward_name": "Washatu", "lga_name": "Gwarin", "target_population_under5": 104.0 }, "geometry": { "type": "Point", "coordinates": [ 7.507549, 11.009563 ] } },
{ "type": "Feature", "properties": { "id": "S00795", "title": "Mabadu", "settlement_type": "Settlement", "ward_code": "W009", "ward_name": "Washatu", "lga_name": "Gwarin", "target_population_under5": 53.0 }, "geometry": { "type": "Point", "coordinates": [ 7.52853, 10.977484 ] } },
{ "type": "Feature", "properties": { "id": "S00804", "title": "Madena", "settlement_type": "Village", "ward_code": "W009", "ward_name": "Washatu", "lga_name": "Gwarin", "target_population_under5": 23.0 }, "geometry": { "type": "Point", "coordinates": [ 7.539983, 10.962829 ] } },
{ "type": "Feature", "properties": { "id": "S00793", "title": "Malako", "settlement_type": "Hamlet", "ward_code": "W009", "ward_name": "Washatu", "lga_name": "Gwarin", "target_population_under5": 34.0 }, "geometry": { "type": "Point", "coordinates": [ 7.501941, 11.015028 ] } },
{ "type": "Feature", "properties": { "id": "S00789", "title": "Matsima", "settlement_type": "Hamlet", "ward_code": "W009", "ward_name": "Washatu", "lga_name": "Gwarin", "target_population_under5": 26.0 }, "geometry": { "type": "Point", "coordinates": [ 7.583255, 10.950035 ] } },
{ "type": "Feature", "properties": { "id": "S00794", "title": "Mayoru", "settlement_type": "Settlement", "ward_code": "W009", "ward_name": "Washatu", "lga_name": "Gwarin", "target_population_under5": 63.0 }, "geometry": { "type": "Point", "coordinates": [ 7.491873, 11.005198 ] } },
{ "type": "Feature", "properties": { "id": "S00811", "title": "Okbani", "settlement_type": "Village", "ward_code": "W009", "ward_name": "Washatu", "lga_name": "Gwarin", "target_population_under5": 47.0 }, "geometry": { "type": "Point", "coordinates": [ 7.57956, 10.948236 ] } },
{ "type": "Feature", "properties": { "id": "S00821", "title": "Oktini", "settlement_type": "Urban block", "ward_code": "W009", "ward_name": "Washatu", "lga_name": "Gwarin", "target_population_under5": 180.0 }, "geometry": { "type": "Point", "coordinates": [ 7.531744, 11.025117 ] } },
{ "type": "Feature", "properties": { "id": "S00810", "title": "Okzaru", "settlement_type": "Village", "ward_code": "W009", "ward_name": "Washatu", "lga_name": "Gwarin", "target_population_under5": 47.0 }, "geometry": { "type": "Point", "coordinates": [ 7.556759, 10.959824 ] } },
{ "type": "Feature", "properties": { "id": "S00806", "title": "Ribeta", "settlement_type": "Village", "ward_code": "W009", "ward_name": "Washatu", "lga_name": "Gwarin", "target_population_under5": 35.0 }, "geometry": { "type": "Point", "coordinates": [ 7.497759, 11.025491 ] } },
{ "type": "Feature", "properties": { "id": "S00792", "title": "Rikoma", "settlement_type": "Village", "ward_code": "W009", "ward_name": "Washatu", "lga_name": "Gwarin", "target_population_under5": 56.0 }, "geometry": { "type": "Point", "coordinates": [ 7.569553, 10.951088 ] } },
{ "type": "Feature", "properties": { "id": "S00799", "title": "Rikotu", "settlement_type": "Hamlet", "ward_code": "W009", "ward_name": "Washatu", "lga_name": "Gwarin", "target_population_under5": 14.0 }, "geometry": { "type": "Point", "coordinates": [ 7.531328, 11.006614 ] } },
{ "type": "Feature", "properties": { "id": "S00812", "title": "Rilayi", "settlement_type": "Village", "ward_code": "W009", "ward_name": "Washatu", "lga_name": "Gwarin", "target_population_under5": 62.0 }, "geometry": { "type": "Point", "coordinates": [ 7.50377, 11.004766 ] } },
{ "type": "Feature", "properties": { "id": "S00797", "title": "Ringosa-Gabas", "settlement_type": "Village", "ward_code": "W009", "ward_name": "Washatu", "lga_name": "Gwarin", "target_population_under5": 64.0 }, "geometry": { "type": "Point", "coordinates": [ 7.53746, 10.921368 ] } },
{ "type": "Feature", "properties": { "id": "S00816", "title": "Sawade", "settlement_type": "Urban block", "ward_code": "W009", "ward_name": "Washatu", "lga_name": "Gwarin", "target_population_under5": 499.0 }, "geometry": { "type": "Point", "coordinates": [ 7.500587, 10.995465 ] } },
{ "type": "Feature", "properties": { "id": "S00808", "title": "Sawawa", "settlement_type": "Village", "ward_code": "W009", "ward_name": "Washatu", "lga_name": "Gwarin", "target_population_under5": 6.0 }, "geometry": { "type": "Point", "coordinates": [ 7.535795, 10.969275 ] } },
{ "type": "Feature", "properties": { "id": "S00801", "title": "Tadetu-Gabas", "settlement_type": "Settlement", "ward_code": "W009", "ward_name": "Washatu", "lga_name": "Gwarin", "target_population_under5": 52.0 }, "geometry": { "type": "Point", "coordinates": [ 7.490845, 11.010228 ] } },
{ "type": "Feature", "properties": { "id": "S00819", "title": "Tatishi-Arewa", "settlement_type": "Settlement", "ward_code": "W009", "ward_name": "Washatu", "lga_name": "Gwarin", "target_population_under5": 37.0 }, "geometry": { "type": "Point", "coordinates": [ 7.560685, 10.961093 ] } },
{ "type": "Feature", "properties": { "id": "S00815", "title": "Umshade-Yamma", "settlement_type": "Hamlet", "ward_code": "W009", "ward_name": "Washatu", "lga_name": "Gwarin", "target_population_under5": 34.0 }, "geometry": { "type": "Point", "coordinates": [ 7.494485, 11.018864 ] } },
{ "type": "Feature", "properties": { "id": "S00800", "title": "Uzdemi", "settlement_type": "Village", "ward_code": "W009", "ward_name": "Washatu", "lga_name": "Gwarin", "target_population_under5": 60.0 }, "geometry": { "type": "Point", "coordinates": [ 7.532793, 10.846289 ] } },
{ "type": "Feature", "properties": { "id": "S00813", "title": "Uzshaja-Arewa", "settlement_type": "Village", "ward_code": "W009", "ward_name": "Washatu", "lga_name": "Gwarin", "target_population_under5": 61.0 }, "geometry": { "type": "Point", "coordinates": [ 7.5898, 10.935683 ] } },
{ "type": "Feature", "properties": { "id": "S00790", "title": "Uztsimi", "settlement_type": "Village", "ward_code": "W009", "ward_name": "Washatu", "lga_name": "Gwarin", "target_population_under5": 125.0 }, "geometry": { "type": "Point", "coordinates": [ 7.514759, 11.01041 ] } },
{ "type": "Feature", "properties": { "id": "S00802", "title": "Wayole-Kofar", "settlement_type": "Hamlet", "ward_code": "W009", "ward_name": "Washatu", "lga_name": "Gwarin", "target_population_under5": 23.0 }, "geometry": { "type": "Point", "coordinates": [ 7.551641, 10.96727 ] } },
{ "type": "Feature", "properties": { "id": "S00788", "title": "Zayoma", "settlement_type": "Urban block", "ward_code": "W009", "ward_name": "Washatu", "lga_name": "Gwarin", "target_population_under5": 125.0 }, "geometry": { "type": "Point", "coordinates": [ 7.490951, 11.009486 ] } },
{ "type": "Feature", "properties": { "id": "S00339", "title": "Agbeja", "settlement_type": "Village", "ward_code": "W004", "ward_name": "Yesawo", "lga_name": "Gwarin", "target_population_under5": 95.0 }, "geometry": { "type": "Point", "coordinates": [ 7.241039, 10.572897 ] } },
{ "type": "Feature", "properties": { "id": "S00337", "title": "Agrale", "settlement_type": "Village", "ward_code": "W004", "ward_name": "Yesawo", "lga_name": "Gwarin", "target_population_under5": 25.0 }, "geometry": { "type": "Point", "coordinates": [ 7.224331, 10.633795 ] } },
{ "type": "Feature", "properties": { "id": "S00362", "title": "Agtsiwa", "settlement_type": "Urban block", "ward_code": "W004", "ward_name": "Yesawo", "lga_name": "Gwarin", "target_population_under5": 440.0 }, "geometry": { "type": "Point", "coordinates": [ 7.234727, 10.5717 ] } },
{ "type": "Feature", "properties": { "id": "S00330", "title": "Baritu", "settlement_type": "Village", "ward_code": "W004", "ward_name": "Yesawo", "lga_name": "Gwarin", "target_population_under5": 95.0 }, "geometry": { "type": "Point", "coordinates": [ 7.195187, 10.68726 ] } },
{ "type": "Feature", "properties": { "id": "S00331", "title": "Bawari-Yamma", "settlement_type": "Village", "ward_code": "W004", "ward_name": "Yesawo", "lga_name": "Gwarin", "target_population_under5": 64.0 }, "geometry": { "type": "Point", "coordinates": [ 7.228225, 10.586026 ] } },
{ "type": "Feature", "properties": { "id": "S00360", "title": "Dangoja", "settlement_type": "Village", "ward_code": "W004", "ward_name": "Yesawo", "lga_name": "Gwarin", "target_population_under5": 86.0 }, "geometry": { "type": "Point", "coordinates": [ 7.24835, 10.576047 ] } },
{ "type": "Feature", "properties": { "id": "S00344", "title": "Datsisa-Arewa", "settlement_type": "Hamlet", "ward_code": "W004", "ward_name": "Yesawo", "lga_name": "Gwarin", "target_population_under5": 9.0 }, "geometry": { "type": "Point", "coordinates": [ 7.182022, 10.68309 ] } },
{ "type": "Feature", "properties": { "id": "S00363", "title": "Dolaja", "settlement_type": "Village", "ward_code": "W004", "ward_name": "Yesawo", "lga_name": "Gwarin", "target_population_under5": 17.0 }, "geometry": { "type": "Point", "coordinates": [ 7.150998, 10.66558 ] } },
{ "type": "Feature", "properties": { "id": "S00332", "title": "Ekbade", "settlement_type": "Hamlet", "ward_code": "W004", "ward_name": "Yesawo", "lga_name": "Gwarin", "target_population_under5": 8.0 }, "geometry": { "type": "Point", "coordinates": [ 7.187035, 10.61587 ] } },
{ "type": "Feature", "properties": { "id": "S00358", "title": "Ekdeja", "settlement_type": "Hamlet", "ward_code": "W004", "ward_name": "Yesawo", "lga_name": "Gwarin", "target_population_under5": 5.0 }, "geometry": { "type": "Point", "coordinates": [ 7.26841, 10.564401 ] } },
{ "type": "Feature", "properties": { "id": "S00351", "title": "Eklufa", "settlement_type": "Settlement", "ward_code": "W004", "ward_name": "Yesawo", "lga_name": "Gwarin", "target_population_under5": 12.0 }, "geometry": { "type": "Point", "coordinates": [ 7.185531, 10.695851 ] } },
{ "type": "Feature", "properties": { "id": "S00347", "title": "Fabemi-Kofar", "settlement_type": "Village", "ward_code": "W004", "ward_name": "Yesawo", "lga_name": "Gwarin", "target_population_under5": 29.0 }, "geometry": { "type": "Point", "coordinates": [ 7.26264, 10.607177 ] } },
{ "type": "Feature", "properties": { "id": "S00345", "title": "Falama", "settlement_type": "Village", "ward_code": "W004", "ward_name": "Yesawo", "lga_name": "Gwarin", "target_population_under5": 64.0 }, "geometry": { "type": "Point", "coordinates": [ 7.204952, 10.59458 ] } },
{ "type": "Feature", "properties": { "id": "S00352", "title": "Falana", "settlement_type": "Village", "ward_code": "W004", "ward_name": "Yesawo", "lga_name": "Gwarin", "target_population_under5": 23.0 }, "geometry": { "type": "Point", "coordinates": [ 7.201383, 10.705544 ] } },
{ "type": "Feature", "properties": { "id": "S00350", "title": "Fanadu", "settlement_type": "Village", "ward_code": "W004", "ward_name": "Yesawo", "lga_name": "Gwarin", "target_population_under5": 116.0 }, "geometry": { "type": "Point", "coordinates": [ 7.158801, 10.648866 ] } },
{ "type": "Feature", "properties": { "id": "S00334", "title": "Gubatu-Kudu", "settlement_type": "Hamlet", "ward_code": "W004", "ward_name": "Yesawo", "lga_name": "Gwarin", "target_population_under5": null }, "geometry": { "type": "Point", "coordinates": [ 7.27585, 10.594675 ] } },
{ "type": "Feature", "properties": { "id": "S00335", "title": "Halani", "settlement_type": "Settlement", "ward_code": "W004", "ward_name": "Yesawo", "lga_name": "Gwarin", "target_population_under5": 12.0 }, "geometry": { "type": "Point", "coordinates": [ 7.213916, 10.658237 ] } },
{ "type": "Feature", "properties": { "id": "S00340", "title": "Hatiwo-Sabo", "settlement_type": "Hamlet", "ward_code": "W004", "ward_name": "Yesawo", "lga_name": "Gwarin", "target_population_under5": 56.0 }, "geometry": { "type": "Point", "coordinates": [ 7.189234, 10.662487 ] } },
{ "type": "Feature", "properties": { "id": "S00367", "title": "Ibdule", "settlement_type": "Village", "ward_code": "W004", "ward_name": "Yesawo", "lga_name": "Gwarin", "target_population_under5": 83.0 }, "geometry": { "type": "Point", "coordinates": [ 7.18085, 10.702637 ] } },
{ "type": "Feature", "properties": { "id": "S00355", "title": "Ibsasa", "settlement_type": "Hamlet", "ward_code": "W004", "ward_name": "Yesawo", "lga_name": "Gwarin", "target_population_under5": 8.0 }, "geometry": { "type": "Point", "coordinates": [ 7.261598, 10.607048 ] } },
{ "type": "Feature", "properties": { "id": "S00329", "title": "Ibshaja", "settlement_type": "Hamlet", "ward_code": "W004", "ward_name": "Yesawo", "lga_name": "Gwarin", "target_population_under5": 9.0 }, "geometry": { "type": "Point", "coordinates": [ 7.248575, 10.57124 ] } },
{ "type": "Feature", "properties": { "id": "S00361", "title": "Irjina", "settlement_type": "Village", "ward_code": "W004", "ward_name": "Yesawo", "lga_name": "Gwarin", "target_population_under5": 69.0 }, "geometry": { "type": "Point", "coordinates": [ 7.234767, 10.595043 ] } },
{ "type": "Feature", "properties": { "id": "S00336", "title": "Jimaba", "settlement_type": "Village", "ward_code": "W004", "ward_name": "Yesawo", "lga_name": "Gwarin", "target_population_under5": 58.0 }, "geometry": { "type": "Point", "coordinates": [ 7.21734, 10.693585 ] } },
{ "type": "Feature", "properties": { "id": "S00356", "title": "Katima", "settlement_type": "Hamlet", "ward_code": "W004", "ward_name": "Yesawo", "lga_name": "Gwarin", "target_population_under5": 8.0 }, "geometry": { "type": "Point", "coordinates": [ 7.238987, 10.580068 ] } },
{ "type": "Feature", "properties": { "id": "S00338", "title": "Kunawo", "settlement_type": "Hamlet", "ward_code": "W004", "ward_name": "Yesawo", "lga_name": "Gwarin", "target_population_under5": 22.0 }, "geometry": { "type": "Point", "coordinates": [ 7.194944, 10.683681 ] } },
{ "type": "Feature", "properties": { "id": "S00348", "title": "Lolutu", "settlement_type": "Village", "ward_code": "W004", "ward_name": "Yesawo", "lga_name": "Gwarin", "target_population_under5": 15.0 }, "geometry": { "type": "Point", "coordinates": [ 7.191121, 10.680233 ] } },
{ "type": "Feature", "properties": { "id": "S00366", "title": "Losadu-Tudun", "settlement_type": "Village", "ward_code": "W004", "ward_name": "Yesawo", "lga_name": "Gwarin", "target_population_under5": 30.0 }, "geometry": { "type": "Point", "coordinates": [ 7.184485, 10.70379 ] } },
{ "type": "Feature", "properties": { "id": "S00365", "title": "Lotide-Kofar", "settlement_type": "Hamlet", "ward_code": "W004", "ward_name": "Yesawo", "lga_name": "Gwarin", "target_population_under5": 13.0 }, "geometry": { "type": "Point", "coordinates": [ 7.212726, 10.690471 ] } },
{ "type": "Feature", "properties": { "id": "S00342", "title": "Okbele", "settlement_type": "Hamlet", "ward_code": "W004", "ward_name": "Yesawo", "lga_name": "Gwarin", "target_population_under5": 3.0 }, "geometry": { "type": "Point", "coordinates": [ 7.195427, 10.669986 ] } },
{ "type": "Feature", "properties": { "id": "S00343", "title": "Oklale", "settlement_type": "Village", "ward_code": "W004", "ward_name": "Yesawo", "lga_name": "Gwarin", "target_population_under5": 47.0 }, "geometry": { "type": "Point", "coordinates": [ 7.183042, 10.675162 ] } },
{ "type": "Feature", "properties": { "id": "S00349", "title": "Oltiwo-Sabo", "settlement_type": "Hamlet", "ward_code": "W004", "ward_name": "Yesawo", "lga_name": "Gwarin", "target_population_under5": 55.0 }, "geometry": { "type": "Point", "coordinates": [ 7.227483, 10.578117 ] } },
{ "type": "Feature", "properties": { "id": "S00364", "title": "Sangoru-Sabo", "settlement_type": "Village", "ward_code": "W004", "ward_name": "Yesawo", "lga_name": "Gwarin", "target_population_under5": 56.0 }, "geometry": { "type": "Point", "coordinates": [ 7.201645, 10.704503 ] } },
{ "type": "Feature", "properties": { "id": "S00353", "title": "Sushadu-Yamma", "settlement_type": "Village", "ward_code": "W004", "ward_name": "Yesawo", "lga_name": "Gwarin", "target_population_under5": 23.0 }, "geometry": { "type": "Point", "coordinates": [ 7.178882, 10.685413 ] } },
{ "type": "Feature", "properties": { "id": "S00357", "title": "Umjiri", "settlement_type": "Urban block", "ward_code": "W004", "ward_name": "Yesawo", "lga_name": "Gwarin", "target_population_under5": 221.0 }, "geometry": { "type": "Point", "coordinates": [ 7.218137, 10.588305 ] } },
{ "type": "Feature", "properties": { "id": "S00359", "title": "Uzbede", "settlement_type": "Village", "ward_code": "W004", "ward_name": "Yesawo", "lga_name": "Gwarin", "target_population_under5": 93.0 }, "geometry": { "type": "Point", "coordinates": [ 7.194783, 10.672214 ] } },
{ "type": "Feature", "properties": { "id": "S00354", "title": "Uzbede-Yamma", "settlement_type": "Hamlet", "ward_code": "W004", "ward_name": "Yesawo", "lga_name": "Gwarin", "target_population_under5": 14.0 }, "geometry": { "type": "Point", "coordinates": [ 7.173966, 10.693766 ] } },
{ "type": "Feature", "properties": { "id": "S00333", "title": "Uzyowa", "settlement_type": "Hamlet", "ward_code": "W004", "ward_name": "Yesawo", "lga_name": "Gwarin", "target_population_under5": 13.0 }, "geometry": { "type": "Point", "coordinates": [ 7.175272, 10.698037 ] } },
{ "type": "Feature", "properties": { "id": "S00368", "title": "Yedena", "settlement_type": "Village", "ward_code": "W004", "ward_name": "Yesawo", "lga_name": "Gwarin", "target_population_under5": 25.0 }, "geometry": { "type": "Point", "coordinates": [ 7.216807, 10.682468 ] } },
{ "type": "Feature", "properties": { "id": "S00346", "title": "Yedude", "settlement_type": "Hamlet", "ward_code": "W004", "ward_name": "Yesawo", "lga_name": "Gwarin", "target_population_under5": 17.0 }, "geometry": { "type": "Point", "coordinates": [ 7.27305, 10.61904 ] } },
{ "type": "Feature", "properties": { "id": "S00341", "title": "Yetsisa", "settlement_type": "Hamlet", "ward_code": "W004", "ward_name": "Yesawo", "lga_name": "Gwarin", "target_population_under5": 6.0 }, "geometry": { "type": "Point", "coordinates": [ 7.231762, 10.63105 ] } },
{ "type": "Feature", "properties": { "id": "S01523", "title": "Adlufa", "settlement_type": "Village", "ward_code": "W021", "ward_name": "Yezata", "lga_name": "Gwarin", "target_population_under5": 34.0 }, "geometry": { "type": "Point", "coordinates": [ 7.871392, 10.515694 ] } },
{ "type": "Feature", "properties": { "id": "S01552", "title": "Agsawo", "settlement_type": "Hamlet", "ward_code": "W021", "ward_name": "Yezata", "lga_name": "Gwarin", "target_population_under5": 8.0 }, "geometry": { "type": "Point", "coordinates": [ 7.886786, 10.554967 ] } },
{ "type": "Feature", "properties": { "id": "S01542", "title": "Daluta", "settlement_type": "Settlement", "ward_code": "W021", "ward_name": "Yezata", "lga_name": "Gwarin", "target_population_under5": 65.0 }, "geometry": { "type": "Point", "coordinates": [ 7.725235, 10.55961 ] } },
{ "type": "Feature", "properties": { "id": "S01514", "title": "Daradu-Kudu", "settlement_type": "Village", "ward_code": "W021", "ward_name": "Yezata", "lga_name": "Gwarin", "target_population_under5": 48.0 }, "geometry": { "type": "Point", "coordinates": [ 7.879893, 10.467355 ] } },
{ "type": "Feature", "properties": { "id": "S01518", "title": "Ekshadu", "settlement_type": "Village", "ward_code": "W021", "ward_name": "Yezata", "lga_name": "Gwarin", "target_population_under5": 42.0 }, "geometry": { "type": "Point", "coordinates": [ 7.856954, 10.569812 ] } },
{ "type": "Feature", "properties": { "id": "S01540", "title": "Ekshashi", "settlement_type": "Village", "ward_code": "W021", "ward_name": "Yezata", "lga_name": "Gwarin", "target_population_under5": 183.0 }, "geometry": { "type": "Point", "coordinates": [ 7.847146, 10.574144 ] } },
{ "type": "Feature", "properties": { "id": "S01522", "title": "Fangota", "settlement_type": "Village", "ward_code": "W021", "ward_name": "Yezata", "lga_name": "Gwarin", "target_population_under5": 13.0 }, "geometry": { "type": "Point", "coordinates": [ 7.858724, 10.541522 ] } },
{ "type": "Feature", "properties": { "id": "S01544", "title": "Hadele-Arewa", "settlement_type": "Hamlet", "ward_code": "W021", "ward_name": "Yezata", "lga_name": "Gwarin", "target_population_under5": 46.0 }, "geometry": { "type": "Point", "coordinates": [ 7.837191, 10.543674 ] } },
{ "type": "Feature", "properties": { "id": "S01529", "title": "Hakoma", "settlement_type": "Village", "ward_code": "W021", "ward_name": "Yezata", "lga_name": "Gwarin", "target_population_under5": 85.0 }, "geometry": { "type": "Point", "coordinates": [ 7.888513, 10.517351 ] } },
{ "type": "Feature", "properties": { "id": "S01539", "title": "Hakosa", "settlement_type": "Settlement", "ward_code": "W021", "ward_name": "Yezata", "lga_name": "Gwarin", "target_population_under5": 20.0 }, "geometry": { "type": "Point", "coordinates": [ 7.894844, 10.479033 ] } },
{ "type": "Feature", "properties": { "id": "S01547", "title": "Ibbayi", "settlement_type": "Village", "ward_code": "W021", "ward_name": "Yezata", "lga_name": "Gwarin", "target_population_under5": 30.0 }, "geometry": { "type": "Point", "coordinates": [ 7.877436, 10.53469 ] } },
{ "type": "Feature", "properties": { "id": "S01549", "title": "Iblumi", "settlement_type": "Hamlet", "ward_code": "W021", "ward_name": "Yezata", "lga_name": "Gwarin", "target_population_under5": 15.0 }, "geometry": { "type": "Point", "coordinates": [ 7.878354, 10.480628 ] } },
{ "type": "Feature", "properties": { "id": "S01538", "title": "Ibshami", "settlement_type": "Hamlet", "ward_code": "W021", "ward_name": "Yezata", "lga_name": "Gwarin", "target_population_under5": 4.0 }, "geometry": { "type": "Point", "coordinates": [ 7.891864, 10.518849 ] } },
{ "type": "Feature", "properties": { "id": "S01545", "title": "Ibtide-Tudun", "settlement_type": "Village", "ward_code": "W021", "ward_name": "Yezata", "lga_name": "Gwarin", "target_population_under5": 62.0 }, "geometry": { "type": "Point", "coordinates": [ 7.900657, 10.477311 ] } },
{ "type": "Feature", "properties": { "id": "S01515", "title": "Irbaja", "settlement_type": "Hamlet", "ward_code": "W021", "ward_name": "Yezata", "lga_name": "Gwarin", "target_population_under5": 18.0 }, "geometry": { "type": "Point", "coordinates": [ 7.886722, 10.488959 ] } },
{ "type": "Feature", "properties": { "id": "S01534", "title": "Irngode", "settlement_type": "Hamlet", "ward_code": "W021", "ward_name": "Yezata", "lga_name": "Gwarin", "target_population_under5": 40.0 }, "geometry": { "type": "Point", "coordinates": [ 7.916135, 10.5138 ] } },
{ "type": "Feature", "properties": { "id": "S01536", "title": "Irraba", "settlement_type": "Village", "ward_code": "W021", "ward_name": "Yezata", "lga_name": "Gwarin", "target_population_under5": 20.0 }, "geometry": { "type": "Point", "coordinates": [ 7.824257, 10.624195 ] } },
{ "type": "Feature", "properties": { "id": "S01533", "title": "Irtide", "settlement_type": "Settlement", "ward_code": "W021", "ward_name": "Yezata", "lga_name": "Gwarin", "target_population_under5": 25.0 }, "geometry": { "type": "Point", "coordinates": [ 7.871801, 10.493992 ] } },
{ "type": "Feature", "properties": { "id": "S01526", "title": "Jiriyi", "settlement_type": "Settlement", "ward_code": "W021", "ward_name": "Yezata", "lga_name": "Gwarin", "target_population_under5": 34.0 }, "geometry": { "type": "Point", "coordinates": [ 7.81974, 10.456969 ] } },
{ "type": "Feature", "properties": { "id": "S01517", "title": "Jisami", "settlement_type": "Hamlet", "ward_code": "W021", "ward_name": "Yezata", "lga_name": "Gwarin", "target_population_under5": 13.0 }, "geometry": { "type": "Point", "coordinates": [ 7.887323, 10.549489 ] } },
{ "type": "Feature", "properties": { "id": "S01554", "title": "Kamawo", "settlement_type": "Village", "ward_code": "W021", "ward_name": "Yezata", "lga_name": "Gwarin", "target_population_under5": 87.0 }, "geometry": { "type": "Point", "coordinates": [ 7.892363, 10.559092 ] } },
{ "type": "Feature", "properties": { "id": "S01528", "title": "Kujija", "settlement_type": "Village", "ward_code": "W021", "ward_name": "Yezata", "lga_name": "Gwarin", "target_population_under5": 37.0 }, "geometry": { "type": "Point", "coordinates": [ 7.86937, 10.511849 ] } },
{ "type": "Feature", "properties": { "id": "S01550", "title": "Kungosa-Arewa", "settlement_type": "Village", "ward_code": "W021", "ward_name": "Yezata", "lga_name": "Gwarin", "target_population_under5": 36.0 }, "geometry": { "type": "Point", "coordinates": [ 7.894003, 10.543056 ] } },
{ "type": "Feature", "properties": { "id": "S01543", "title": "Lolashi", "settlement_type": "Hamlet", "ward_code": "W021", "ward_name": "Yezata", "lga_name": "Gwarin", "target_population_under5": 15.0 }, "geometry": { "type": "Point", "coordinates": [ 7.88318, 10.542068 ] } },
{ "type": "Feature", "properties": { "id": "S01520", "title": "Maberi-Kofar", "settlement_type": "Hamlet", "ward_code": "W021", "ward_name": "Yezata", "lga_name": "Gwarin", "target_population_under5": 15.0 }, "geometry": { "type": "Point", "coordinates": [ 7.88121, 10.576925 ] } },
{ "type": "Feature", "properties": { "id": "S01521", "title": "Majija-Gabas", "settlement_type": "Hamlet", "ward_code": "W021", "ward_name": "Yezata", "lga_name": "Gwarin", "target_population_under5": 5.0 }, "geometry": { "type": "Point", "coordinates": [ 7.864724, 10.537481 ] } },
{ "type": "Feature", "properties": { "id": "S01530", "title": "Mawani", "settlement_type": "Hamlet", "ward_code": "W021", "ward_name": "Yezata", "lga_name": "Gwarin", "target_population_under5": 14.0 }, "geometry": { "type": "Point", "coordinates": [ 7.875689, 10.501819 ] } },
{ "type": "Feature", "properties": { "id": "S01524", "title": "Nuzaba", "settlement_type": "Village", "ward_code": "W021", "ward_name": "Yezata", "lga_name": "Gwarin", "target_population_under5": 59.0 }, "geometry": { "type": "Point", "coordinates": [ 7.870738, 10.54964 ] } },
{ "type": "Feature", "properties": { "id": "S01546", "title": "Okshatu", "settlement_type": "Village", "ward_code": "W021", "ward_name": "Yezata", "lga_name": "Gwarin", "target_population_under5": 39.0 }, "geometry": { "type": "Point", "coordinates": [ 7.888667, 10.47087 ] } },
{ "type": "Feature", "properties": { "id": "S01548", "title": "Salaja", "settlement_type": "Hamlet", "ward_code": "W021", "ward_name": "Yezata", "lga_name": "Gwarin", "target_population_under5": 21.0 }, "geometry": { "type": "Point", "coordinates": [ 7.86192, 10.471374 ] } },
{ "type": "Feature", "properties": { "id": "S01541", "title": "Sayofa", "settlement_type": "Hamlet", "ward_code": "W021", "ward_name": "Yezata", "lga_name": "Gwarin", "target_population_under5": 60.0 }, "geometry": { "type": "Point", "coordinates": [ 7.874871, 10.453862 ] } },
{ "type": "Feature", "properties": { "id": "S01535", "title": "Sazale", "settlement_type": "Hamlet", "ward_code": "W021", "ward_name": "Yezata", "lga_name": "Gwarin", "target_population_under5": 12.0 }, "geometry": { "type": "Point", "coordinates": [ 7.875416, 10.491516 ] } },
{ "type": "Feature", "properties": { "id": "S01527", "title": "Sungode", "settlement_type": "Settlement", "ward_code": "W021", "ward_name": "Yezata", "lga_name": "Gwarin", "target_population_under5": 30.0 }, "geometry": { "type": "Point", "coordinates": [ 7.859476, 10.495152 ] } },
{ "type": "Feature", "properties": { "id": "S01531", "title": "Wasale", "settlement_type": "Village", "ward_code": "W021", "ward_name": "Yezata", "lga_name": "Gwarin", "target_population_under5": 124.0 }, "geometry": { "type": "Point", "coordinates": [ 7.86, 10.597298 ] } },
{ "type": "Feature", "properties": { "id": "S01532", "title": "Watiyi", "settlement_type": "Village", "ward_code": "W021", "ward_name": "Yezata", "lga_name": "Gwarin", "target_population_under5": 158.0 }, "geometry": { "type": "Point", "coordinates": [ 7.858155, 10.494237 ] } },
{ "type": "Feature", "properties": { "id": "S01516", "title": "Yebeba", "settlement_type": "Settlement", "ward_code": "W021", "ward_name": "Yezata", "lga_name": "Gwarin", "target_population_under5": 18.0 }, "geometry": { "type": "Point", "coordinates": [ 7.858471, 10.469742 ] } },
{ "type": "Feature", "properties": { "id": "S01525", "title": "Yengode", "settlement_type": "Hamlet", "ward_code": "W021", "ward_name": "Yezata", "lga_name": "Gwarin", "target_population_under5": 36.0 }, "geometry": { "type": "Point", "coordinates": [ 7.875715, 10.501626 ] } },
{ "type": "Feature", "properties": { "id": "S01537", "title": "Yengona", "settlement_type": "Village", "ward_code": "W021", "ward_name": "Yezata", "lga_name": "Gwarin", "target_population_under5": 44.0 }, "geometry": { "type": "Point", "coordinates": [ 7.87467, 10.476966 ] } },
{ "type": "Feature", "properties": { "id": "S01553", "title": "Zadewo", "settlement_type": "Village", "ward_code": "W021", "ward_name": "Yezata", "lga_name": "Gwarin", "target_population_under5": 10.0 }, "geometry": { "type": "Point", "coordinates": [ 7.861407, 10.530841 ] } },
{ "type": "Feature", "properties": { "id": "S01519", "title": "Zasale", "settlement_type": "Village", "ward_code": "W021", "ward_name": "Yezata", "lga_name": "Gwarin", "target_population_under5": 69.0 }, "geometry": { "type": "Point", "coordinates": [ 7.749566, 10.609694 ] } },
{ "type": "Feature", "properties": { "id": "S01551", "title": "Zazako", "settlement_type": "Village", "ward_code": "W021", "ward_name": "Yezata", "lga_name": "Gwarin", "target_population_under5": 28.0 }, "geometry": { "type": "Point", "coordinates": [ 7.922076, 10.492945 ] } },
{ "type": "Feature", "properties": { "id": "S01207", "title": "Admashi", "settlement_type": "Hamlet", "ward_code": "W015", "ward_name": "Baluru", "lga_name": "Idi-Oro", "target_population_under5": 63.0 }, "geometry": { "type": "Point", "coordinates": [ 7.673062, 11.306388 ] } },
{ "type": "Feature", "properties": { "id": "S01202", "title": "Adsana", "settlement_type": "Village", "ward_code": "W015", "ward_name": "Baluru", "lga_name": "Idi-Oro", "target_population_under5": 145.0 }, "geometry": { "type": "Point", "coordinates": [ 7.511084, 11.208222 ] } },
{ "type": "Feature", "properties": { "id": "S01177", "title": "Adtsina", "settlement_type": "Hamlet", "ward_code": "W015", "ward_name": "Baluru", "lga_name": "Idi-Oro", "target_population_under5": 20.0 }, "geometry": { "type": "Point", "coordinates": [ 7.675572, 11.291215 ] } },
{ "type": "Feature", "properties": { "id": "S01128", "title": "Agyowa-Tudun", "settlement_type": "Hamlet", "ward_code": "W015", "ward_name": "Baluru", "lga_name": "Idi-Oro", "target_population_under5": 19.0 }, "geometry": { "type": "Point", "coordinates": [ 7.491842, 11.21725 ] } },
{ "type": "Feature", "properties": { "id": "S01174", "title": "Agyowo", "settlement_type": "Village", "ward_code": "W015", "ward_name": "Baluru", "lga_name": "Idi-Oro", "target_population_under5": 112.0 }, "geometry": { "type": "Point", "coordinates": [ 7.508765, 11.219791 ] } },
{ "type": "Feature", "properties": { "id": "S01158", "title": "Bariyi", "settlement_type": "Hamlet", "ward_code": "W015", "ward_name": "Baluru", "lga_name": "Idi-Oro", "target_population_under5": 40.0 }, "geometry": { "type": "Point", "coordinates": [ 7.679236, 11.28132 ] } },
{ "type": "Feature", "properties": { "id": "S01206", "title": "Bashashi", "settlement_type": "Hamlet", "ward_code": "W015", "ward_name": "Baluru", "lga_name": "Idi-Oro", "target_population_under5": 49.0 }, "geometry": { "type": "Point", "coordinates": [ 7.557546, 11.269784 ] } },
{ "type": "Feature", "properties": { "id": "S01191", "title": "Bibako", "settlement_type": "Hamlet", "ward_code": "W015", "ward_name": "Baluru", "lga_name": "Idi-Oro", "target_population_under5": 82.0 }, "geometry": { "type": "Point", "coordinates": [ 7.523788, 11.203971 ] } },
{ "type": "Feature", "properties": { "id": "S01111", "title": "Bikoja-Tsakiya", "settlement_type": "Settlement", "ward_code": "W015", "ward_name": "Baluru", "lga_name": "Idi-Oro", "target_population_under5": 116.0 }, "geometry": { "type": "Point", "coordinates": [ 7.493137, 11.21752 ] } },
{ "type": "Feature", "properties": { "id": "S01133", "title": "Bisaja", "settlement_type": "Urban block", "ward_code": "W015", "ward_name": "Baluru", "lga_name": "Idi-Oro", "target_population_under5": 275.0 }, "geometry": { "type": "Point", "coordinates": [ 7.683409, 11.275546 ] } },
{ "type": "Feature", "properties": { "id": "S01163", "title": "Bishale", "settlement_type": "Village", "ward_code": "W015", "ward_name": "Baluru", "lga_name": "Idi-Oro", "target_population_under5": 271.0 }, "geometry": { "type": "Point", "coordinates": [ 7.518248, 11.244011 ] } },
{ "type": "Feature", "properties": { "id": "S01230", "title": "Bitile", "settlement_type": "Hamlet", "ward_code": "W015", "ward_name": "Baluru", "lga_name": "Idi-Oro", "target_population_under5": 24.0 }, "geometry": { "type": "Point", "coordinates": [ 7.726167, 11.277347 ] } },
{ "type": "Feature", "properties": { "id": "S01120", "title": "Bitsiyi", "settlement_type": "Village", "ward_code": "W015", "ward_name": "Baluru", "lga_name": "Idi-Oro", "target_population_under5": 135.0 }, "geometry": { "type": "Point", "coordinates": [ 7.665472, 11.277988 ] } },
{ "type": "Feature", "properties": { "id": "S01156", "title": "Daluna", "settlement_type": "Urban block", "ward_code": "W015", "ward_name": "Baluru", "lga_name": "Idi-Oro", "target_population_under5": 368.0 }, "geometry": { "type": "Point", "coordinates": [ 7.694902, 11.265077 ] } },
{ "type": "Feature", "properties": { "id": "S01145", "title": "Dangode", "settlement_type": "Village", "ward_code": "W015", "ward_name": "Baluru", "lga_name": "Idi-Oro", "target_population_under5": 139.0 }, "geometry": { "type": "Point", "coordinates": [ 7.493857, 11.356204 ] } },
{ "type": "Feature", "properties": { "id": "S01188", "title": "Darile-Arewa", "settlement_type": "Village", "ward_code": "W015", "ward_name": "Baluru", "lga_name": "Idi-Oro", "target_population_under5": 118.0 }, "geometry": { "type": "Point", "coordinates": [ 7.538967, 11.281896 ] } },
{ "type": "Feature", "properties": { "id": "S01168", "title": "Dasharu", "settlement_type": "Urban block", "ward_code": "W015", "ward_name": "Baluru", "lga_name": "Idi-Oro", "target_population_under5": 198.0 }, "geometry": { "type": "Point", "coordinates": [ 7.657826, 11.262971 ] } },
{ "type": "Feature", "properties": { "id": "S01228", "title": "Dawako", "settlement_type": "Village", "ward_code": "W015", "ward_name": "Baluru", "lga_name": "Idi-Oro", "target_population_under5": 86.0 }, "geometry": { "type": "Point", "coordinates": [ 7.516259, 11.367413 ] } },
{ "type": "Feature", "properties": { "id": "S01137", "title": "Dayoja", "settlement_type": "Hamlet", "ward_code": "W015", "ward_name": "Baluru", "lga_name": "Idi-Oro", "target_population_under5": 29.0 }, "geometry": { "type": "Point", "coordinates": [ 7.564826, 11.274598 ] } },
{ "type": "Feature", "properties": { "id": "S01135", "title": "Dobeko", "settlement_type": "Hamlet", "ward_code": "W015", "ward_name": "Baluru", "lga_name": "Idi-Oro", "target_population_under5": 44.0 }, "geometry": { "type": "Point", "coordinates": [ 7.713771, 11.298133 ] } },
{ "type": "Feature", "properties": { "id": "S01098", "title": "Domadu", "settlement_type": "Urban block", "ward_code": "W015", "ward_name": "Baluru", "lga_name": "Idi-Oro", "target_population_under5": 105.0 }, "geometry": { "type": "Point", "coordinates": [ 7.693626, 11.280297 ] } },
{ "type": "Feature", "properties": { "id": "S01183", "title": "Domari", "settlement_type": "Hamlet", "ward_code": "W015", "ward_name": "Baluru", "lga_name": "Idi-Oro", "target_population_under5": 41.0 }, "geometry": { "type": "Point", "coordinates": [ 7.482806, 11.187645 ] } },
{ "type": "Feature", "properties": { "id": "S01195", "title": "Dorana", "settlement_type": "Urban block", "ward_code": "W015", "ward_name": "Baluru", "lga_name": "Idi-Oro", "target_population_under5": 356.0 }, "geometry": { "type": "Point", "coordinates": [ 7.533087, 11.2992 ] } },
{ "type": "Feature", "properties": { "id": "S01131", "title": "Doriba", "settlement_type": "Urban block", "ward_code": "W015", "ward_name": "Baluru", "lga_name": "Idi-Oro", "target_population_under5": 771.0 }, "geometry": { "type": "Point", "coordinates": [ 7.553608, 11.301884 ] } },
{ "type": "Feature", "properties": { "id": "S01192", "title": "Doritu", "settlement_type": "Village", "ward_code": "W015", "ward_name": "Baluru", "lga_name": "Idi-Oro", "target_population_under5": 164.0 }, "geometry": { "type": "Point", "coordinates": [ 7.695615, 11.27502 ] } },
{ "type": "Feature", "properties": { "id": "S01109", "title": "Dosashi", "settlement_type": "Village", "ward_code": "W015", "ward_name": "Baluru", "lga_name": "Idi-Oro", "target_population_under5": 136.0 }, "geometry": { "type": "Point", "coordinates": [ 7.508958, 11.193804 ] } },
{ "type": "Feature", "properties": { "id": "S01210", "title": "Dowawa-Yamma", "settlement_type": "Urban block", "ward_code": "W015", "ward_name": "Baluru", "lga_name": "Idi-Oro", "target_population_under5": 410.0 }, "geometry": { "type": "Point", "coordinates": [ 7.71246, 11.279193 ] } },
{ "type": "Feature", "properties": { "id": "S01186", "title": "Ekdema", "settlement_type": "Village", "ward_code": "W015", "ward_name": "Baluru", "lga_name": "Idi-Oro", "target_population_under5": 67.0 }, "geometry": { "type": "Point", "coordinates": [ 7.496018, 11.254443 ] } },
{ "type": "Feature", "properties": { "id": "S01144", "title": "Ekjiyi-Arewa", "settlement_type": "Hamlet", "ward_code": "W015", "ward_name": "Baluru", "lga_name": "Idi-Oro", "target_population_under5": 43.0 }, "geometry": { "type": "Point", "coordinates": [ 7.509187, 11.248234 ] } },
{ "type": "Feature", "properties": { "id": "S01160", "title": "Eklawa", "settlement_type": "Village", "ward_code": "W015", "ward_name": "Baluru", "lga_name": "Idi-Oro", "target_population_under5": 167.0 }, "geometry": { "type": "Point", "coordinates": [ 7.514178, 11.209277 ] } },
{ "type": "Feature", "properties": { "id": "S01189", "title": "Ekratu-Kudu", "settlement_type": "Village", "ward_code": "W015", "ward_name": "Baluru", "lga_name": "Idi-Oro", "target_population_under5": 165.0 }, "geometry": { "type": "Point", "coordinates": [ 7.661869, 11.265109 ] } },
{ "type": "Feature", "properties": { "id": "S01223", "title": "Ektide", "settlement_type": "Village", "ward_code": "W015", "ward_name": "Baluru", "lga_name": "Idi-Oro", "target_population_under5": 213.0 }, "geometry": { "type": "Point", "coordinates": [ 7.703457, 11.269393 ] } },
{ "type": "Feature", "properties": { "id": "S01200", "title": "Ektina", "settlement_type": "Urban block", "ward_code": "W015", "ward_name": "Baluru", "lga_name": "Idi-Oro", "target_population_under5": 785.0 }, "geometry": { "type": "Point", "coordinates": [ 7.716918, 11.27706 ] } },
{ "type": "Feature", "properties": { "id": "S01146", "title": "Enmale", "settlement_type": "Village", "ward_code": "W015", "ward_name": "Baluru", "lga_name": "Idi-Oro", "target_population_under5": 108.0 }, "geometry": { "type": "Point", "coordinates": [ 7.555483, 11.263674 ] } },
{ "type": "Feature", "properties": { "id": "S01117", "title": "Enngoni", "settlement_type": "Settlement", "ward_code": "W015", "ward_name": "Baluru", "lga_name": "Idi-Oro", "target_population_under5": 17.0 }, "geometry": { "type": "Point", "coordinates": [ 7.510269, 11.208236 ] } },
{ "type": "Feature", "properties": { "id": "S01130", "title": "Ensharu", "settlement_type": "Village", "ward_code": "W015", "ward_name": "Baluru", "lga_name": "Idi-Oro", "target_population_under5": 104.0 }, "geometry": { "type": "Point", "coordinates": [ 7.70945, 11.274274 ] } },
{ "type": "Feature", "properties": { "id": "S01099", "title": "Entiyi", "settlement_type": "Village", "ward_code": "W015", "ward_name": "Baluru", "lga_name": "Idi-Oro", "target_population_under5": 32.0 }, "geometry": { "type": "Point", "coordinates": [ 7.539368, 11.247286 ] } },
{ "type": "Feature", "properties": { "id": "S01194", "title": "Enwama", "settlement_type": "Urban block", "ward_code": "W015", "ward_name": "Baluru", "lga_name": "Idi-Oro", "target_population_under5": 575.0 }, "geometry": { "type": "Point", "coordinates": [ 7.705836, 11.277647 ] } },
{ "type": "Feature", "properties": { "id": "S01172", "title": "Fanasa", "settlement_type": "Settlement", "ward_code": "W015", "ward_name": "Baluru", "lga_name": "Idi-Oro", "target_population_under5": 210.0 }, "geometry": { "type": "Point", "coordinates": [ 7.650583, 11.254022 ] } },
{ "type": "Feature", "properties": { "id": "S01220", "title": "Fatsiwo-Yamma", "settlement_type": "Urban block", "ward_code": "W015", "ward_name": "Baluru", "lga_name": "Idi-Oro", "target_population_under5": 988.0 }, "geometry": { "type": "Point", "coordinates": [ 7.540551, 11.296309 ] } },
{ "type": "Feature", "properties": { "id": "S01204", "title": "Gulawo", "settlement_type": "Village", "ward_code": "W015", "ward_name": "Baluru", "lga_name": "Idi-Oro", "target_population_under5": 153.0 }, "geometry": { "type": "Point", "coordinates": [ 7.500583, 11.220344 ] } },
{ "type": "Feature", "properties": { "id": "S01208", "title": "Gungole", "settlement_type": "Hamlet", "ward_code": "W015", "ward_name": "Baluru", "lga_name": "Idi-Oro", "target_population_under5": 28.0 }, "geometry": { "type": "Point", "coordinates": [ 7.729566, 11.294697 ] } },
{ "type": "Feature", "properties": { "id": "S01096", "title": "Haberi", "settlement_type": "Settlement", "ward_code": "W015", "ward_name": "Baluru", "lga_name": "Idi-Oro", "target_population_under5": 74.0 }, "geometry": { "type": "Point", "coordinates": [ 7.572012, 11.253869 ] } },
{ "type": "Feature", "properties": { "id": "S01178", "title": "Hajile-Kudu", "settlement_type": "Urban block", "ward_code": "W015", "ward_name": "Baluru", "lga_name": "Idi-Oro", "target_population_under5": 80.0 }, "geometry": { "type": "Point", "coordinates": [ 7.509715, 11.17761 ] } },
{ "type": "Feature", "properties": { "id": "S01141", "title": "Ibkole", "settlement_type": "Hamlet", "ward_code": "W015", "ward_name": "Baluru", "lga_name": "Idi-Oro", "target_population_under5": 17.0 }, "geometry": { "type": "Point", "coordinates": [ 7.673591, 11.293923 ] } },
{ "type": "Feature", "properties": { "id": "S01127", "title": "Ibrasa", "settlement_type": "Urban block", "ward_code": "W015", "ward_name": "Baluru", "lga_name": "Idi-Oro", "target_population_under5": 149.0 }, "geometry": { "type": "Point", "coordinates": [ 7.723774, 11.277092 ] } },
{ "type": "Feature", "properties": { "id": "S01140", "title": "Irbetu", "settlement_type": "Hamlet", "ward_code": "W015", "ward_name": "Baluru", "lga_name": "Idi-Oro", "target_population_under5": 18.0 }, "geometry": { "type": "Point", "coordinates": [ 7.500407, 11.231372 ] } },
{ "type": "Feature", "properties": { "id": "S01122", "title": "Irdeko", "settlement_type": "Urban block", "ward_code": "W015", "ward_name": "Baluru", "lga_name": "Idi-Oro", "target_population_under5": 475.0 }, "geometry": { "type": "Point", "coordinates": [ 7.675763, 11.256566 ] } },
{ "type": "Feature", "properties": { "id": "S01097", "title": "Irjina-Kudu", "settlement_type": "Village", "ward_code": "W015", "ward_name": "Baluru", "lga_name": "Idi-Oro", "target_population_under5": 50.0 }, "geometry": { "type": "Point", "coordinates": [ 7.529422, 11.230303 ] } },
{ "type": "Feature", "properties": { "id": "S01148", "title": "Irmako", "settlement_type": "Settlement", "ward_code": "W015", "ward_name": "Baluru", "lga_name": "Idi-Oro", "target_population_under5": 122.0 }, "geometry": { "type": "Point", "coordinates": [ 7.505446, 11.202518 ] } },
{ "type": "Feature", "properties": { "id": "S01108", "title": "Iryoko", "settlement_type": "Hamlet", "ward_code": "W015", "ward_name": "Baluru", "lga_name": "Idi-Oro", "target_population_under5": 34.0 }, "geometry": { "type": "Point", "coordinates": [ 7.546526, 11.175333 ] } },
{ "type": "Feature", "properties": { "id": "S01227", "title": "Irzami", "settlement_type": "Hamlet", "ward_code": "W015", "ward_name": "Baluru", "lga_name": "Idi-Oro", "target_population_under5": 27.0 }, "geometry": { "type": "Point", "coordinates": [ 7.481477, 11.184274 ] } },
{ "type": "Feature", "properties": { "id": "S01190", "title": "Jikoni", "settlement_type": "Urban block", "ward_code": "W015", "ward_name": "Baluru", "lga_name": "Idi-Oro", "target_population_under5": 625.0 }, "geometry": { "type": "Point", "coordinates": [ 7.56125, 11.25484 ] } },
{ "type": "Feature", "properties": { "id": "S01134", "title": "Jilari", "settlement_type": "Settlement", "ward_code": "W015", "ward_name": "Baluru", "lga_name": "Idi-Oro", "target_population_under5": 184.0 }, "geometry": { "type": "Point", "coordinates": [ 7.570117, 11.24628 ] } },
{ "type": "Feature", "properties": { "id": "S01106", "title": "Jirashi", "settlement_type": "Urban block", "ward_code": "W015", "ward_name": "Baluru", "lga_name": "Idi-Oro", "target_population_under5": 583.0 }, "geometry": { "type": "Point", "coordinates": [ 7.539186, 11.305923 ] } },
{ "type": "Feature", "properties": { "id": "S01175", "title": "Jizani", "settlement_type": "Settlement", "ward_code": "W015", "ward_name": "Baluru", "lga_name": "Idi-Oro", "target_population_under5": 52.0 }, "geometry": { "type": "Point", "coordinates": [ 7.518164, 11.245769 ] } },
{ "type": "Feature", "properties": { "id": "S01147", "title": "Kanale", "settlement_type": "Village", "ward_code": "W015", "ward_name": "Baluru", "lga_name": "Idi-Oro", "target_population_under5": 139.0 }, "geometry": { "type": "Point", "coordinates": [ 7.538129, 11.287442 ] } },
{ "type": "Feature", "properties": { "id": "S01153", "title": "Karatu-Arewa", "settlement_type": "Urban block", "ward_code": "W015", "ward_name": "Baluru", "lga_name": "Idi-Oro", "target_population_under5": 485.0 }, "geometry": { "type": "Point", "coordinates": [ 7.482533, 11.229327 ] } },
{ "type": "Feature", "properties": { "id": "S01166", "title": "Kariba", "settlement_type": "Hamlet", "ward_code": "W015", "ward_name": "Baluru", "lga_name": "Idi-Oro", "target_population_under5": 46.0 }, "geometry": { "type": "Point", "coordinates": [ 7.483414, 11.203544 ] } },
{ "type": "Feature", "properties": { "id": "S01180", "title": "Kazani", "settlement_type": "Village", "ward_code": "W015", "ward_name": "Baluru", "lga_name": "Idi-Oro", "target_population_under5": 147.0 }, "geometry": { "type": "Point", "coordinates": [ 7.516372, 11.222577 ] } },
{ "type": "Feature", "properties": { "id": "S01215", "title": "Kudumi-Kudu", "settlement_type": "Urban block", "ward_code": "W015", "ward_name": "Baluru", "lga_name": "Idi-Oro", "target_population_under5": 581.0 }, "geometry": { "type": "Point", "coordinates": [ 7.540443, 11.250391 ] } },
{ "type": "Feature", "properties": { "id": "S01199", "title": "Kuluta", "settlement_type": "Settlement", "ward_code": "W015", "ward_name": "Baluru", "lga_name": "Idi-Oro", "target_population_under5": 275.0 }, "geometry": { "type": "Point", "coordinates": [ 7.531025, 11.24428 ] } },
{ "type": "Feature", "properties": { "id": "S01161", "title": "Kumako-Sabo", "settlement_type": "Village", "ward_code": "W015", "ward_name": "Baluru", "lga_name": "Idi-Oro", "target_population_under5": 108.0 }, "geometry": { "type": "Point", "coordinates": [ 7.493273, 11.204919 ] } },
{ "type": "Feature", "properties": { "id": "S01125", "title": "Kutiru", "settlement_type": "Village", "ward_code": "W015", "ward_name": "Baluru", "lga_name": "Idi-Oro", "target_population_under5": 112.0 }, "geometry": { "type": "Point", "coordinates": [ 7.552834, 11.356305 ] } },
{ "type": "Feature", "properties": { "id": "S01219", "title": "Kuwawa", "settlement_type": "Hamlet", "ward_code": "W015", "ward_name": "Baluru", "lga_name": "Idi-Oro", "target_population_under5": 40.0 }, "geometry": { "type": "Point", "coordinates": [ 7.712858, 11.301205 ] } },
{ "type": "Feature", "properties": { "id": "S01138", "title": "Lobeyi-Arewa", "settlement_type": "Urban block", "ward_code": "W015", "ward_name": "Baluru", "lga_name": "Idi-Oro", "target_population_under5": 594.0 }, "geometry": { "type": "Point", "coordinates": [ 7.520249, 11.197625 ] } },
{ "type": "Feature", "properties": { "id": "S01222", "title": "Lodeshi", "settlement_type": "Village", "ward_code": "W015", "ward_name": "Baluru", "lga_name": "Idi-Oro", "target_population_under5": 67.0 }, "geometry": { "type": "Point", "coordinates": [ 7.501014, 11.240533 ] } },
{ "type": "Feature", "properties": { "id": "S01132", "title": "Lojiwo", "settlement_type": "Settlement", "ward_code": "W015", "ward_name": "Baluru", "lga_name": "Idi-Oro", "target_population_under5": 76.0 }, "geometry": { "type": "Point", "coordinates": [ 7.655335, 11.323681 ] } },
{ "type": "Feature", "properties": { "id": "S01114", "title": "Lokota", "settlement_type": "Village", "ward_code": "W015", "ward_name": "Baluru", "lga_name": "Idi-Oro", "target_population_under5": 242.0 }, "geometry": { "type": "Point", "coordinates": [ 7.698389, 11.29083 ] } },
{ "type": "Feature", "properties": { "id": "S01198", "title": "Losawo", "settlement_type": "Urban block", "ward_code": "W015", "ward_name": "Baluru", "lga_name": "Idi-Oro", "target_population_under5": 491.0 }, "geometry": { "type": "Point", "coordinates": [ 7.577852, 11.25281 ] } },
{ "type": "Feature", "properties": { "id": "S01143", "title": "Loyoni", "settlement_type": "Settlement", "ward_code": "W015", "ward_name": "Baluru", "lga_name": "Idi-Oro", "target_population_under5": 131.0 }, "geometry": { "type": "Point", "coordinates": [ 7.713549, 11.284635 ] } },
{ "type": "Feature", "properties": { "id": "S01201", "title": "Loyoru-Sabo", "settlement_type": "Hamlet", "ward_code": "W015", "ward_name": "Baluru", "lga_name": "Idi-Oro", "target_population_under5": 11.0 }, "geometry": { "type": "Point", "coordinates": [ 7.719601, 11.291178 ] } },
{ "type": "Feature", "properties": { "id": "S01126", "title": "Manana", "settlement_type": "Village", "ward_code": "W015", "ward_name": "Baluru", "lga_name": "Idi-Oro", "target_population_under5": 128.0 }, "geometry": { "type": "Point", "coordinates": [ 7.61575, 11.276424 ] } },
{ "type": "Feature", "properties": { "id": "S01185", "title": "Marana", "settlement_type": "Hamlet", "ward_code": "W015", "ward_name": "Baluru", "lga_name": "Idi-Oro", "target_population_under5": 64.0 }, "geometry": { "type": "Point", "coordinates": [ 7.710523, 11.266117 ] } },
{ "type": "Feature", "properties": { "id": "S01224", "title": "Nurifa", "settlement_type": "Settlement", "ward_code": "W015", "ward_name": "Baluru", "lga_name": "Idi-Oro", "target_population_under5": 114.0 }, "geometry": { "type": "Point", "coordinates": [ 7.61692, 11.349369 ] } },
{ "type": "Feature", "properties": { "id": "S01221", "title": "Nutide", "settlement_type": "Urban block", "ward_code": "W015", "ward_name": "Baluru", "lga_name": "Idi-Oro", "target_population_under5": 871.0 }, "geometry": { "type": "Point", "coordinates": [ 7.653485, 11.358181 ] } },
{ "type": "Feature", "properties": { "id": "S01101", "title": "Okkowo", "settlement_type": "Village", "ward_code": "W015", "ward_name": "Baluru", "lga_name": "Idi-Oro", "target_population_under5": 277.0 }, "geometry": { "type": "Point", "coordinates": [ 7.699547, 11.2763 ] } },
{ "type": "Feature", "properties": { "id": "S01129", "title": "Okrawa", "settlement_type": "Village", "ward_code": "W015", "ward_name": "Baluru", "lga_name": "Idi-Oro", "target_population_under5": 258.0 }, "geometry": { "type": "Point", "coordinates": [ 7.565458, 11.188418 ] } },
{ "type": "Feature", "properties": { "id": "S01187", "title": "Okyode", "settlement_type": "Village", "ward_code": "W015", "ward_name": "Baluru", "lga_name": "Idi-Oro", "target_population_under5": 325.0 }, "geometry": { "type": "Point", "coordinates": [ 7.679263, 11.278667 ] } },
{ "type": "Feature", "properties": { "id": "S01152", "title": "Olbale-Tsakiya", "settlement_type": "Hamlet", "ward_code": "W015", "ward_name": "Baluru", "lga_name": "Idi-Oro", "target_population_under5": 27.0 }, "geometry": { "type": "Point", "coordinates": [ 7.69814, 11.259936 ] } },
{ "type": "Feature", "properties": { "id": "S01211", "title": "Olduwo", "settlement_type": "Settlement", "ward_code": "W015", "ward_name": "Baluru", "lga_name": "Idi-Oro", "target_population_under5": 103.0 }, "geometry": { "type": "Point", "coordinates": [ 7.528675, 11.346021 ] } },
{ "type": "Feature", "properties": { "id": "S01179", "title": "Oljiba", "settlement_type": "Urban block", "ward_code": "W015", "ward_name": "Baluru", "lga_name": "Idi-Oro", "target_population_under5": 603.0 }, "geometry": { "type": "Point", "coordinates": [ 7.720326, 11.270016 ] } },
{ "type": "Feature", "properties": { "id": "S01103", "title": "Olnafa", "settlement_type": "Urban block", "ward_code": "W015", "ward_name": "Baluru", "lga_name": "Idi-Oro", "target_population_under5": 428.0 }, "geometry": { "type": "Point", "coordinates": [ 7.496918, 11.192114 ] } },
{ "type": "Feature", "properties": { "id": "S01196", "title": "Olshani", "settlement_type": "Village", "ward_code": "W015", "ward_name": "Baluru", "lga_name": "Idi-Oro", "target_population_under5": 49.0 }, "geometry": { "type": "Point", "coordinates": [ 7.64106, 11.240423 ] } },
{ "type": "Feature", "properties": { "id": "S01110", "title": "Oltsija", "settlement_type": "Settlement", "ward_code": "W015", "ward_name": "Baluru", "lga_name": "Idi-Oro", "target_population_under5": 62.0 }, "geometry": { "type": "Point", "coordinates": [ 7.516375, 11.194046 ] } },
{ "type": "Feature", "properties": { "id": "S01142", "title": "Olwawo-Gabas", "settlement_type": "Village", "ward_code": "W015", "ward_name": "Baluru", "lga_name": "Idi-Oro", "target_population_under5": 147.0 }, "geometry": { "type": "Point", "coordinates": [ 7.568707, 11.230905 ] } },
{ "type": "Feature", "properties": { "id": "S01155", "title": "Olzawo", "settlement_type": "Urban block", "ward_code": "W015", "ward_name": "Baluru", "lga_name": "Idi-Oro", "target_population_under5": 311.0 }, "geometry": { "type": "Point", "coordinates": [ 7.698807, 11.264834 ] } },
{ "type": "Feature", "properties": { "id": "S01203", "title": "Rideshi", "settlement_type": "Urban block", "ward_code": "W015", "ward_name": "Baluru", "lga_name": "Idi-Oro", "target_population_under5": 362.0 }, "geometry": { "type": "Point", "coordinates": [ 7.516021, 11.222121 ] } },
{ "type": "Feature", "properties": { "id": "S01118", "title": "Riduma", "settlement_type": "Settlement", "ward_code": "W015", "ward_name": "Baluru", "lga_name": "Idi-Oro", "target_population_under5": 126.0 }, "geometry": { "type": "Point", "coordinates": [ 7.555519, 11.30102 ] } },
{ "type": "Feature", "properties": { "id": "S01229", "title": "Rikoni-Sabo", "settlement_type": "Urban block", "ward_code": "W015", "ward_name": "Baluru", "lga_name": "Idi-Oro", "target_population_under5": 580.0 }, "geometry": { "type": "Point", "coordinates": [ 7.514325, 11.198398 ] } },
{ "type": "Feature", "properties": { "id": "S01197", "title": "Rikoyi", "settlement_type": "Village", "ward_code": "W015", "ward_name": "Baluru", "lga_name": "Idi-Oro", "target_population_under5": 51.0 }, "geometry": { "type": "Point", "coordinates": [ 7.614697, 11.274589 ] } },
{ "type": "Feature", "properties": { "id": "S01115", "title": "Rinata", "settlement_type": "Village", "ward_code": "W015", "ward_name": "Baluru", "lga_name": "Idi-Oro", "target_population_under5": 175.0 }, "geometry": { "type": "Point", "coordinates": [ 7.489985, 11.232007 ] } },
{ "type": "Feature", "properties": { "id": "S01213", "title": "Sadewo", "settlement_type": "Village", "ward_code": "W015", "ward_name": "Baluru", "lga_name": "Idi-Oro", "target_population_under5": 86.0 }, "geometry": { "type": "Point", "coordinates": [ 7.700103, 11.283331 ] } },
{ "type": "Feature", "properties": { "id": "S01173", "title": "Saludu", "settlement_type": "Settlement", "ward_code": "W015", "ward_name": "Baluru", "lga_name": "Idi-Oro", "target_population_under5": 21.0 }, "geometry": { "type": "Point", "coordinates": [ 7.561156, 11.252281 ] } },
{ "type": "Feature", "properties": { "id": "S01169", "title": "Salushi", "settlement_type": "Urban block", "ward_code": "W015", "ward_name": "Baluru", "lga_name": "Idi-Oro", "target_population_under5": 391.0 }, "geometry": { "type": "Point", "coordinates": [ 7.686606, 11.263152 ] } },
{ "type": "Feature", "properties": { "id": "S01162", "title": "Sarayi-Kofar", "settlement_type": "Hamlet", "ward_code": "W015", "ward_name": "Baluru", "lga_name": "Idi-Oro", "target_population_under5": 102.0 }, "geometry": { "type": "Point", "coordinates": [ 7.694573, 11.286577 ] } },
{ "type": "Feature", "properties": { "id": "S01209", "title": "Sashale", "settlement_type": "Hamlet", "ward_code": "W015", "ward_name": "Baluru", "lga_name": "Idi-Oro", "target_population_under5": 35.0 }, "geometry": { "type": "Point", "coordinates": [ 7.610237, 11.285009 ] } },
{ "type": "Feature", "properties": { "id": "S01164", "title": "Sashayi", "settlement_type": "Urban block", "ward_code": "W015", "ward_name": "Baluru", "lga_name": "Idi-Oro", "target_population_under5": 877.0 }, "geometry": { "type": "Point", "coordinates": [ 7.605362, 11.260017 ] } },
{ "type": "Feature", "properties": { "id": "S01104", "title": "Satsiri", "settlement_type": "Village", "ward_code": "W015", "ward_name": "Baluru", "lga_name": "Idi-Oro", "target_population_under5": 66.0 }, "geometry": { "type": "Point", "coordinates": [ 7.526689, 11.181268 ] } },
{ "type": "Feature", "properties": { "id": "S01225", "title": "Suritu-Gabas", "settlement_type": "Urban block", "ward_code": "W015", "ward_name": "Baluru", "lga_name": "Idi-Oro", "target_population_under5": 612.0 }, "geometry": { "type": "Point", "coordinates": [ 7.627337, 11.261324 ] } },
{ "type": "Feature", "properties": { "id": "S01136", "title": "Suzade-Tudun", "settlement_type": "Village", "ward_code": "W015", "ward_name": "Baluru", "lga_name": "Idi-Oro", "target_population_under5": 263.0 }, "geometry": { "type": "Point", "coordinates": [ 7.49998, 11.22923 ] } },
{ "type": "Feature", "properties": { "id": "S01124", "title": "Tajile", "settlement_type": "Village", "ward_code": "W015", "ward_name": "Baluru", "lga_name": "Idi-Oro", "target_population_under5": 132.0 }, "geometry": { "type": "Point", "coordinates": [ 7.542661, 11.227915 ] } },
{ "type": "Feature", "properties": { "id": "S01116", "title": "Tanaba", "settlement_type": "Village", "ward_code": "W015", "ward_name": "Baluru", "lga_name": "Idi-Oro", "target_population_under5": 58.0 }, "geometry": { "type": "Point", "coordinates": [ 7.518377, 11.192356 ] } },
{ "type": "Feature", "properties": { "id": "S01170", "title": "Tasadu", "settlement_type": "Village", "ward_code": "W015", "ward_name": "Baluru", "lga_name": "Idi-Oro", "target_population_under5": 73.0 }, "geometry": { "type": "Point", "coordinates": [ 7.558712, 11.371438 ] } },
{ "type": "Feature", "properties": { "id": "S01214", "title": "Tasaja", "settlement_type": "Hamlet", "ward_code": "W015", "ward_name": "Baluru", "lga_name": "Idi-Oro", "target_population_under5": 83.0 }, "geometry": { "type": "Point", "coordinates": [ 7.536631, 11.271653 ] } },
{ "type": "Feature", "properties": { "id": "S01119", "title": "Tatsina", "settlement_type": "Hamlet", "ward_code": "W015", "ward_name": "Baluru", "lga_name": "Idi-Oro", "target_population_under5": 52.0 }, "geometry": { "type": "Point", "coordinates": [ 7.686655, 11.258801 ] } },
{ "type": "Feature", "properties": { "id": "S01205", "title": "Tatsiwo", "settlement_type": "Settlement", "ward_code": "W015", "ward_name": "Baluru", "lga_name": "Idi-Oro", "target_population_under5": 75.0 }, "geometry": { "type": "Point", "coordinates": [ 7.493649, 11.2141 ] } },
{ "type": "Feature", "properties": { "id": "S01157", "title": "Tawale", "settlement_type": "Urban block", "ward_code": "W015", "ward_name": "Baluru", "lga_name": "Idi-Oro", "target_population_under5": 428.0 }, "geometry": { "type": "Point", "coordinates": [ 7.697057, 11.275617 ] } },
{ "type": "Feature", "properties": { "id": "S01226", "title": "Umduko", "settlement_type": "Urban block", "ward_code": "W015", "ward_name": "Baluru", "lga_name": "Idi-Oro", "target_population_under5": 461.0 }, "geometry": { "type": "Point", "coordinates": [ 7.686477, 11.267177 ] } },
{ "type": "Feature", "properties": { "id": "S01217", "title": "Umlafa-Kofar", "settlement_type": "Hamlet", "ward_code": "W015", "ward_name": "Baluru", "lga_name": "Idi-Oro", "target_population_under5": 42.0 }, "geometry": { "type": "Point", "coordinates": [ 7.483907, 11.217044 ] } },
{ "type": "Feature", "properties": { "id": "S01182", "title": "Umlatu", "settlement_type": "Hamlet", "ward_code": "W015", "ward_name": "Baluru", "lga_name": "Idi-Oro", "target_population_under5": 92.0 }, "geometry": { "type": "Point", "coordinates": [ 7.685004, 11.237862 ] } },
{ "type": "Feature", "properties": { "id": "S01171", "title": "Ummade", "settlement_type": "Hamlet", "ward_code": "W015", "ward_name": "Baluru", "lga_name": "Idi-Oro", "target_population_under5": 21.0 }, "geometry": { "type": "Point", "coordinates": [ 7.694541, 11.300321 ] } },
{ "type": "Feature", "properties": { "id": "S01100", "title": "Umtimi", "settlement_type": "Village", "ward_code": "W015", "ward_name": "Baluru", "lga_name": "Idi-Oro", "target_population_under5": 55.0 }, "geometry": { "type": "Point", "coordinates": [ 7.536603, 11.188887 ] } },
{ "type": "Feature", "properties": { "id": "S01165", "title": "Umwama-Arewa", "settlement_type": "Settlement", "ward_code": "W015", "ward_name": "Baluru", "lga_name": "Idi-Oro", "target_population_under5": 102.0 }, "geometry": { "type": "Point", "coordinates": [ 7.565713, 11.256662 ] } },
{ "type": "Feature", "properties": { "id": "S01113", "title": "Uzdeko", "settlement_type": "Hamlet", "ward_code": "W015", "ward_name": "Baluru", "lga_name": "Idi-Oro", "target_population_under5": 47.0 }, "geometry": { "type": "Point", "coordinates": [ 7.698114, 11.273261 ] } },
{ "type": "Feature", "properties": { "id": "S01181", "title": "Uzjita-Kudu", "settlement_type": "Hamlet", "ward_code": "W015", "ward_name": "Baluru", "lga_name": "Idi-Oro", "target_population_under5": 47.0 }, "geometry": { "type": "Point", "coordinates": [ 7.660445, 11.279414 ] } },
{ "type": "Feature", "properties": { "id": "S01176", "title": "Uzraja", "settlement_type": "Hamlet", "ward_code": "W015", "ward_name": "Baluru", "lga_name": "Idi-Oro", "target_population_under5": 22.0 }, "geometry": { "type": "Point", "coordinates": [ 7.519891, 11.225156 ] } },
{ "type": "Feature", "properties": { "id": "S01149", "title": "Uzride", "settlement_type": "Urban block", "ward_code": "W015", "ward_name": "Baluru", "lga_name": "Idi-Oro", "target_population_under5": 809.0 }, "geometry": { "type": "Point", "coordinates": [ 7.720314, 11.277588 ] } },
{ "type": "Feature", "properties": { "id": "S01095", "title": "Uztija", "settlement_type": "Hamlet", "ward_code": "W015", "ward_name": "Baluru", "lga_name": "Idi-Oro", "target_population_under5": 60.0 }, "geometry": { "type": "Point", "coordinates": [ 7.499357, 11.223715 ] } },
{ "type": "Feature", "properties": { "id": "S01193", "title": "Uzwashi", "settlement_type": "Village", "ward_code": "W015", "ward_name": "Baluru", "lga_name": "Idi-Oro", "target_population_under5": 132.0 }, "geometry": { "type": "Point", "coordinates": [ 7.516693, 11.248817 ] } },
{ "type": "Feature", "properties": { "id": "S01123", "title": "Wadeko", "settlement_type": "Urban block", "ward_code": "W015", "ward_name": "Baluru", "lga_name": "Idi-Oro", "target_population_under5": 160.0 }, "geometry": { "type": "Point", "coordinates": [ 7.532022, 11.128154 ] } },
{ "type": "Feature", "properties": { "id": "S01216", "title": "Wamashi", "settlement_type": "Village", "ward_code": "W015", "ward_name": "Baluru", "lga_name": "Idi-Oro", "target_population_under5": 16.0 }, "geometry": { "type": "Point", "coordinates": [ 7.503606, 11.224153 ] } },
{ "type": "Feature", "properties": { "id": "S01107", "title": "Wangofa", "settlement_type": "Settlement", "ward_code": "W015", "ward_name": "Baluru", "lga_name": "Idi-Oro", "target_population_under5": 176.0 }, "geometry": { "type": "Point", "coordinates": [ 7.516744, 11.189835 ] } },
{ "type": "Feature", "properties": { "id": "S01102", "title": "Wasaja", "settlement_type": "Urban block", "ward_code": "W015", "ward_name": "Baluru", "lga_name": "Idi-Oro", "target_population_under5": 340.0 }, "geometry": { "type": "Point", "coordinates": [ 7.682074, 11.301343 ] } },
{ "type": "Feature", "properties": { "id": "S01218", "title": "Wasako", "settlement_type": "Urban block", "ward_code": "W015", "ward_name": "Baluru", "lga_name": "Idi-Oro", "target_population_under5": 440.0 }, "geometry": { "type": "Point", "coordinates": [ 7.52154, 11.245191 ] } },
{ "type": "Feature", "properties": { "id": "S01154", "title": "Yeduyi", "settlement_type": "Village", "ward_code": "W015", "ward_name": "Baluru", "lga_name": "Idi-Oro", "target_population_under5": 164.0 }, "geometry": { "type": "Point", "coordinates": [ 7.728555, 11.300728 ] } },
{ "type": "Feature", "properties": { "id": "S01112", "title": "Yejile", "settlement_type": "Urban block", "ward_code": "W015", "ward_name": "Baluru", "lga_name": "Idi-Oro", "target_population_under5": 471.0 }, "geometry": { "type": "Point", "coordinates": [ 7.502999, 11.345794 ] } },
{ "type": "Feature", "properties": { "id": "S01167", "title": "Yelade", "settlement_type": "Hamlet", "ward_code": "W015", "ward_name": "Baluru", "lga_name": "Idi-Oro", "target_population_under5": 25.0 }, "geometry": { "type": "Point", "coordinates": [ 7.691223, 11.29693 ] } },
{ "type": "Feature", "properties": { "id": "S01139", "title": "Yeluwa-Tudun", "settlement_type": "Village", "ward_code": "W015", "ward_name": "Baluru", "lga_name": "Idi-Oro", "target_population_under5": 234.0 }, "geometry": { "type": "Point", "coordinates": [ 7.714317, 11.271077 ] } },
{ "type": "Feature", "properties": { "id": "S01184", "title": "Yeshasa", "settlement_type": "Village", "ward_code": "W015", "ward_name": "Baluru", "lga_name": "Idi-Oro", "target_population_under5": 93.0 }, "geometry": { "type": "Point", "coordinates": [ 7.506059, 11.229002 ] } },
{ "type": "Feature", "properties": { "id": "S01105", "title": "Yezadu", "settlement_type": "Hamlet", "ward_code": "W015", "ward_name": "Baluru", "lga_name": "Idi-Oro", "target_population_under5": 33.0 }, "geometry": { "type": "Point", "coordinates": [ 7.573324, 11.270052 ] } },
{ "type": "Feature", "properties": { "id": "S01212", "title": "Yezari-Kudu", "settlement_type": "Hamlet", "ward_code": "W015", "ward_name": "Baluru", "lga_name": "Idi-Oro", "target_population_under5": 40.0 }, "geometry": { "type": "Point", "coordinates": [ 7.646175, 11.306067 ] } },
{ "type": "Feature", "properties": { "id": "S01121", "title": "Zaduna", "settlement_type": "Hamlet", "ward_code": "W015", "ward_name": "Baluru", "lga_name": "Idi-Oro", "target_population_under5": 45.0 }, "geometry": { "type": "Point", "coordinates": [ 7.557651, 11.167696 ] } },
{ "type": "Feature", "properties": { "id": "S01150", "title": "Zanaja-Arewa", "settlement_type": "Settlement", "ward_code": "W015", "ward_name": "Baluru", "lga_name": "Idi-Oro", "target_population_under5": 37.0 }, "geometry": { "type": "Point", "coordinates": [ 7.659214, 11.289267 ] } },
{ "type": "Feature", "properties": { "id": "S01151", "title": "Zayole", "settlement_type": "Urban block", "ward_code": "W015", "ward_name": "Baluru", "lga_name": "Idi-Oro", "target_population_under5": 346.0 }, "geometry": { "type": "Point", "coordinates": [ 7.509834, 11.191926 ] } },
{ "type": "Feature", "properties": { "id": "S01159", "title": "Zazayi-Tudun", "settlement_type": "Hamlet", "ward_code": "W015", "ward_name": "Baluru", "lga_name": "Idi-Oro", "target_population_under5": 85.0 }, "geometry": { "type": "Point", "coordinates": [ 7.705144, 11.311082 ] } },
{ "type": "Feature", "properties": { "id": "S00606", "title": "Adduma", "settlement_type": "Village", "ward_code": "W007", "ward_name": "Bayoyi", "lga_name": "Idi-Oro", "target_population_under5": 64.0 }, "geometry": { "type": "Point", "coordinates": [ 7.371567, 11.25507 ] } },
{ "type": "Feature", "properties": { "id": "S00604", "title": "Adtiri", "settlement_type": "Village", "ward_code": "W007", "ward_name": "Bayoyi", "lga_name": "Idi-Oro", "target_population_under5": 78.0 }, "geometry": { "type": "Point", "coordinates": [ 7.393713, 11.240346 ] } },
{ "type": "Feature", "properties": { "id": "S00540", "title": "Adzafa-Yamma", "settlement_type": "Hamlet", "ward_code": "W007", "ward_name": "Bayoyi", "lga_name": "Idi-Oro", "target_population_under5": 36.0 }, "geometry": { "type": "Point", "coordinates": [ 7.362619, 11.235724 ] } },
{ "type": "Feature", "properties": { "id": "S00585", "title": "Agbasa-Sabo", "settlement_type": "Urban block", "ward_code": "W007", "ward_name": "Bayoyi", "lga_name": "Idi-Oro", "target_population_under5": 266.0 }, "geometry": { "type": "Point", "coordinates": [ 7.372134, 11.25073 ] } },
{ "type": "Feature", "properties": { "id": "S00543", "title": "Agjiko", "settlement_type": "Village", "ward_code": "W007", "ward_name": "Bayoyi", "lga_name": "Idi-Oro", "target_population_under5": 108.0 }, "geometry": { "type": "Point", "coordinates": [ 7.352474, 11.241536 ] } },
{ "type": "Feature", "properties": { "id": "S00548", "title": "Agshatu", "settlement_type": "Urban block", "ward_code": "W007", "ward_name": "Bayoyi", "lga_name": "Idi-Oro", "target_population_under5": 443.0 }, "geometry": { "type": "Point", "coordinates": [ 7.386912, 11.240241 ] } },
{ "type": "Feature", "properties": { "id": "S00539", "title": "Baduri", "settlement_type": "Hamlet", "ward_code": "W007", "ward_name": "Bayoyi", "lga_name": "Idi-Oro", "target_population_under5": 26.0 }, "geometry": { "type": "Point", "coordinates": [ 7.31009, 11.304969 ] } },
{ "type": "Feature", "properties": { "id": "S00611", "title": "Bakode", "settlement_type": "Village", "ward_code": "W007", "ward_name": "Bayoyi", "lga_name": "Idi-Oro", "target_population_under5": 74.0 }, "geometry": { "type": "Point", "coordinates": [ 7.358395, 11.249217 ] } },
{ "type": "Feature", "properties": { "id": "S00632", "title": "Banadu", "settlement_type": "Urban block", "ward_code": "W007", "ward_name": "Bayoyi", "lga_name": "Idi-Oro", "target_population_under5": 230.0 }, "geometry": { "type": "Point", "coordinates": [ 7.426648, 11.322696 ] } },
{ "type": "Feature", "properties": { "id": "S00655", "title": "Basaba", "settlement_type": "Village", "ward_code": "W007", "ward_name": "Bayoyi", "lga_name": "Idi-Oro", "target_population_under5": 81.0 }, "geometry": { "type": "Point", "coordinates": [ 7.360773, 11.232792 ] } },
{ "type": "Feature", "properties": { "id": "S00617", "title": "Basaru", "settlement_type": "Hamlet", "ward_code": "W007", "ward_name": "Bayoyi", "lga_name": "Idi-Oro", "target_population_under5": 34.0 }, "geometry": { "type": "Point", "coordinates": [ 7.288679, 11.365766 ] } },
{ "type": "Feature", "properties": { "id": "S00583", "title": "Bideba", "settlement_type": "Hamlet", "ward_code": "W007", "ward_name": "Bayoyi", "lga_name": "Idi-Oro", "target_population_under5": 31.0 }, "geometry": { "type": "Point", "coordinates": [ 7.41122, 11.150691 ] } },
{ "type": "Feature", "properties": { "id": "S00537", "title": "Bikofa-Arewa", "settlement_type": "Hamlet", "ward_code": "W007", "ward_name": "Bayoyi", "lga_name": "Idi-Oro", "target_population_under5": 17.0 }, "geometry": { "type": "Point", "coordinates": [ 7.331118, 11.162352 ] } },
{ "type": "Feature", "properties": { "id": "S00616", "title": "Bitsitu-Arewa", "settlement_type": "Hamlet", "ward_code": "W007", "ward_name": "Bayoyi", "lga_name": "Idi-Oro", "target_population_under5": 68.0 }, "geometry": { "type": "Point", "coordinates": [ 7.440525, 11.258889 ] } },
{ "type": "Feature", "properties": { "id": "S00570", "title": "Dabeko-Tsakiya", "settlement_type": "Settlement", "ward_code": "W007", "ward_name": "Bayoyi", "lga_name": "Idi-Oro", "target_population_under5": 74.0 }, "geometry": { "type": "Point", "coordinates": [ 7.436254, 11.140118 ] } },
{ "type": "Feature", "properties": { "id": "S00541", "title": "Dadeyi", "settlement_type": "Settlement", "ward_code": "W007", "ward_name": "Bayoyi", "lga_name": "Idi-Oro", "target_population_under5": 153.0 }, "geometry": { "type": "Point", "coordinates": [ 7.397558, 11.142994 ] } },
{ "type": "Feature", "properties": { "id": "S00556", "title": "Dashawa", "settlement_type": "Urban block", "ward_code": "W007", "ward_name": "Bayoyi", "lga_name": "Idi-Oro", "target_population_under5": 401.0 }, "geometry": { "type": "Point", "coordinates": [ 7.359947, 11.213419 ] } },
{ "type": "Feature", "properties": { "id": "S00626", "title": "Datitu", "settlement_type": "Hamlet", "ward_code": "W007", "ward_name": "Bayoyi", "lga_name": "Idi-Oro", "target_population_under5": 56.0 }, "geometry": { "type": "Point", "coordinates": [ 7.478626, 11.119976 ] } },
{ "type": "Feature", "properties": { "id": "S00644", "title": "Dayode", "settlement_type": "Settlement", "ward_code": "W007", "ward_name": "Bayoyi", "lga_name": "Idi-Oro", "target_population_under5": 88.0 }, "geometry": { "type": "Point", "coordinates": [ 7.428058, 11.198341 ] } },
{ "type": "Feature", "properties": { "id": "S00613", "title": "Dazaja", "settlement_type": "Hamlet", "ward_code": "W007", "ward_name": "Bayoyi", "lga_name": "Idi-Oro", "target_population_under5": 26.0 }, "geometry": { "type": "Point", "coordinates": [ 7.300712, 11.286218 ] } },
{ "type": "Feature", "properties": { "id": "S00654", "title": "Doduru", "settlement_type": "Settlement", "ward_code": "W007", "ward_name": "Bayoyi", "lga_name": "Idi-Oro", "target_population_under5": 171.0 }, "geometry": { "type": "Point", "coordinates": [ 7.387888, 11.350179 ] } },
{ "type": "Feature", "properties": { "id": "S00566", "title": "Dokowa", "settlement_type": "Settlement", "ward_code": "W007", "ward_name": "Bayoyi", "lga_name": "Idi-Oro", "target_population_under5": 19.0 }, "geometry": { "type": "Point", "coordinates": [ 7.343515, 11.254526 ] } },
{ "type": "Feature", "properties": { "id": "S00569", "title": "Doludu", "settlement_type": "Village", "ward_code": "W007", "ward_name": "Bayoyi", "lga_name": "Idi-Oro", "target_population_under5": 111.0 }, "geometry": { "type": "Point", "coordinates": [ 7.428061, 11.265971 ] } },
{ "type": "Feature", "properties": { "id": "S00589", "title": "Doluri", "settlement_type": "Village", "ward_code": "W007", "ward_name": "Bayoyi", "lga_name": "Idi-Oro", "target_population_under5": 31.0 }, "geometry": { "type": "Point", "coordinates": [ 7.455801, 11.227143 ] } },
{ "type": "Feature", "properties": { "id": "S00619", "title": "Doriru", "settlement_type": "Hamlet", "ward_code": "W007", "ward_name": "Bayoyi", "lga_name": "Idi-Oro", "target_population_under5": 47.0 }, "geometry": { "type": "Point", "coordinates": [ 7.414628, 11.253281 ] } },
{ "type": "Feature", "properties": { "id": "S00573", "title": "Dosasa-Tudun", "settlement_type": "Village", "ward_code": "W007", "ward_name": "Bayoyi", "lga_name": "Idi-Oro", "target_population_under5": 41.0 }, "geometry": { "type": "Point", "coordinates": [ 7.411979, 11.238006 ] } },
{ "type": "Feature", "properties": { "id": "S00595", "title": "Ekdusa", "settlement_type": "Settlement", "ward_code": "W007", "ward_name": "Bayoyi", "lga_name": "Idi-Oro", "target_population_under5": 43.0 }, "geometry": { "type": "Point", "coordinates": [ 7.448747, 11.292416 ] } },
{ "type": "Feature", "properties": { "id": "S00614", "title": "Ekduwo", "settlement_type": "Village", "ward_code": "W007", "ward_name": "Bayoyi", "lga_name": "Idi-Oro", "target_population_under5": 57.0 }, "geometry": { "type": "Point", "coordinates": [ 7.372307, 11.178965 ] } },
{ "type": "Feature", "properties": { "id": "S00615", "title": "Ekkoyi", "settlement_type": "Village", "ward_code": "W007", "ward_name": "Bayoyi", "lga_name": "Idi-Oro", "target_population_under5": 87.0 }, "geometry": { "type": "Point", "coordinates": [ 7.359143, 11.236996 ] } },
{ "type": "Feature", "properties": { "id": "S00657", "title": "Eklade", "settlement_type": "Settlement", "ward_code": "W007", "ward_name": "Bayoyi", "lga_name": "Idi-Oro", "target_population_under5": 26.0 }, "geometry": { "type": "Point", "coordinates": [ 7.362609, 11.242195 ] } },
{ "type": "Feature", "properties": { "id": "S00646", "title": "Ekluwa", "settlement_type": "Hamlet", "ward_code": "W007", "ward_name": "Bayoyi", "lga_name": "Idi-Oro", "target_population_under5": 30.0 }, "geometry": { "type": "Point", "coordinates": [ 7.386886, 11.231539 ] } },
{ "type": "Feature", "properties": { "id": "S00659", "title": "Ektsitu", "settlement_type": "Hamlet", "ward_code": "W007", "ward_name": "Bayoyi", "lga_name": "Idi-Oro", "target_population_under5": 12.0 }, "geometry": { "type": "Point", "coordinates": [ 7.361624, 11.261403 ] } },
{ "type": "Feature", "properties": { "id": "S00572", "title": "Ekwana", "settlement_type": "Village", "ward_code": "W007", "ward_name": "Bayoyi", "lga_name": "Idi-Oro", "target_population_under5": 213.0 }, "geometry": { "type": "Point", "coordinates": [ 7.3894, 11.279726 ] } },
{ "type": "Feature", "properties": { "id": "S00633", "title": "Ennawa", "settlement_type": "Village", "ward_code": "W007", "ward_name": "Bayoyi", "lga_name": "Idi-Oro", "target_population_under5": 39.0 }, "geometry": { "type": "Point", "coordinates": [ 7.345336, 11.265597 ] } },
{ "type": "Feature", "properties": { "id": "S00591", "title": "Ensashi", "settlement_type": "Urban block", "ward_code": "W007", "ward_name": "Bayoyi", "lga_name": "Idi-Oro", "target_population_under5": 382.0 }, "geometry": { "type": "Point", "coordinates": [ 7.460757, 11.202823 ] } },
{ "type": "Feature", "properties": { "id": "S00622", "title": "Entsishi", "settlement_type": "Village", "ward_code": "W007", "ward_name": "Bayoyi", "lga_name": "Idi-Oro", "target_population_under5": 80.0 }, "geometry": { "type": "Point", "coordinates": [ 7.45448, 11.178972 ] } },
{ "type": "Feature", "properties": { "id": "S00630", "title": "Enwadu", "settlement_type": "Urban block", "ward_code": "W007", "ward_name": "Bayoyi", "lga_name": "Idi-Oro", "target_population_under5": 158.0 }, "geometry": { "type": "Point", "coordinates": [ 7.391227, 11.259915 ] } },
{ "type": "Feature", "properties": { "id": "S00546", "title": "Enzako", "settlement_type": "Settlement", "ward_code": "W007", "ward_name": "Bayoyi", "lga_name": "Idi-Oro", "target_population_under5": 60.0 }, "geometry": { "type": "Point", "coordinates": [ 7.374452, 11.22254 ] } },
{ "type": "Feature", "properties": { "id": "S00567", "title": "Fabema", "settlement_type": "Village", "ward_code": "W007", "ward_name": "Bayoyi", "lga_name": "Idi-Oro", "target_population_under5": 136.0 }, "geometry": { "type": "Point", "coordinates": [ 7.376342, 11.221738 ] } },
{ "type": "Feature", "properties": { "id": "S00577", "title": "Fatini-Kofar", "settlement_type": "Village", "ward_code": "W007", "ward_name": "Bayoyi", "lga_name": "Idi-Oro", "target_population_under5": 155.0 }, "geometry": { "type": "Point", "coordinates": [ 7.467026, 11.183125 ] } },
{ "type": "Feature", "properties": { "id": "S00582", "title": "Gushama", "settlement_type": "Urban block", "ward_code": "W007", "ward_name": "Bayoyi", "lga_name": "Idi-Oro", "target_population_under5": 515.0 }, "geometry": { "type": "Point", "coordinates": [ 7.4081, 11.237529 ] } },
{ "type": "Feature", "properties": { "id": "S00652", "title": "Harani", "settlement_type": "Urban block", "ward_code": "W007", "ward_name": "Bayoyi", "lga_name": "Idi-Oro", "target_population_under5": 684.0 }, "geometry": { "type": "Point", "coordinates": [ 7.369661, 11.242133 ] } },
{ "type": "Feature", "properties": { "id": "S00598", "title": "Ibjimi-Sabo", "settlement_type": "Village", "ward_code": "W007", "ward_name": "Bayoyi", "lga_name": "Idi-Oro", "target_population_under5": 215.0 }, "geometry": { "type": "Point", "coordinates": [ 7.311707, 11.21454 ] } },
{ "type": "Feature", "properties": { "id": "S00597", "title": "Ibkoba", "settlement_type": "Village", "ward_code": "W007", "ward_name": "Bayoyi", "lga_name": "Idi-Oro", "target_population_under5": 94.0 }, "geometry": { "type": "Point", "coordinates": [ 7.457471, 11.19183 ] } },
{ "type": "Feature", "properties": { "id": "S00580", "title": "Ibshako", "settlement_type": "Village", "ward_code": "W007", "ward_name": "Bayoyi", "lga_name": "Idi-Oro", "target_population_under5": 215.0 }, "geometry": { "type": "Point", "coordinates": [ 7.341216, 11.3494 ] } },
{ "type": "Feature", "properties": { "id": "S00636", "title": "Ibwasa", "settlement_type": "Urban block", "ward_code": "W007", "ward_name": "Bayoyi", "lga_name": "Idi-Oro", "target_population_under5": 885.0 }, "geometry": { "type": "Point", "coordinates": [ 7.419899, 11.302984 ] } },
{ "type": "Feature", "properties": { "id": "S00565", "title": "Irbata-Sabo", "settlement_type": "Hamlet", "ward_code": "W007", "ward_name": "Bayoyi", "lga_name": "Idi-Oro", "target_population_under5": 53.0 }, "geometry": { "type": "Point", "coordinates": [ 7.449944, 11.239201 ] } },
{ "type": "Feature", "properties": { "id": "S00618", "title": "Irbefa-Arewa", "settlement_type": "Settlement", "ward_code": "W007", "ward_name": "Bayoyi", "lga_name": "Idi-Oro", "target_population_under5": 29.0 }, "geometry": { "type": "Point", "coordinates": [ 7.380048, 11.246283 ] } },
{ "type": "Feature", "properties": { "id": "S00627", "title": "Irluri", "settlement_type": "Village", "ward_code": "W007", "ward_name": "Bayoyi", "lga_name": "Idi-Oro", "target_population_under5": 159.0 }, "geometry": { "type": "Point", "coordinates": [ 7.367023, 11.236562 ] } },
{ "type": "Feature", "properties": { "id": "S00623", "title": "Irngoni", "settlement_type": "Village", "ward_code": "W007", "ward_name": "Bayoyi", "lga_name": "Idi-Oro", "target_population_under5": 169.0 }, "geometry": { "type": "Point", "coordinates": [ 7.396047, 11.27934 ] } },
{ "type": "Feature", "properties": { "id": "S00624", "title": "Irrishi", "settlement_type": "Village", "ward_code": "W007", "ward_name": "Bayoyi", "lga_name": "Idi-Oro", "target_population_under5": 70.0 }, "geometry": { "type": "Point", "coordinates": [ 7.448014, 11.197726 ] } },
{ "type": "Feature", "properties": { "id": "S00594", "title": "Jilama", "settlement_type": "Settlement", "ward_code": "W007", "ward_name": "Bayoyi", "lga_name": "Idi-Oro", "target_population_under5": 83.0 }, "geometry": { "type": "Point", "coordinates": [ 7.46777, 11.196293 ] } },
{ "type": "Feature", "properties": { "id": "S00593", "title": "Jiyoma", "settlement_type": "Hamlet", "ward_code": "W007", "ward_name": "Bayoyi", "lga_name": "Idi-Oro", "target_population_under5": 32.0 }, "geometry": { "type": "Point", "coordinates": [ 7.356214, 11.265799 ] } },
{ "type": "Feature", "properties": { "id": "S00631", "title": "Kabale", "settlement_type": "Village", "ward_code": "W007", "ward_name": "Bayoyi", "lga_name": "Idi-Oro", "target_population_under5": 96.0 }, "geometry": { "type": "Point", "coordinates": [ 7.436651, 11.249263 ] } },
{ "type": "Feature", "properties": { "id": "S00609", "title": "Kabani", "settlement_type": "Settlement", "ward_code": "W007", "ward_name": "Bayoyi", "lga_name": "Idi-Oro", "target_population_under5": 134.0 }, "geometry": { "type": "Point", "coordinates": [ 7.356459, 11.240959 ] } },
{ "type": "Feature", "properties": { "id": "S00568", "title": "Kangoma", "settlement_type": "Urban block", "ward_code": "W007", "ward_name": "Bayoyi", "lga_name": "Idi-Oro", "target_population_under5": 448.0 }, "geometry": { "type": "Point", "coordinates": [ 7.371491, 11.233136 ] } },
{ "type": "Feature", "properties": { "id": "S00574", "title": "Kangoru", "settlement_type": "Village", "ward_code": "W007", "ward_name": "Bayoyi", "lga_name": "Idi-Oro", "target_population_under5": 174.0 }, "geometry": { "type": "Point", "coordinates": [ 7.388417, 11.242439 ] } },
{ "type": "Feature", "properties": { "id": "S00552", "title": "Kawako-Tudun", "settlement_type": "Hamlet", "ward_code": "W007", "ward_name": "Bayoyi", "lga_name": "Idi-Oro", "target_population_under5": 44.0 }, "geometry": { "type": "Point", "coordinates": [ 7.3858, 11.324848 ] } },
{ "type": "Feature", "properties": { "id": "S00557", "title": "Kutsifa", "settlement_type": "Village", "ward_code": "W007", "ward_name": "Bayoyi", "lga_name": "Idi-Oro", "target_population_under5": 119.0 }, "geometry": { "type": "Point", "coordinates": [ 7.360968, 11.223473 ] } },
{ "type": "Feature", "properties": { "id": "S00650", "title": "Kuwale", "settlement_type": "Village", "ward_code": "W007", "ward_name": "Bayoyi", "lga_name": "Idi-Oro", "target_population_under5": 138.0 }, "geometry": { "type": "Point", "coordinates": [ 7.450194, 11.209052 ] } },
{ "type": "Feature", "properties": { "id": "S00608", "title": "Kuyoba", "settlement_type": "Hamlet", "ward_code": "W007", "ward_name": "Bayoyi", "lga_name": "Idi-Oro", "target_population_under5": 33.0 }, "geometry": { "type": "Point", "coordinates": [ 7.422964, 11.297864 ] } },
{ "type": "Feature", "properties": { "id": "S00586", "title": "Lobeko", "settlement_type": "Urban block", "ward_code": "W007", "ward_name": "Bayoyi", "lga_name": "Idi-Oro", "target_population_under5": 29.0 }, "geometry": { "type": "Point", "coordinates": [ 7.403895, 11.133671 ] } },
{ "type": "Feature", "properties": { "id": "S00575", "title": "Lodutu", "settlement_type": "Village", "ward_code": "W007", "ward_name": "Bayoyi", "lga_name": "Idi-Oro", "target_population_under5": 79.0 }, "geometry": { "type": "Point", "coordinates": [ 7.374745, 11.229872 ] } },
{ "type": "Feature", "properties": { "id": "S00535", "title": "Lolata", "settlement_type": "Hamlet", "ward_code": "W007", "ward_name": "Bayoyi", "lga_name": "Idi-Oro", "target_population_under5": 42.0 }, "geometry": { "type": "Point", "coordinates": [ 7.320748, 11.329382 ] } },
{ "type": "Feature", "properties": { "id": "S00588", "title": "Loludu", "settlement_type": "Village", "ward_code": "W007", "ward_name": "Bayoyi", "lga_name": "Idi-Oro", "target_population_under5": 148.0 }, "geometry": { "type": "Point", "coordinates": [ 7.384608, 11.233062 ] } },
{ "type": "Feature", "properties": { "id": "S00621", "title": "Makotu", "settlement_type": "Village", "ward_code": "W007", "ward_name": "Bayoyi", "lga_name": "Idi-Oro", "target_population_under5": 137.0 }, "geometry": { "type": "Point", "coordinates": [ 7.35896, 11.230193 ] } },
{ "type": "Feature", "properties": { "id": "S00555", "title": "Malusa", "settlement_type": "Village", "ward_code": "W007", "ward_name": "Bayoyi", "lga_name": "Idi-Oro", "target_population_under5": 160.0 }, "geometry": { "type": "Point", "coordinates": [ 7.36867, 11.247392 ] } },
{ "type": "Feature", "properties": { "id": "S00620", "title": "Nunaja", "settlement_type": "Village", "ward_code": "W007", "ward_name": "Bayoyi", "lga_name": "Idi-Oro", "target_population_under5": 165.0 }, "geometry": { "type": "Point", "coordinates": [ 7.447885, 11.349649 ] } },
{ "type": "Feature", "properties": { "id": "S00638", "title": "Nusashi", "settlement_type": "Village", "ward_code": "W007", "ward_name": "Bayoyi", "lga_name": "Idi-Oro", "target_population_under5": 16.0 }, "geometry": { "type": "Point", "coordinates": [ 7.320324, 11.222049 ] } },
{ "type": "Feature", "properties": { "id": "S00656", "title": "Okbaba-Tsakiya", "settlement_type": "Urban block", "ward_code": "W007", "ward_name": "Bayoyi", "lga_name": "Idi-Oro", "target_population_under5": 151.0 }, "geometry": { "type": "Point", "coordinates": [ 7.383512, 11.18231 ] } },
{ "type": "Feature", "properties": { "id": "S00558", "title": "Okdutu", "settlement_type": "Village", "ward_code": "W007", "ward_name": "Bayoyi", "lga_name": "Idi-Oro", "target_population_under5": 155.0 }, "geometry": { "type": "Point", "coordinates": [ 7.379712, 11.161591 ] } },
{ "type": "Feature", "properties": { "id": "S00590", "title": "Okshadu", "settlement_type": "Village", "ward_code": "W007", "ward_name": "Bayoyi", "lga_name": "Idi-Oro", "target_population_under5": 121.0 }, "geometry": { "type": "Point", "coordinates": [ 7.342877, 11.243553 ] } },
{ "type": "Feature", "properties": { "id": "S00653", "title": "Oktiri-Gabas", "settlement_type": "Village", "ward_code": "W007", "ward_name": "Bayoyi", "lga_name": "Idi-Oro", "target_population_under5": 49.0 }, "geometry": { "type": "Point", "coordinates": [ 7.30008, 11.301228 ] } },
{ "type": "Feature", "properties": { "id": "S00610", "title": "Oktiwo", "settlement_type": "Village", "ward_code": "W007", "ward_name": "Bayoyi", "lga_name": "Idi-Oro", "target_population_under5": 81.0 }, "geometry": { "type": "Point", "coordinates": [ 7.347249, 11.417682 ] } },
{ "type": "Feature", "properties": { "id": "S00536", "title": "Oktsiko", "settlement_type": "Settlement", "ward_code": "W007", "ward_name": "Bayoyi", "lga_name": "Idi-Oro", "target_population_under5": 186.0 }, "geometry": { "type": "Point", "coordinates": [ 7.399069, 11.214757 ] } },
{ "type": "Feature", "properties": { "id": "S00587", "title": "Oljile", "settlement_type": "Village", "ward_code": "W007", "ward_name": "Bayoyi", "lga_name": "Idi-Oro", "target_population_under5": 122.0 }, "geometry": { "type": "Point", "coordinates": [ 7.318237, 11.328476 ] } },
{ "type": "Feature", "properties": { "id": "S00599", "title": "Olngosa", "settlement_type": "Urban block", "ward_code": "W007", "ward_name": "Bayoyi", "lga_name": "Idi-Oro", "target_population_under5": 98.0 }, "geometry": { "type": "Point", "coordinates": [ 7.321465, 11.316399 ] } },
{ "type": "Feature", "properties": { "id": "S00549", "title": "Oltija", "settlement_type": "Village", "ward_code": "W007", "ward_name": "Bayoyi", "lga_name": "Idi-Oro", "target_population_under5": 133.0 }, "geometry": { "type": "Point", "coordinates": [ 7.369089, 11.240476 ] } },
{ "type": "Feature", "properties": { "id": "S00649", "title": "Ribemi-Tsakiya", "settlement_type": "Settlement", "ward_code": "W007", "ward_name": "Bayoyi", "lga_name": "Idi-Oro", "target_population_under5": 61.0 }, "geometry": { "type": "Point", "coordinates": [ 7.370907, 11.218394 ] } },
{ "type": "Feature", "properties": { "id": "S00643", "title": "Ririwa-Sabo", "settlement_type": "Urban block", "ward_code": "W007", "ward_name": "Bayoyi", "lga_name": "Idi-Oro", "target_population_under5": 350.0 }, "geometry": { "type": "Point", "coordinates": [ 7.400099, 11.274429 ] } },
{ "type": "Feature", "properties": { "id": "S00612", "title": "Ritsiko", "settlement_type": "Village", "ward_code": "W007", "ward_name": "Bayoyi", "lga_name": "Idi-Oro", "target_population_under5": 101.0 }, "geometry": { "type": "Point", "coordinates": [ 7.377603, 11.222858 ] } },
{ "type": "Feature", "properties": { "id": "S00545", "title": "Sabemi-Sabo", "settlement_type": "Village", "ward_code": "W007", "ward_name": "Bayoyi", "lga_name": "Idi-Oro", "target_population_under5": 160.0 }, "geometry": { "type": "Point", "coordinates": [ 7.458331, 11.199185 ] } },
{ "type": "Feature", "properties": { "id": "S00563", "title": "Saberi-Tudun", "settlement_type": "Village", "ward_code": "W007", "ward_name": "Bayoyi", "lga_name": "Idi-Oro", "target_population_under5": 128.0 }, "geometry": { "type": "Point", "coordinates": [ 7.371607, 11.241653 ] } },
{ "type": "Feature", "properties": { "id": "S00601", "title": "Saraba", "settlement_type": "Settlement", "ward_code": "W007", "ward_name": "Bayoyi", "lga_name": "Idi-Oro", "target_population_under5": 24.0 }, "geometry": { "type": "Point", "coordinates": [ 7.299066, 11.312552 ] } },
{ "type": "Feature", "properties": { "id": "S00592", "title": "Sariwa-Gabas", "settlement_type": "Village", "ward_code": "W007", "ward_name": "Bayoyi", "lga_name": "Idi-Oro", "target_population_under5": 223.0 }, "geometry": { "type": "Point", "coordinates": [ 7.36356, 11.164167 ] } },
{ "type": "Feature", "properties": { "id": "S00547", "title": "Sasharu", "settlement_type": "Village", "ward_code": "W007", "ward_name": "Bayoyi", "lga_name": "Idi-Oro", "target_population_under5": 96.0 }, "geometry": { "type": "Point", "coordinates": [ 7.46493, 11.210322 ] } },
{ "type": "Feature", "properties": { "id": "S00640", "title": "Sazaja", "settlement_type": "Hamlet", "ward_code": "W007", "ward_name": "Bayoyi", "lga_name": "Idi-Oro", "target_population_under5": 69.0 }, "geometry": { "type": "Point", "coordinates": [ 7.312417, 11.387289 ] } },
{ "type": "Feature", "properties": { "id": "S00559", "title": "Suberu-Sabo", "settlement_type": "Hamlet", "ward_code": "W007", "ward_name": "Bayoyi", "lga_name": "Idi-Oro", "target_population_under5": 83.0 }, "geometry": { "type": "Point", "coordinates": [ 7.391012, 11.141937 ] } },
{ "type": "Feature", "properties": { "id": "S00562", "title": "Sujitu", "settlement_type": "Village", "ward_code": "W007", "ward_name": "Bayoyi", "lga_name": "Idi-Oro", "target_population_under5": 66.0 }, "geometry": { "type": "Point", "coordinates": [ 7.436363, 11.158283 ] } },
{ "type": "Feature", "properties": { "id": "S00651", "title": "Sushana-Arewa", "settlement_type": "Village", "ward_code": "W007", "ward_name": "Bayoyi", "lga_name": "Idi-Oro", "target_population_under5": 76.0 }, "geometry": { "type": "Point", "coordinates": [ 7.353548, 11.226694 ] } },
{ "type": "Feature", "properties": { "id": "S00637", "title": "Sutita", "settlement_type": "Hamlet", "ward_code": "W007", "ward_name": "Bayoyi", "lga_name": "Idi-Oro", "target_population_under5": 29.0 }, "geometry": { "type": "Point", "coordinates": [ 7.408171, 11.151332 ] } },
{ "type": "Feature", "properties": { "id": "S00625", "title": "Suyoru", "settlement_type": "Village", "ward_code": "W007", "ward_name": "Bayoyi", "lga_name": "Idi-Oro", "target_population_under5": 62.0 }, "geometry": { "type": "Point", "coordinates": [ 7.404363, 11.258472 ] } },
{ "type": "Feature", "properties": { "id": "S00603", "title": "Talani", "settlement_type": "Village", "ward_code": "W007", "ward_name": "Bayoyi", "lga_name": "Idi-Oro", "target_population_under5": 46.0 }, "geometry": { "type": "Point", "coordinates": [ 7.464384, 11.20997 ] } },
{ "type": "Feature", "properties": { "id": "S00628", "title": "Tanade", "settlement_type": "Hamlet", "ward_code": "W007", "ward_name": "Bayoyi", "lga_name": "Idi-Oro", "target_population_under5": 16.0 }, "geometry": { "type": "Point", "coordinates": [ 7.455636, 11.313321 ] } },
{ "type": "Feature", "properties": { "id": "S00641", "title": "Tanafa-Yamma", "settlement_type": "Village", "ward_code": "W007", "ward_name": "Bayoyi", "lga_name": "Idi-Oro", "target_population_under5": 151.0 }, "geometry": { "type": "Point", "coordinates": [ 7.333496, 11.152314 ] } },
{ "type": "Feature", "properties": { "id": "S00607", "title": "Tasari", "settlement_type": "Settlement", "ward_code": "W007", "ward_name": "Bayoyi", "lga_name": "Idi-Oro", "target_population_under5": 30.0 }, "geometry": { "type": "Point", "coordinates": [ 7.395796, 11.172709 ] } },
{ "type": "Feature", "properties": { "id": "S00642", "title": "Tayosa", "settlement_type": "Village", "ward_code": "W007", "ward_name": "Bayoyi", "lga_name": "Idi-Oro", "target_population_under5": 42.0 }, "geometry": { "type": "Point", "coordinates": [ 7.291975, 11.255138 ] } },
{ "type": "Feature", "properties": { "id": "S00542", "title": "Umlale", "settlement_type": "Village", "ward_code": "W007", "ward_name": "Bayoyi", "lga_name": "Idi-Oro", "target_population_under5": 32.0 }, "geometry": { "type": "Point", "coordinates": [ 7.426161, 11.17756 ] } },
{ "type": "Feature", "properties": { "id": "S00554", "title": "Ummari", "settlement_type": "Hamlet", "ward_code": "W007", "ward_name": "Bayoyi", "lga_name": "Idi-Oro", "target_population_under5": 8.0 }, "geometry": { "type": "Point", "coordinates": [ 7.321279, 11.298483 ] } },
{ "type": "Feature", "properties": { "id": "S00564", "title": "Umngole", "settlement_type": "Urban block", "ward_code": "W007", "ward_name": "Bayoyi", "lga_name": "Idi-Oro", "target_population_under5": 360.0 }, "geometry": { "type": "Point", "coordinates": [ 7.382501, 11.245584 ] } },
{ "type": "Feature", "properties": { "id": "S00538", "title": "Umrami-Arewa", "settlement_type": "Hamlet", "ward_code": "W007", "ward_name": "Bayoyi", "lga_name": "Idi-Oro", "target_population_under5": 64.0 }, "geometry": { "type": "Point", "coordinates": [ 7.37947, 11.218187 ] } },
{ "type": "Feature", "properties": { "id": "S00605", "title": "Uzdetu-Arewa", "settlement_type": "Hamlet", "ward_code": "W007", "ward_name": "Bayoyi", "lga_name": "Idi-Oro", "target_population_under5": 7.0 }, "geometry": { "type": "Point", "coordinates": [ 7.384138, 11.237636 ] } },
{ "type": "Feature", "properties": { "id": "S00584", "title": "Uznatu", "settlement_type": "Urban block", "ward_code": "W007", "ward_name": "Bayoyi", "lga_name": "Idi-Oro", "target_population_under5": 127.0 }, "geometry": { "type": "Point", "coordinates": [ 7.310246, 11.310883 ] } },
{ "type": "Feature", "properties": { "id": "S00602", "title": "Uzraba-Kofar", "settlement_type": "Hamlet", "ward_code": "W007", "ward_name": "Bayoyi", "lga_name": "Idi-Oro", "target_population_under5": 45.0 }, "geometry": { "type": "Point", "coordinates": [ 7.38678, 11.40381 ] } },
{ "type": "Feature", "properties": { "id": "S00629", "title": "Uztiru", "settlement_type": "Settlement", "ward_code": "W007", "ward_name": "Bayoyi", "lga_name": "Idi-Oro", "target_population_under5": 46.0 }, "geometry": { "type": "Point", "coordinates": [ 7.427895, 11.200899 ] } },
{ "type": "Feature", "properties": { "id": "S00647", "title": "Uztsile-Tudun", "settlement_type": "Urban block", "ward_code": "W007", "ward_name": "Bayoyi", "lga_name": "Idi-Oro", "target_population_under5": 376.0 }, "geometry": { "type": "Point", "coordinates": [ 7.449474, 11.173097 ] } },
{ "type": "Feature", "properties": { "id": "S00561", "title": "Uzwaja", "settlement_type": "Urban block", "ward_code": "W007", "ward_name": "Bayoyi", "lga_name": "Idi-Oro", "target_population_under5": 889.0 }, "geometry": { "type": "Point", "coordinates": [ 7.293501, 11.382335 ] } },
{ "type": "Feature", "properties": { "id": "S00571", "title": "Uzyole", "settlement_type": "Hamlet", "ward_code": "W007", "ward_name": "Bayoyi", "lga_name": "Idi-Oro", "target_population_under5": 49.0 }, "geometry": { "type": "Point", "coordinates": [ 7.347941, 11.431536 ] } },
{ "type": "Feature", "properties": { "id": "S00551", "title": "Wabele", "settlement_type": "Urban block", "ward_code": "W007", "ward_name": "Bayoyi", "lga_name": "Idi-Oro", "target_population_under5": 355.0 }, "geometry": { "type": "Point", "coordinates": [ 7.342002, 11.380154 ] } },
{ "type": "Feature", "properties": { "id": "S00553", "title": "Wabema-Yamma", "settlement_type": "Urban block", "ward_code": "W007", "ward_name": "Bayoyi", "lga_name": "Idi-Oro", "target_population_under5": 1904.0 }, "geometry": { "type": "Point", "coordinates": [ 7.371165, 11.154207 ] } },
{ "type": "Feature", "properties": { "id": "S00658", "title": "Waduna", "settlement_type": "Village", "ward_code": "W007", "ward_name": "Bayoyi", "lga_name": "Idi-Oro", "target_population_under5": 197.0 }, "geometry": { "type": "Point", "coordinates": [ 7.388288, 11.227155 ] } },
{ "type": "Feature", "properties": { "id": "S00634", "title": "Wadusa", "settlement_type": "Urban block", "ward_code": "W007", "ward_name": "Bayoyi", "lga_name": "Idi-Oro", "target_population_under5": 163.0 }, "geometry": { "type": "Point", "coordinates": [ 7.42568, 11.252642 ] } },
{ "type": "Feature", "properties": { "id": "S00579", "title": "Wanasa", "settlement_type": "Village", "ward_code": "W007", "ward_name": "Bayoyi", "lga_name": "Idi-Oro", "target_population_under5": 76.0 }, "geometry": { "type": "Point", "coordinates": [ 7.314023, 11.25586 ] } },
{ "type": "Feature", "properties": { "id": "S00560", "title": "Waraba", "settlement_type": "Settlement", "ward_code": "W007", "ward_name": "Bayoyi", "lga_name": "Idi-Oro", "target_population_under5": 93.0 }, "geometry": { "type": "Point", "coordinates": [ 7.374448, 11.203471 ] } },
{ "type": "Feature", "properties": { "id": "S00639", "title": "Waratu", "settlement_type": "Hamlet", "ward_code": "W007", "ward_name": "Bayoyi", "lga_name": "Idi-Oro", "target_population_under5": 18.0 }, "geometry": { "type": "Point", "coordinates": [ 7.30682, 11.303947 ] } },
{ "type": "Feature", "properties": { "id": "S00544", "title": "Warita-Tsakiya", "settlement_type": "Village", "ward_code": "W007", "ward_name": "Bayoyi", "lga_name": "Idi-Oro", "target_population_under5": 105.0 }, "geometry": { "type": "Point", "coordinates": [ 7.377235, 11.15062 ] } },
{ "type": "Feature", "properties": { "id": "S00576", "title": "Yebawa", "settlement_type": "Village", "ward_code": "W007", "ward_name": "Bayoyi", "lga_name": "Idi-Oro", "target_population_under5": 105.0 }, "geometry": { "type": "Point", "coordinates": [ 7.359363, 11.237089 ] } },
{ "type": "Feature", "properties": { "id": "S00581", "title": "Yejija-Yamma", "settlement_type": "Urban block", "ward_code": "W007", "ward_name": "Bayoyi", "lga_name": "Idi-Oro", "target_population_under5": 631.0 }, "geometry": { "type": "Point", "coordinates": [ 7.356629, 11.3397 ] } },
{ "type": "Feature", "properties": { "id": "S00635", "title": "Yenani", "settlement_type": "Village", "ward_code": "W007", "ward_name": "Bayoyi", "lga_name": "Idi-Oro", "target_population_under5": 95.0 }, "geometry": { "type": "Point", "coordinates": [ 7.359685, 11.2213 ] } },
{ "type": "Feature", "properties": { "id": "S00600", "title": "Yenayi", "settlement_type": "Urban block", "ward_code": "W007", "ward_name": "Bayoyi", "lga_name": "Idi-Oro", "target_population_under5": 142.0 }, "geometry": { "type": "Point", "coordinates": [ 7.384292, 11.137323 ] } },
{ "type": "Feature", "properties": { "id": "S00550", "title": "Yeriri", "settlement_type": "Settlement", "ward_code": "W007", "ward_name": "Bayoyi", "lga_name": "Idi-Oro", "target_population_under5": 168.0 }, "geometry": { "type": "Point", "coordinates": [ 7.381281, 11.246381 ] } },
{ "type": "Feature", "properties": { "id": "S00648", "title": "Yewafa", "settlement_type": "Settlement", "ward_code": "W007", "ward_name": "Bayoyi", "lga_name": "Idi-Oro", "target_population_under5": 17.0 }, "geometry": { "type": "Point", "coordinates": [ 7.454919, 11.209213 ] } },
{ "type": "Feature", "properties": { "id": "S00645", "title": "Yezako-Kofar", "settlement_type": "Hamlet", "ward_code": "W007", "ward_name": "Bayoyi", "lga_name": "Idi-Oro", "target_population_under5": 89.0 }, "geometry": { "type": "Point", "coordinates": [ 7.352844, 11.251902 ] } },
{ "type": "Feature", "properties": { "id": "S00578", "title": "Zabeta", "settlement_type": "Hamlet", "ward_code": "W007", "ward_name": "Bayoyi", "lga_name": "Idi-Oro", "target_population_under5": 17.0 }, "geometry": { "type": "Point", "coordinates": [ 7.342028, 11.227675 ] } },
{ "type": "Feature", "properties": { "id": "S00596", "title": "Zashari", "settlement_type": "Urban block", "ward_code": "W007", "ward_name": "Bayoyi", "lga_name": "Idi-Oro", "target_population_under5": 295.0 }, "geometry": { "type": "Point", "coordinates": [ 7.420205, 11.158838 ] } },
{ "type": "Feature", "properties": { "id": "S01009", "title": "Addedu", "settlement_type": "Urban block", "ward_code": "W014", "ward_name": "Bishama", "lga_name": "Idi-Oro", "target_population_under5": 370.0 }, "geometry": { "type": "Point", "coordinates": [ 7.426238, 11.458125 ] } },
{ "type": "Feature", "properties": { "id": "S01088", "title": "Adlata", "settlement_type": "Settlement", "ward_code": "W014", "ward_name": "Bishama", "lga_name": "Idi-Oro", "target_population_under5": 88.0 }, "geometry": { "type": "Point", "coordinates": [ 7.535537, 11.560769 ] } },
{ "type": "Feature", "properties": { "id": "S01080", "title": "Adngodu", "settlement_type": "Village", "ward_code": "W014", "ward_name": "Bishama", "lga_name": "Idi-Oro", "target_population_under5": 151.0 }, "geometry": { "type": "Point", "coordinates": [ 7.419894, 11.42248 ] } },
{ "type": "Feature", "properties": { "id": "S01083", "title": "Agbele", "settlement_type": "Hamlet", "ward_code": "W014", "ward_name": "Bishama", "lga_name": "Idi-Oro", "target_population_under5": 14.0 }, "geometry": { "type": "Point", "coordinates": [ 7.404375, 11.431611 ] } },
{ "type": "Feature", "properties": { "id": "S01011", "title": "Agjima", "settlement_type": "Village", "ward_code": "W014", "ward_name": "Bishama", "lga_name": "Idi-Oro", "target_population_under5": 225.0 }, "geometry": { "type": "Point", "coordinates": [ 7.445213, 11.46275 ] } },
{ "type": "Feature", "properties": { "id": "S01089", "title": "Agzani", "settlement_type": "Urban block", "ward_code": "W014", "ward_name": "Bishama", "lga_name": "Idi-Oro", "target_population_under5": 319.0 }, "geometry": { "type": "Point", "coordinates": [ 7.389923, 11.458221 ] } },
{ "type": "Feature", "properties": { "id": "S01063", "title": "Banafa", "settlement_type": "Hamlet", "ward_code": "W014", "ward_name": "Bishama", "lga_name": "Idi-Oro", "target_population_under5": 14.0 }, "geometry": { "type": "Point", "coordinates": [ 7.372554, 11.472655 ] } },
{ "type": "Feature", "properties": { "id": "S01018", "title": "Barile", "settlement_type": "Village", "ward_code": "W014", "ward_name": "Bishama", "lga_name": "Idi-Oro", "target_population_under5": 180.0 }, "geometry": { "type": "Point", "coordinates": [ 7.532644, 11.525 ] } },
{ "type": "Feature", "properties": { "id": "S01030", "title": "Batsiba-Tudun", "settlement_type": "Settlement", "ward_code": "W014", "ward_name": "Bishama", "lga_name": "Idi-Oro", "target_population_under5": 159.0 }, "geometry": { "type": "Point", "coordinates": [ 7.448976, 11.459906 ] } },
{ "type": "Feature", "properties": { "id": "S01012", "title": "Bidude", "settlement_type": "Urban block", "ward_code": "W014", "ward_name": "Bishama", "lga_name": "Idi-Oro", "target_population_under5": 430.0 }, "geometry": { "type": "Point", "coordinates": [ 7.484911, 11.494052 ] } },
{ "type": "Feature", "properties": { "id": "S01008", "title": "Bilatu-Tudun", "settlement_type": "Urban block", "ward_code": "W014", "ward_name": "Bishama", "lga_name": "Idi-Oro", "target_population_under5": 466.0 }, "geometry": { "type": "Point", "coordinates": [ 7.487661, 11.502099 ] } },
{ "type": "Feature", "properties": { "id": "S01062", "title": "Dabemi", "settlement_type": "Village", "ward_code": "W014", "ward_name": "Bishama", "lga_name": "Idi-Oro", "target_population_under5": 97.0 }, "geometry": { "type": "Point", "coordinates": [ 7.502594, 11.518911 ] } },
{ "type": "Feature", "properties": { "id": "S01038", "title": "Dajiyi", "settlement_type": "Village", "ward_code": "W014", "ward_name": "Bishama", "lga_name": "Idi-Oro", "target_population_under5": 167.0 }, "geometry": { "type": "Point", "coordinates": [ 7.474386, 11.455978 ] } },
{ "type": "Feature", "properties": { "id": "S00998", "title": "Damade", "settlement_type": "Settlement", "ward_code": "W014", "ward_name": "Bishama", "lga_name": "Idi-Oro", "target_population_under5": 62.0 }, "geometry": { "type": "Point", "coordinates": [ 7.393801, 11.474904 ] } },
{ "type": "Feature", "properties": { "id": "S01068", "title": "Datsiwa", "settlement_type": "Village", "ward_code": "W014", "ward_name": "Bishama", "lga_name": "Idi-Oro", "target_population_under5": 269.0 }, "geometry": { "type": "Point", "coordinates": [ 7.464528, 11.464702 ] } },
{ "type": "Feature", "properties": { "id": "S01085", "title": "Dayoshi", "settlement_type": "Settlement", "ward_code": "W014", "ward_name": "Bishama", "lga_name": "Idi-Oro", "target_population_under5": 28.0 }, "geometry": { "type": "Point", "coordinates": [ 7.45074, 11.388779 ] } },
{ "type": "Feature", "properties": { "id": "S01002", "title": "Dayoyi-Kofar", "settlement_type": "Village", "ward_code": "W014", "ward_name": "Bishama", "lga_name": "Idi-Oro", "target_population_under5": 166.0 }, "geometry": { "type": "Point", "coordinates": [ 7.349654, 11.447101 ] } },
{ "type": "Feature", "properties": { "id": "S01026", "title": "Dokoja", "settlement_type": "Hamlet", "ward_code": "W014", "ward_name": "Bishama", "lga_name": "Idi-Oro", "target_population_under5": 34.0 }, "geometry": { "type": "Point", "coordinates": [ 7.491483, 11.495231 ] } },
{ "type": "Feature", "properties": { "id": "S01006", "title": "Donasa", "settlement_type": "Village", "ward_code": "W014", "ward_name": "Bishama", "lga_name": "Idi-Oro", "target_population_under5": 45.0 }, "geometry": { "type": "Point", "coordinates": [ 7.445152, 11.486861 ] } },
{ "type": "Feature", "properties": { "id": "S01033", "title": "Dosani-Tudun", "settlement_type": "Village", "ward_code": "W014", "ward_name": "Bishama", "lga_name": "Idi-Oro", "target_population_under5": 239.0 }, "geometry": { "type": "Point", "coordinates": [ 7.359481, 11.461331 ] } },
{ "type": "Feature", "properties": { "id": "S01092", "title": "Doyodu", "settlement_type": "Village", "ward_code": "W014", "ward_name": "Bishama", "lga_name": "Idi-Oro", "target_population_under5": 166.0 }, "geometry": { "type": "Point", "coordinates": [ 7.467766, 11.466951 ] } },
{ "type": "Feature", "properties": { "id": "S01005", "title": "Eksani", "settlement_type": "Urban block", "ward_code": "W014", "ward_name": "Bishama", "lga_name": "Idi-Oro", "target_population_under5": 479.0 }, "geometry": { "type": "Point", "coordinates": [ 7.502679, 11.547379 ] } },
{ "type": "Feature", "properties": { "id": "S01073", "title": "Eksatu-Gabas", "settlement_type": "Settlement", "ward_code": "W014", "ward_name": "Bishama", "lga_name": "Idi-Oro", "target_population_under5": 140.0 }, "geometry": { "type": "Point", "coordinates": [ 7.461112, 11.444336 ] } },
{ "type": "Feature", "properties": { "id": "S01032", "title": "Ekwawa", "settlement_type": "Hamlet", "ward_code": "W014", "ward_name": "Bishama", "lga_name": "Idi-Oro", "target_population_under5": 47.0 }, "geometry": { "type": "Point", "coordinates": [ 7.452791, 11.476286 ] } },
{ "type": "Feature", "properties": { "id": "S01020", "title": "Ekyoni-Sabo", "settlement_type": "Hamlet", "ward_code": "W014", "ward_name": "Bishama", "lga_name": "Idi-Oro", "target_population_under5": 29.0 }, "geometry": { "type": "Point", "coordinates": [ 7.405432, 11.431155 ] } },
{ "type": "Feature", "properties": { "id": "S01093", "title": "Ekyoyi", "settlement_type": "Village", "ward_code": "W014", "ward_name": "Bishama", "lga_name": "Idi-Oro", "target_population_under5": 121.0 }, "geometry": { "type": "Point", "coordinates": [ 7.548149, 11.537068 ] } },
{ "type": "Feature", "properties": { "id": "S01052", "title": "Enbatu", "settlement_type": "Village", "ward_code": "W014", "ward_name": "Bishama", "lga_name": "Idi-Oro", "target_population_under5": 56.0 }, "geometry": { "type": "Point", "coordinates": [ 7.357418, 11.446742 ] } },
{ "type": "Feature", "properties": { "id": "S01040", "title": "Enduma-Kofar", "settlement_type": "Urban block", "ward_code": "W014", "ward_name": "Bishama", "lga_name": "Idi-Oro", "target_population_under5": 592.0 }, "geometry": { "type": "Point", "coordinates": [ 7.435142, 11.501086 ] } },
{ "type": "Feature", "properties": { "id": "S01024", "title": "Enlana", "settlement_type": "Urban block", "ward_code": "W014", "ward_name": "Bishama", "lga_name": "Idi-Oro", "target_population_under5": 560.0 }, "geometry": { "type": "Point", "coordinates": [ 7.374387, 11.488808 ] } },
{ "type": "Feature", "properties": { "id": "S01053", "title": "Ennata", "settlement_type": "Village", "ward_code": "W014", "ward_name": "Bishama", "lga_name": "Idi-Oro", "target_population_under5": 145.0 }, "geometry": { "type": "Point", "coordinates": [ 7.387792, 11.465289 ] } },
{ "type": "Feature", "properties": { "id": "S01071", "title": "Enrami", "settlement_type": "Village", "ward_code": "W014", "ward_name": "Bishama", "lga_name": "Idi-Oro", "target_population_under5": 42.0 }, "geometry": { "type": "Point", "coordinates": [ 7.505317, 11.488059 ] } },
{ "type": "Feature", "properties": { "id": "S01065", "title": "Enshana", "settlement_type": "Village", "ward_code": "W014", "ward_name": "Bishama", "lga_name": "Idi-Oro", "target_population_under5": 213.0 }, "geometry": { "type": "Point", "coordinates": [ 7.401632, 11.424229 ] } },
{ "type": "Feature", "properties": { "id": "S01021", "title": "Farata", "settlement_type": "Urban block", "ward_code": "W014", "ward_name": "Bishama", "lga_name": "Idi-Oro", "target_population_under5": 197.0 }, "geometry": { "type": "Point", "coordinates": [ 7.511382, 11.556145 ] } },
{ "type": "Feature", "properties": { "id": "S01081", "title": "Fatsimi", "settlement_type": "Urban block", "ward_code": "W014", "ward_name": "Bishama", "lga_name": "Idi-Oro", "target_population_under5": null }, "geometry": { "type": "Point", "coordinates": [ 7.389509, 11.444906 ] } },
{ "type": "Feature", "properties": { "id": "S01043", "title": "Fayoba", "settlement_type": "Village", "ward_code": "W014", "ward_name": "Bishama", "lga_name": "Idi-Oro", "target_population_under5": 45.0 }, "geometry": { "type": "Point", "coordinates": [ 7.466858, 11.481488 ] } },
{ "type": "Feature", "properties": { "id": "S01057", "title": "Gulawa", "settlement_type": "Settlement", "ward_code": "W014", "ward_name": "Bishama", "lga_name": "Idi-Oro", "target_population_under5": 125.0 }, "geometry": { "type": "Point", "coordinates": [ 7.415798, 11.444227 ] } },
{ "type": "Feature", "properties": { "id": "S01082", "title": "Guluyi", "settlement_type": "Urban block", "ward_code": "W014", "ward_name": "Bishama", "lga_name": "Idi-Oro", "target_population_under5": 344.0 }, "geometry": { "type": "Point", "coordinates": [ 7.399105, 11.463595 ] } },
{ "type": "Feature", "properties": { "id": "S01023", "title": "Guraja", "settlement_type": "Village", "ward_code": "W014", "ward_name": "Bishama", "lga_name": "Idi-Oro", "target_population_under5": 105.0 }, "geometry": { "type": "Point", "coordinates": [ 7.381531, 11.47916 ] } },
{ "type": "Feature", "properties": { "id": "S01039", "title": "Guyona-Kofar", "settlement_type": "Village", "ward_code": "W014", "ward_name": "Bishama", "lga_name": "Idi-Oro", "target_population_under5": 193.0 }, "geometry": { "type": "Point", "coordinates": [ 7.479075, 11.516129 ] } },
{ "type": "Feature", "properties": { "id": "S01061", "title": "Hanami", "settlement_type": "Village", "ward_code": "W014", "ward_name": "Bishama", "lga_name": "Idi-Oro", "target_population_under5": 215.0 }, "geometry": { "type": "Point", "coordinates": [ 7.399779, 11.50172 ] } },
{ "type": "Feature", "properties": { "id": "S01069", "title": "Hazayi", "settlement_type": "Village", "ward_code": "W014", "ward_name": "Bishama", "lga_name": "Idi-Oro", "target_population_under5": 63.0 }, "geometry": { "type": "Point", "coordinates": [ 7.468257, 11.46729 ] } },
{ "type": "Feature", "properties": { "id": "S01001", "title": "Ibtini-Kofar", "settlement_type": "Settlement", "ward_code": "W014", "ward_name": "Bishama", "lga_name": "Idi-Oro", "target_population_under5": 24.0 }, "geometry": { "type": "Point", "coordinates": [ 7.54371, 11.569928 ] } },
{ "type": "Feature", "properties": { "id": "S01041", "title": "Ibzashi", "settlement_type": "Village", "ward_code": "W014", "ward_name": "Bishama", "lga_name": "Idi-Oro", "target_population_under5": 58.0 }, "geometry": { "type": "Point", "coordinates": [ 7.407313, 11.413849 ] } },
{ "type": "Feature", "properties": { "id": "S01070", "title": "Irdeni-Arewa", "settlement_type": "Village", "ward_code": "W014", "ward_name": "Bishama", "lga_name": "Idi-Oro", "target_population_under5": 130.0 }, "geometry": { "type": "Point", "coordinates": [ 7.525695, 11.50656 ] } },
{ "type": "Feature", "properties": { "id": "S01025", "title": "Irdude", "settlement_type": "Urban block", "ward_code": "W014", "ward_name": "Bishama", "lga_name": "Idi-Oro", "target_population_under5": 539.0 }, "geometry": { "type": "Point", "coordinates": [ 7.373644, 11.46827 ] } },
{ "type": "Feature", "properties": { "id": "S01087", "title": "Irlushi-Kudu", "settlement_type": "Village", "ward_code": "W014", "ward_name": "Bishama", "lga_name": "Idi-Oro", "target_population_under5": 22.0 }, "geometry": { "type": "Point", "coordinates": [ 7.499542, 11.51691 ] } },
{ "type": "Feature", "properties": { "id": "S01059", "title": "Irwata", "settlement_type": "Settlement", "ward_code": "W014", "ward_name": "Bishama", "lga_name": "Idi-Oro", "target_population_under5": 69.0 }, "geometry": { "type": "Point", "coordinates": [ 7.442363, 11.435086 ] } },
{ "type": "Feature", "properties": { "id": "S01028", "title": "Jidetu", "settlement_type": "Hamlet", "ward_code": "W014", "ward_name": "Bishama", "lga_name": "Idi-Oro", "target_population_under5": 71.0 }, "geometry": { "type": "Point", "coordinates": [ 7.518282, 11.493316 ] } },
{ "type": "Feature", "properties": { "id": "S01054", "title": "Jidude", "settlement_type": "Village", "ward_code": "W014", "ward_name": "Bishama", "lga_name": "Idi-Oro", "target_population_under5": 273.0 }, "geometry": { "type": "Point", "coordinates": [ 7.523784, 11.529683 ] } },
{ "type": "Feature", "properties": { "id": "S01004", "title": "Jiduyi-Sabo", "settlement_type": "Village", "ward_code": "W014", "ward_name": "Bishama", "lga_name": "Idi-Oro", "target_population_under5": 60.0 }, "geometry": { "type": "Point", "coordinates": [ 7.473827, 11.500019 ] } },
{ "type": "Feature", "properties": { "id": "S01037", "title": "Kabeyi-Arewa", "settlement_type": "Village", "ward_code": "W014", "ward_name": "Bishama", "lga_name": "Idi-Oro", "target_population_under5": 166.0 }, "geometry": { "type": "Point", "coordinates": [ 7.489201, 11.471158 ] } },
{ "type": "Feature", "properties": { "id": "S01010", "title": "Kangona", "settlement_type": "Village", "ward_code": "W014", "ward_name": "Bishama", "lga_name": "Idi-Oro", "target_population_under5": 68.0 }, "geometry": { "type": "Point", "coordinates": [ 7.375548, 11.435793 ] } },
{ "type": "Feature", "properties": { "id": "S01029", "title": "Kuyowa", "settlement_type": "Urban block", "ward_code": "W014", "ward_name": "Bishama", "lga_name": "Idi-Oro", "target_population_under5": 225.0 }, "geometry": { "type": "Point", "coordinates": [ 7.506946, 11.569407 ] } },
{ "type": "Feature", "properties": { "id": "S01003", "title": "Lokoba-Tudun", "settlement_type": "Village", "ward_code": "W014", "ward_name": "Bishama", "lga_name": "Idi-Oro", "target_population_under5": 226.0 }, "geometry": { "type": "Point", "coordinates": [ 7.423755, 11.51362 ] } },
{ "type": "Feature", "properties": { "id": "S01090", "title": "Lolani", "settlement_type": "Village", "ward_code": "W014", "ward_name": "Bishama", "lga_name": "Idi-Oro", "target_population_under5": 51.0 }, "geometry": { "type": "Point", "coordinates": [ 7.405574, 11.44421 ] } },
{ "type": "Feature", "properties": { "id": "S01046", "title": "Losami", "settlement_type": "Settlement", "ward_code": "W014", "ward_name": "Bishama", "lga_name": "Idi-Oro", "target_population_under5": 66.0 }, "geometry": { "type": "Point", "coordinates": [ 7.425126, 11.442354 ] } },
{ "type": "Feature", "properties": { "id": "S01076", "title": "Matsiwo", "settlement_type": "Hamlet", "ward_code": "W014", "ward_name": "Bishama", "lga_name": "Idi-Oro", "target_population_under5": 27.0 }, "geometry": { "type": "Point", "coordinates": [ 7.42045, 11.45408 ] } },
{ "type": "Feature", "properties": { "id": "S01036", "title": "Mazama", "settlement_type": "Urban block", "ward_code": "W014", "ward_name": "Bishama", "lga_name": "Idi-Oro", "target_population_under5": 425.0 }, "geometry": { "type": "Point", "coordinates": [ 7.511266, 11.469708 ] } },
{ "type": "Feature", "properties": { "id": "S01000", "title": "Nudule", "settlement_type": "Village", "ward_code": "W014", "ward_name": "Bishama", "lga_name": "Idi-Oro", "target_population_under5": 26.0 }, "geometry": { "type": "Point", "coordinates": [ 7.539551, 11.566747 ] } },
{ "type": "Feature", "properties": { "id": "S01042", "title": "Nungoko-Tudun", "settlement_type": "Village", "ward_code": "W014", "ward_name": "Bishama", "lga_name": "Idi-Oro", "target_population_under5": 78.0 }, "geometry": { "type": "Point", "coordinates": [ 7.450077, 11.462323 ] } },
{ "type": "Feature", "properties": { "id": "S01031", "title": "Nurima", "settlement_type": "Urban block", "ward_code": "W014", "ward_name": "Bishama", "lga_name": "Idi-Oro", "target_population_under5": 147.0 }, "geometry": { "type": "Point", "coordinates": [ 7.479367, 11.453805 ] } },
{ "type": "Feature", "properties": { "id": "S01035", "title": "Okberi", "settlement_type": "Village", "ward_code": "W014", "ward_name": "Bishama", "lga_name": "Idi-Oro", "target_population_under5": 71.0 }, "geometry": { "type": "Point", "coordinates": [ 7.374161, 11.475138 ] } },
{ "type": "Feature", "properties": { "id": "S01060", "title": "Okdedu", "settlement_type": "Settlement", "ward_code": "W014", "ward_name": "Bishama", "lga_name": "Idi-Oro", "target_population_under5": 32.0 }, "geometry": { "type": "Point", "coordinates": [ 7.427852, 11.48828 ] } },
{ "type": "Feature", "properties": { "id": "S01051", "title": "Okshami-Yamma", "settlement_type": "Village", "ward_code": "W014", "ward_name": "Bishama", "lga_name": "Idi-Oro", "target_population_under5": 64.0 }, "geometry": { "type": "Point", "coordinates": [ 7.468209, 11.47367 ] } },
{ "type": "Feature", "properties": { "id": "S01013", "title": "Olngoru", "settlement_type": "Village", "ward_code": "W014", "ward_name": "Bishama", "lga_name": "Idi-Oro", "target_population_under5": 154.0 }, "geometry": { "type": "Point", "coordinates": [ 7.507698, 11.513119 ] } },
{ "type": "Feature", "properties": { "id": "S01045", "title": "Rilana", "settlement_type": "Settlement", "ward_code": "W014", "ward_name": "Bishama", "lga_name": "Idi-Oro", "target_population_under5": 104.0 }, "geometry": { "type": "Point", "coordinates": [ 7.390821, 11.469407 ] } },
{ "type": "Feature", "properties": { "id": "S01016", "title": "Rimadu", "settlement_type": "Village", "ward_code": "W014", "ward_name": "Bishama", "lga_name": "Idi-Oro", "target_population_under5": 84.0 }, "geometry": { "type": "Point", "coordinates": [ 7.438751, 11.471125 ] } },
{ "type": "Feature", "properties": { "id": "S01015", "title": "Rinaru", "settlement_type": "Hamlet", "ward_code": "W014", "ward_name": "Bishama", "lga_name": "Idi-Oro", "target_population_under5": 33.0 }, "geometry": { "type": "Point", "coordinates": [ 7.554224, 11.555768 ] } },
{ "type": "Feature", "properties": { "id": "S01050", "title": "Rishayi", "settlement_type": "Settlement", "ward_code": "W014", "ward_name": "Bishama", "lga_name": "Idi-Oro", "target_population_under5": 67.0 }, "geometry": { "type": "Point", "coordinates": [ 7.528965, 11.541406 ] } },
{ "type": "Feature", "properties": { "id": "S01091", "title": "Ritiru", "settlement_type": "Hamlet", "ward_code": "W014", "ward_name": "Bishama", "lga_name": "Idi-Oro", "target_population_under5": 43.0 }, "geometry": { "type": "Point", "coordinates": [ 7.48468, 11.513954 ] } },
{ "type": "Feature", "properties": { "id": "S01048", "title": "Sabeni", "settlement_type": "Hamlet", "ward_code": "W014", "ward_name": "Bishama", "lga_name": "Idi-Oro", "target_population_under5": 13.0 }, "geometry": { "type": "Point", "coordinates": [ 7.367405, 11.460893 ] } },
{ "type": "Feature", "properties": { "id": "S01058", "title": "Salatu", "settlement_type": "Hamlet", "ward_code": "W014", "ward_name": "Bishama", "lga_name": "Idi-Oro", "target_population_under5": 43.0 }, "geometry": { "type": "Point", "coordinates": [ 7.509784, 11.49321 ] } },
{ "type": "Feature", "properties": { "id": "S01079", "title": "Salude", "settlement_type": "Hamlet", "ward_code": "W014", "ward_name": "Bishama", "lga_name": "Idi-Oro", "target_population_under5": 31.0 }, "geometry": { "type": "Point", "coordinates": [ 7.373852, 11.453714 ] } },
{ "type": "Feature", "properties": { "id": "S01064", "title": "Sanatu", "settlement_type": "Urban block", "ward_code": "W014", "ward_name": "Bishama", "lga_name": "Idi-Oro", "target_population_under5": 387.0 }, "geometry": { "type": "Point", "coordinates": [ 7.500541, 11.513745 ] } },
{ "type": "Feature", "properties": { "id": "S01007", "title": "Sawashi", "settlement_type": "Hamlet", "ward_code": "W014", "ward_name": "Bishama", "lga_name": "Idi-Oro", "target_population_under5": 18.0 }, "geometry": { "type": "Point", "coordinates": [ 7.386168, 11.440732 ] } },
{ "type": "Feature", "properties": { "id": "S01078", "title": "Subafa", "settlement_type": "Settlement", "ward_code": "W014", "ward_name": "Bishama", "lga_name": "Idi-Oro", "target_population_under5": 33.0 }, "geometry": { "type": "Point", "coordinates": [ 7.545265, 11.544992 ] } },
{ "type": "Feature", "properties": { "id": "S01072", "title": "Sukoyi", "settlement_type": "Village", "ward_code": "W014", "ward_name": "Bishama", "lga_name": "Idi-Oro", "target_population_under5": 67.0 }, "geometry": { "type": "Point", "coordinates": [ 7.40028, 11.462909 ] } },
{ "type": "Feature", "properties": { "id": "S01017", "title": "Sumari", "settlement_type": "Village", "ward_code": "W014", "ward_name": "Bishama", "lga_name": "Idi-Oro", "target_population_under5": 27.0 }, "geometry": { "type": "Point", "coordinates": [ 7.393153, 11.434541 ] } },
{ "type": "Feature", "properties": { "id": "S01027", "title": "Suwama", "settlement_type": "Hamlet", "ward_code": "W014", "ward_name": "Bishama", "lga_name": "Idi-Oro", "target_population_under5": 37.0 }, "geometry": { "type": "Point", "coordinates": [ 7.371653, 11.452472 ] } },
{ "type": "Feature", "properties": { "id": "S01044", "title": "Suyoshi", "settlement_type": "Hamlet", "ward_code": "W014", "ward_name": "Bishama", "lga_name": "Idi-Oro", "target_population_under5": 34.0 }, "geometry": { "type": "Point", "coordinates": [ 7.527004, 11.564711 ] } },
{ "type": "Feature", "properties": { "id": "S01094", "title": "Taluba", "settlement_type": "Village", "ward_code": "W014", "ward_name": "Bishama", "lga_name": "Idi-Oro", "target_population_under5": 126.0 }, "geometry": { "type": "Point", "coordinates": [ 7.491801, 11.497242 ] } },
{ "type": "Feature", "properties": { "id": "S01049", "title": "Talusa", "settlement_type": "Urban block", "ward_code": "W014", "ward_name": "Bishama", "lga_name": "Idi-Oro", "target_population_under5": 372.0 }, "geometry": { "type": "Point", "coordinates": [ 7.547972, 11.517211 ] } },
{ "type": "Feature", "properties": { "id": "S01067", "title": "Tanani", "settlement_type": "Village", "ward_code": "W014", "ward_name": "Bishama", "lga_name": "Idi-Oro", "target_population_under5": 21.0 }, "geometry": { "type": "Point", "coordinates": [ 7.496128, 11.516287 ] } },
{ "type": "Feature", "properties": { "id": "S01055", "title": "Umjidu", "settlement_type": "Village", "ward_code": "W014", "ward_name": "Bishama", "lga_name": "Idi-Oro", "target_population_under5": 369.0 }, "geometry": { "type": "Point", "coordinates": [ 7.457185, 11.494401 ] } },
{ "type": "Feature", "properties": { "id": "S01056", "title": "Ummafa", "settlement_type": "Settlement", "ward_code": "W014", "ward_name": "Bishama", "lga_name": "Idi-Oro", "target_population_under5": 42.0 }, "geometry": { "type": "Point", "coordinates": [ 7.372297, 11.462586 ] } },
{ "type": "Feature", "properties": { "id": "S01086", "title": "Umrina", "settlement_type": "Settlement", "ward_code": "W014", "ward_name": "Bishama", "lga_name": "Idi-Oro", "target_population_under5": 93.0 }, "geometry": { "type": "Point", "coordinates": [ 7.401871, 11.445961 ] } },
{ "type": "Feature", "properties": { "id": "S01075", "title": "Uzkoba", "settlement_type": "Village", "ward_code": "W014", "ward_name": "Bishama", "lga_name": "Idi-Oro", "target_population_under5": 41.0 }, "geometry": { "type": "Point", "coordinates": [ 7.394613, 11.426419 ] } },
{ "type": "Feature", "properties": { "id": "S01084", "title": "Uzlule", "settlement_type": "Hamlet", "ward_code": "W014", "ward_name": "Bishama", "lga_name": "Idi-Oro", "target_population_under5": 31.0 }, "geometry": { "type": "Point", "coordinates": [ 7.50598, 11.518342 ] } },
{ "type": "Feature", "properties": { "id": "S00999", "title": "Uzsami-Arewa", "settlement_type": "Village", "ward_code": "W014", "ward_name": "Bishama", "lga_name": "Idi-Oro", "target_population_under5": 215.0 }, "geometry": { "type": "Point", "coordinates": [ 7.44254, 11.490792 ] } },
{ "type": "Feature", "properties": { "id": "S01074", "title": "Waride-Tsakiya", "settlement_type": "Village", "ward_code": "W014", "ward_name": "Bishama", "lga_name": "Idi-Oro", "target_population_under5": 62.0 }, "geometry": { "type": "Point", "coordinates": [ 7.454101, 11.454705 ] } },
{ "type": "Feature", "properties": { "id": "S01034", "title": "Wayode", "settlement_type": "Village", "ward_code": "W014", "ward_name": "Bishama", "lga_name": "Idi-Oro", "target_population_under5": 80.0 }, "geometry": { "type": "Point", "coordinates": [ 7.376102, 11.501906 ] } },
{ "type": "Feature", "properties": { "id": "S01022", "title": "Yekoja", "settlement_type": "Village", "ward_code": "W014", "ward_name": "Bishama", "lga_name": "Idi-Oro", "target_population_under5": 206.0 }, "geometry": { "type": "Point", "coordinates": [ 7.402477, 11.506913 ] } },
{ "type": "Feature", "properties": { "id": "S01014", "title": "Yerile", "settlement_type": "Settlement", "ward_code": "W014", "ward_name": "Bishama", "lga_name": "Idi-Oro", "target_population_under5": 30.0 }, "geometry": { "type": "Point", "coordinates": [ 7.504962, 11.434096 ] } },
{ "type": "Feature", "properties": { "id": "S01047", "title": "Yetide", "settlement_type": "Hamlet", "ward_code": "W014", "ward_name": "Bishama", "lga_name": "Idi-Oro", "target_population_under5": 45.0 }, "geometry": { "type": "Point", "coordinates": [ 7.518874, 11.497556 ] } },
{ "type": "Feature", "properties": { "id": "S01066", "title": "Zabeba-Kudu", "settlement_type": "Hamlet", "ward_code": "W014", "ward_name": "Bishama", "lga_name": "Idi-Oro", "target_population_under5": 72.0 }, "geometry": { "type": "Point", "coordinates": [ 7.494997, 11.489533 ] } },
{ "type": "Feature", "properties": { "id": "S01019", "title": "Zaderu-Kudu", "settlement_type": "Settlement", "ward_code": "W014", "ward_name": "Bishama", "lga_name": "Idi-Oro", "target_population_under5": 104.0 }, "geometry": { "type": "Point", "coordinates": [ 7.488691, 11.493725 ] } },
{ "type": "Feature", "properties": { "id": "S01077", "title": "Zashatu-Kudu", "settlement_type": "Hamlet", "ward_code": "W014", "ward_name": "Bishama", "lga_name": "Idi-Oro", "target_population_under5": 18.0 }, "geometry": { "type": "Point", "coordinates": [ 7.40331, 11.460933 ] } },
{ "type": "Feature", "properties": { "id": "S00187", "title": "Adkoyi", "settlement_type": "Village", "ward_code": "W002", "ward_name": "Ekduru", "lga_name": "Idi-Oro", "target_population_under5": 311.0 }, "geometry": { "type": "Point", "coordinates": [ 7.012608, 10.891674 ] } },
{ "type": "Feature", "properties": { "id": "S00210", "title": "Adraba-Tudun", "settlement_type": "Village", "ward_code": "W002", "ward_name": "Ekduru", "lga_name": "Idi-Oro", "target_population_under5": 156.0 }, "geometry": { "type": "Point", "coordinates": [ 7.131578, 10.729968 ] } },
{ "type": "Feature", "properties": { "id": "S00182", "title": "Agbade", "settlement_type": "Hamlet", "ward_code": "W002", "ward_name": "Ekduru", "lga_name": "Idi-Oro", "target_population_under5": 17.0 }, "geometry": { "type": "Point", "coordinates": [ 7.105535, 10.758599 ] } },
{ "type": "Feature", "properties": { "id": "S00134", "title": "Agdede", "settlement_type": "Hamlet", "ward_code": "W002", "ward_name": "Ekduru", "lga_name": "Idi-Oro", "target_population_under5": 30.0 }, "geometry": { "type": "Point", "coordinates": [ 7.02892, 10.920265 ] } },
{ "type": "Feature", "properties": { "id": "S00176", "title": "Agjiyi", "settlement_type": "Village", "ward_code": "W002", "ward_name": "Ekduru", "lga_name": "Idi-Oro", "target_population_under5": 81.0 }, "geometry": { "type": "Point", "coordinates": [ 7.046831, 10.932364 ] } },
{ "type": "Feature", "properties": { "id": "S00191", "title": "Agyole-Tsakiya", "settlement_type": "Urban block", "ward_code": "W002", "ward_name": "Ekduru", "lga_name": "Idi-Oro", "target_population_under5": 99.0 }, "geometry": { "type": "Point", "coordinates": [ 7.054225, 10.900399 ] } },
{ "type": "Feature", "properties": { "id": "S00145", "title": "Agyoyi-Tudun", "settlement_type": "Village", "ward_code": "W002", "ward_name": "Ekduru", "lga_name": "Idi-Oro", "target_population_under5": 311.0 }, "geometry": { "type": "Point", "coordinates": [ 7.027702, 10.892079 ] } },
{ "type": "Feature", "properties": { "id": "S00124", "title": "Bakowa", "settlement_type": "Settlement", "ward_code": "W002", "ward_name": "Ekduru", "lga_name": "Idi-Oro", "target_population_under5": 69.0 }, "geometry": { "type": "Point", "coordinates": [ 7.233076, 10.808467 ] } },
{ "type": "Feature", "properties": { "id": "S00128", "title": "Bakoyi", "settlement_type": "Village", "ward_code": "W002", "ward_name": "Ekduru", "lga_name": "Idi-Oro", "target_population_under5": 330.0 }, "geometry": { "type": "Point", "coordinates": [ 7.232322, 10.777203 ] } },
{ "type": "Feature", "properties": { "id": "S00164", "title": "Balani", "settlement_type": "Village", "ward_code": "W002", "ward_name": "Ekduru", "lga_name": "Idi-Oro", "target_population_under5": 60.0 }, "geometry": { "type": "Point", "coordinates": [ 7.230121, 10.762124 ] } },
{ "type": "Feature", "properties": { "id": "S00215", "title": "Balutu-Kudu", "settlement_type": "Settlement", "ward_code": "W002", "ward_name": "Ekduru", "lga_name": "Idi-Oro", "target_population_under5": 94.0 }, "geometry": { "type": "Point", "coordinates": [ 7.026409, 10.856039 ] } },
{ "type": "Feature", "properties": { "id": "S00146", "title": "Bawawo", "settlement_type": "Village", "ward_code": "W002", "ward_name": "Ekduru", "lga_name": "Idi-Oro", "target_population_under5": 90.0 }, "geometry": { "type": "Point", "coordinates": [ 7.208947, 10.766289 ] } },
{ "type": "Feature", "properties": { "id": "S00184", "title": "Bibeko", "settlement_type": "Settlement", "ward_code": "W002", "ward_name": "Ekduru", "lga_name": "Idi-Oro", "target_population_under5": 71.0 }, "geometry": { "type": "Point", "coordinates": [ 7.088818, 10.796387 ] } },
{ "type": "Feature", "properties": { "id": "S00186", "title": "Bibemi-Gabas", "settlement_type": "Village", "ward_code": "W002", "ward_name": "Ekduru", "lga_name": "Idi-Oro", "target_population_under5": 63.0 }, "geometry": { "type": "Point", "coordinates": [ 7.118444, 10.72671 ] } },
{ "type": "Feature", "properties": { "id": "S00199", "title": "Bijidu", "settlement_type": "Village", "ward_code": "W002", "ward_name": "Ekduru", "lga_name": "Idi-Oro", "target_population_under5": 126.0 }, "geometry": { "type": "Point", "coordinates": [ 7.092771, 10.788268 ] } },
{ "type": "Feature", "properties": { "id": "S00220", "title": "Biluri", "settlement_type": "Village", "ward_code": "W002", "ward_name": "Ekduru", "lga_name": "Idi-Oro", "target_population_under5": 86.0 }, "geometry": { "type": "Point", "coordinates": [ 7.104016, 10.773261 ] } },
{ "type": "Feature", "properties": { "id": "S00175", "title": "Dadesa", "settlement_type": "Hamlet", "ward_code": "W002", "ward_name": "Ekduru", "lga_name": "Idi-Oro", "target_population_under5": 29.0 }, "geometry": { "type": "Point", "coordinates": [ 7.112463, 10.78563 ] } },
{ "type": "Feature", "properties": { "id": "S00150", "title": "Dakoba", "settlement_type": "Hamlet", "ward_code": "W002", "ward_name": "Ekduru", "lga_name": "Idi-Oro", "target_population_under5": 37.0 }, "geometry": { "type": "Point", "coordinates": [ 7.0815, 10.794996 ] } },
{ "type": "Feature", "properties": { "id": "S00201", "title": "Daluwa", "settlement_type": "Hamlet", "ward_code": "W002", "ward_name": "Ekduru", "lga_name": "Idi-Oro", "target_population_under5": 64.0 }, "geometry": { "type": "Point", "coordinates": [ 7.08642, 10.766662 ] } },
{ "type": "Feature", "properties": { "id": "S00139", "title": "Dangowo", "settlement_type": "Urban block", "ward_code": "W002", "ward_name": "Ekduru", "lga_name": "Idi-Oro", "target_population_under5": 929.0 }, "geometry": { "type": "Point", "coordinates": [ 7.227429, 10.797377 ] } },
{ "type": "Feature", "properties": { "id": "S00165", "title": "Dariko", "settlement_type": "Hamlet", "ward_code": "W002", "ward_name": "Ekduru", "lga_name": "Idi-Oro", "target_population_under5": 18.0 }, "geometry": { "type": "Point", "coordinates": [ 7.139129, 10.746277 ] } },
{ "type": "Feature", "properties": { "id": "S00130", "title": "Dariru", "settlement_type": "Urban block", "ward_code": "W002", "ward_name": "Ekduru", "lga_name": "Idi-Oro", "target_population_under5": 265.0 }, "geometry": { "type": "Point", "coordinates": [ 7.042672, 10.839185 ] } },
{ "type": "Feature", "properties": { "id": "S00160", "title": "Dasatu-Tsakiya", "settlement_type": "Village", "ward_code": "W002", "ward_name": "Ekduru", "lga_name": "Idi-Oro", "target_population_under5": 76.0 }, "geometry": { "type": "Point", "coordinates": [ 7.126375, 10.799967 ] } },
{ "type": "Feature", "properties": { "id": "S00154", "title": "Datsiwo", "settlement_type": "Village", "ward_code": "W002", "ward_name": "Ekduru", "lga_name": "Idi-Oro", "target_population_under5": 64.0 }, "geometry": { "type": "Point", "coordinates": [ 7.034733, 10.904278 ] } },
{ "type": "Feature", "properties": { "id": "S00218", "title": "Ekluri-Tsakiya", "settlement_type": "Village", "ward_code": "W002", "ward_name": "Ekduru", "lga_name": "Idi-Oro", "target_population_under5": 85.0 }, "geometry": { "type": "Point", "coordinates": [ 7.100585, 10.729689 ] } },
{ "type": "Feature", "properties": { "id": "S00190", "title": "Ekshayi", "settlement_type": "Village", "ward_code": "W002", "ward_name": "Ekduru", "lga_name": "Idi-Oro", "target_population_under5": 151.0 }, "geometry": { "type": "Point", "coordinates": [ 7.111141, 10.731173 ] } },
{ "type": "Feature", "properties": { "id": "S00194", "title": "Enmari", "settlement_type": "Village", "ward_code": "W002", "ward_name": "Ekduru", "lga_name": "Idi-Oro", "target_population_under5": 187.0 }, "geometry": { "type": "Point", "coordinates": [ 7.110602, 10.718336 ] } },
{ "type": "Feature", "properties": { "id": "S00206", "title": "Fadeja", "settlement_type": "Village", "ward_code": "W002", "ward_name": "Ekduru", "lga_name": "Idi-Oro", "target_population_under5": 79.0 }, "geometry": { "type": "Point", "coordinates": [ 7.098944, 10.773483 ] } },
{ "type": "Feature", "properties": { "id": "S00173", "title": "Fakowo", "settlement_type": "Village", "ward_code": "W002", "ward_name": "Ekduru", "lga_name": "Idi-Oro", "target_population_under5": 148.0 }, "geometry": { "type": "Point", "coordinates": [ 7.202096, 10.848132 ] } },
{ "type": "Feature", "properties": { "id": "S00198", "title": "Fangoni", "settlement_type": "Urban block", "ward_code": "W002", "ward_name": "Ekduru", "lga_name": "Idi-Oro", "target_population_under5": 474.0 }, "geometry": { "type": "Point", "coordinates": [ 7.135205, 10.759231 ] } },
{ "type": "Feature", "properties": { "id": "S00185", "title": "Fangosa", "settlement_type": "Village", "ward_code": "W002", "ward_name": "Ekduru", "lga_name": "Idi-Oro", "target_population_under5": 179.0 }, "geometry": { "type": "Point", "coordinates": [ 7.075344, 10.808488 ] } },
{ "type": "Feature", "properties": { "id": "S00168", "title": "Fashadu", "settlement_type": "Urban block", "ward_code": "W002", "ward_name": "Ekduru", "lga_name": "Idi-Oro", "target_population_under5": 325.0 }, "geometry": { "type": "Point", "coordinates": [ 7.096299, 10.78344 ] } },
{ "type": "Feature", "properties": { "id": "S00136", "title": "Gulani", "settlement_type": "Village", "ward_code": "W002", "ward_name": "Ekduru", "lga_name": "Idi-Oro", "target_population_under5": 107.0 }, "geometry": { "type": "Point", "coordinates": [ 7.146874, 10.734326 ] } },
{ "type": "Feature", "properties": { "id": "S00140", "title": "Guyoba", "settlement_type": "Village", "ward_code": "W002", "ward_name": "Ekduru", "lga_name": "Idi-Oro", "target_population_under5": 73.0 }, "geometry": { "type": "Point", "coordinates": [ 7.203856, 10.774318 ] } },
{ "type": "Feature", "properties": { "id": "S00178", "title": "Habale", "settlement_type": "Urban block", "ward_code": "W002", "ward_name": "Ekduru", "lga_name": "Idi-Oro", "target_population_under5": 255.0 }, "geometry": { "type": "Point", "coordinates": [ 7.135511, 10.7921 ] } },
{ "type": "Feature", "properties": { "id": "S00151", "title": "Hamade", "settlement_type": "Village", "ward_code": "W002", "ward_name": "Ekduru", "lga_name": "Idi-Oro", "target_population_under5": 100.0 }, "geometry": { "type": "Point", "coordinates": [ 7.12308, 10.796225 ] } },
{ "type": "Feature", "properties": { "id": "S00158", "title": "Hangoshi", "settlement_type": "Urban block", "ward_code": "W002", "ward_name": "Ekduru", "lga_name": "Idi-Oro", "target_population_under5": 87.0 }, "geometry": { "type": "Point", "coordinates": [ 7.130201, 10.761549 ] } },
{ "type": "Feature", "properties": { "id": "S00200", "title": "Hawale", "settlement_type": "Village", "ward_code": "W002", "ward_name": "Ekduru", "lga_name": "Idi-Oro", "target_population_under5": 128.0 }, "geometry": { "type": "Point", "coordinates": [ 7.076295, 10.788149 ] } },
{ "type": "Feature", "properties": { "id": "S00153", "title": "Iblawa-Kofar", "settlement_type": "Urban block", "ward_code": "W002", "ward_name": "Ekduru", "lga_name": "Idi-Oro", "target_population_under5": 574.0 }, "geometry": { "type": "Point", "coordinates": [ 7.079641, 10.782325 ] } },
{ "type": "Feature", "properties": { "id": "S00152", "title": "Ibngona-Arewa", "settlement_type": "Hamlet", "ward_code": "W002", "ward_name": "Ekduru", "lga_name": "Idi-Oro", "target_population_under5": 69.0 }, "geometry": { "type": "Point", "coordinates": [ 7.022653, 10.87906 ] } },
{ "type": "Feature", "properties": { "id": "S00177", "title": "Ibritu", "settlement_type": "Village", "ward_code": "W002", "ward_name": "Ekduru", "lga_name": "Idi-Oro", "target_population_under5": 118.0 }, "geometry": { "type": "Point", "coordinates": [ 6.954388115003849, 10.889388 ] } },
{ "type": "Feature", "properties": { "id": "S00217", "title": "Ibtsiyi", "settlement_type": "Hamlet", "ward_code": "W002", "ward_name": "Ekduru", "lga_name": "Idi-Oro", "target_population_under5": 26.0 }, "geometry": { "type": "Point", "coordinates": [ 7.099169, 10.798693 ] } },
{ "type": "Feature", "properties": { "id": "S00163", "title": "Ibwari", "settlement_type": "Settlement", "ward_code": "W002", "ward_name": "Ekduru", "lga_name": "Idi-Oro", "target_population_under5": 140.0 }, "geometry": { "type": "Point", "coordinates": [ 7.121303, 10.722934 ] } },
{ "type": "Feature", "properties": { "id": "S00121", "title": "Irbafa", "settlement_type": "Settlement", "ward_code": "W002", "ward_name": "Ekduru", "lga_name": "Idi-Oro", "target_population_under5": 61.0 }, "geometry": { "type": "Point", "coordinates": [ 7.134858, 10.783787 ] } },
{ "type": "Feature", "properties": { "id": "S00174", "title": "Irbema", "settlement_type": "Hamlet", "ward_code": "W002", "ward_name": "Ekduru", "lga_name": "Idi-Oro", "target_population_under5": 32.0 }, "geometry": { "type": "Point", "coordinates": [ 7.148042, 10.756493 ] } },
{ "type": "Feature", "properties": { "id": "S00180", "title": "Irngomi", "settlement_type": "Hamlet", "ward_code": "W002", "ward_name": "Ekduru", "lga_name": "Idi-Oro", "target_population_under5": 18.0 }, "geometry": { "type": "Point", "coordinates": [ 7.137422, 10.712479 ] } },
{ "type": "Feature", "properties": { "id": "S00188", "title": "Jidedu", "settlement_type": "Urban block", "ward_code": "W002", "ward_name": "Ekduru", "lga_name": "Idi-Oro", "target_population_under5": 860.0 }, "geometry": { "type": "Point", "coordinates": [ 7.228167, 10.771228 ] } },
{ "type": "Feature", "properties": { "id": "S00157", "title": "Jimashi", "settlement_type": "Settlement", "ward_code": "W002", "ward_name": "Ekduru", "lga_name": "Idi-Oro", "target_population_under5": 145.0 }, "geometry": { "type": "Point", "coordinates": [ 7.090921, 10.778799 ] } },
{ "type": "Feature", "properties": { "id": "S00162", "title": "Jitsifa", "settlement_type": "Hamlet", "ward_code": "W002", "ward_name": "Ekduru", "lga_name": "Idi-Oro", "target_population_under5": 49.0 }, "geometry": { "type": "Point", "coordinates": [ 7.225508, 10.77611 ] } },
{ "type": "Feature", "properties": { "id": "S00202", "title": "Kudema-Gabas", "settlement_type": "Settlement", "ward_code": "W002", "ward_name": "Ekduru", "lga_name": "Idi-Oro", "target_population_under5": 30.0 }, "geometry": { "type": "Point", "coordinates": [ 7.219863, 10.80426 ] } },
{ "type": "Feature", "properties": { "id": "S00213", "title": "Kuyoma", "settlement_type": "Village", "ward_code": "W002", "ward_name": "Ekduru", "lga_name": "Idi-Oro", "target_population_under5": 131.0 }, "geometry": { "type": "Point", "coordinates": [ 7.031265, 10.864211 ] } },
{ "type": "Feature", "properties": { "id": "S00161", "title": "Kuzaru", "settlement_type": "Urban block", "ward_code": "W002", "ward_name": "Ekduru", "lga_name": "Idi-Oro", "target_population_under5": 216.0 }, "geometry": { "type": "Point", "coordinates": [ 7.133176, 10.79321 ] } },
{ "type": "Feature", "properties": { "id": "S00172", "title": "Lobemi", "settlement_type": "Hamlet", "ward_code": "W002", "ward_name": "Ekduru", "lga_name": "Idi-Oro", "target_population_under5": 14.0 }, "geometry": { "type": "Point", "coordinates": [ 7.100221, 10.789561 ] } },
{ "type": "Feature", "properties": { "id": "S00133", "title": "Loduja", "settlement_type": "Village", "ward_code": "W002", "ward_name": "Ekduru", "lga_name": "Idi-Oro", "target_population_under5": 33.0 }, "geometry": { "type": "Point", "coordinates": [ 7.211818, 10.768842 ] } },
{ "type": "Feature", "properties": { "id": "S00138", "title": "Lorade-Sabo", "settlement_type": "Urban block", "ward_code": "W002", "ward_name": "Ekduru", "lga_name": "Idi-Oro", "target_population_under5": 410.0 }, "geometry": { "type": "Point", "coordinates": [ 7.105552, 10.716086 ] } },
{ "type": "Feature", "properties": { "id": "S00137", "title": "Lotisa", "settlement_type": "Hamlet", "ward_code": "W002", "ward_name": "Ekduru", "lga_name": "Idi-Oro", "target_population_under5": 32.0 }, "geometry": { "type": "Point", "coordinates": [ 7.069988, 10.783365 ] } },
{ "type": "Feature", "properties": { "id": "S00143", "title": "Lowade", "settlement_type": "Hamlet", "ward_code": "W002", "ward_name": "Ekduru", "lga_name": "Idi-Oro", "target_population_under5": 26.0 }, "geometry": { "type": "Point", "coordinates": [ 7.026992, 10.91861 ] } },
{ "type": "Feature", "properties": { "id": "S00123", "title": "Mabani", "settlement_type": "Village", "ward_code": "W002", "ward_name": "Ekduru", "lga_name": "Idi-Oro", "target_population_under5": 105.0 }, "geometry": { "type": "Point", "coordinates": [ 7.034548, 10.880157 ] } },
{ "type": "Feature", "properties": { "id": "S00195", "title": "Mashafa", "settlement_type": "Village", "ward_code": "W002", "ward_name": "Ekduru", "lga_name": "Idi-Oro", "target_population_under5": 118.0 }, "geometry": { "type": "Point", "coordinates": [ 7.088684, 10.728512 ] } },
{ "type": "Feature", "properties": { "id": "S00129", "title": "Nudeja-Sabo", "settlement_type": "Village", "ward_code": "W002", "ward_name": "Ekduru", "lga_name": "Idi-Oro", "target_population_under5": 200.0 }, "geometry": { "type": "Point", "coordinates": [ 7.114609, 10.713879 ] } },
{ "type": "Feature", "properties": { "id": "S00216", "title": "Okbako", "settlement_type": "Village", "ward_code": "W002", "ward_name": "Ekduru", "lga_name": "Idi-Oro", "target_population_under5": 40.0 }, "geometry": { "type": "Point", "coordinates": [ 7.23026, 10.789671 ] } },
{ "type": "Feature", "properties": { "id": "S00125", "title": "Okmari", "settlement_type": "Urban block", "ward_code": "W002", "ward_name": "Ekduru", "lga_name": "Idi-Oro", "target_population_under5": 582.0 }, "geometry": { "type": "Point", "coordinates": [ 7.140257, 10.731256 ] } },
{ "type": "Feature", "properties": { "id": "S00208", "title": "Okzatu", "settlement_type": "Hamlet", "ward_code": "W002", "ward_name": "Ekduru", "lga_name": "Idi-Oro", "target_population_under5": 43.0 }, "geometry": { "type": "Point", "coordinates": [ 7.177691, 10.784757 ] } },
{ "type": "Feature", "properties": { "id": "S00127", "title": "Ollawo", "settlement_type": "Hamlet", "ward_code": "W002", "ward_name": "Ekduru", "lga_name": "Idi-Oro", "target_population_under5": 7.0 }, "geometry": { "type": "Point", "coordinates": [ 7.069231, 10.778969 ] } },
{ "type": "Feature", "properties": { "id": "S00171", "title": "Olmami-Yamma", "settlement_type": "Urban block", "ward_code": "W002", "ward_name": "Ekduru", "lga_name": "Idi-Oro", "target_population_under5": 422.0 }, "geometry": { "type": "Point", "coordinates": [ 7.13638, 10.757978 ] } },
{ "type": "Feature", "properties": { "id": "S00170", "title": "Olrita", "settlement_type": "Hamlet", "ward_code": "W002", "ward_name": "Ekduru", "lga_name": "Idi-Oro", "target_population_under5": 28.0 }, "geometry": { "type": "Point", "coordinates": [ 7.207641, 10.779115 ] } },
{ "type": "Feature", "properties": { "id": "S00141", "title": "Ribafa", "settlement_type": "Hamlet", "ward_code": "W002", "ward_name": "Ekduru", "lga_name": "Idi-Oro", "target_population_under5": 36.0 }, "geometry": { "type": "Point", "coordinates": [ 7.234753, 10.784463 ] } },
{ "type": "Feature", "properties": { "id": "S00148", "title": "Ribaja", "settlement_type": "Village", "ward_code": "W002", "ward_name": "Ekduru", "lga_name": "Idi-Oro", "target_population_under5": 94.0 }, "geometry": { "type": "Point", "coordinates": [ 7.106366, 10.809701 ] } },
{ "type": "Feature", "properties": { "id": "S00207", "title": "Rizani", "settlement_type": "Village", "ward_code": "W002", "ward_name": "Ekduru", "lga_name": "Idi-Oro", "target_population_under5": 77.0 }, "geometry": { "type": "Point", "coordinates": [ 7.111973, 10.736919 ] } },
{ "type": "Feature", "properties": { "id": "S00212", "title": "Sanana", "settlement_type": "Village", "ward_code": "W002", "ward_name": "Ekduru", "lga_name": "Idi-Oro", "target_population_under5": 79.0 }, "geometry": { "type": "Point", "coordinates": [ 7.109858, 10.794536 ] } },
{ "type": "Feature", "properties": { "id": "S00166", "title": "Sarishi-Arewa", "settlement_type": "Urban block", "ward_code": "W002", "ward_name": "Ekduru", "lga_name": "Idi-Oro", "target_population_under5": 521.0 }, "geometry": { "type": "Point", "coordinates": [ 7.122619, 10.778849 ] } },
{ "type": "Feature", "properties": { "id": "S00189", "title": "Satisa", "settlement_type": "Settlement", "ward_code": "W002", "ward_name": "Ekduru", "lga_name": "Idi-Oro", "target_population_under5": 23.0 }, "geometry": { "type": "Point", "coordinates": [ 7.159981, 10.809301 ] } },
{ "type": "Feature", "properties": { "id": "S00131", "title": "Sazashi", "settlement_type": "Village", "ward_code": "W002", "ward_name": "Ekduru", "lga_name": "Idi-Oro", "target_population_under5": 66.0 }, "geometry": { "type": "Point", "coordinates": [ 7.028413, 10.867265 ] } },
{ "type": "Feature", "properties": { "id": "S00214", "title": "Suduru-Gabas", "settlement_type": "Hamlet", "ward_code": "W002", "ward_name": "Ekduru", "lga_name": "Idi-Oro", "target_population_under5": 41.0 }, "geometry": { "type": "Point", "coordinates": [ 7.22263, 10.754536 ] } },
{ "type": "Feature", "properties": { "id": "S00149", "title": "Sularu", "settlement_type": "Village", "ward_code": "W002", "ward_name": "Ekduru", "lga_name": "Idi-Oro", "target_population_under5": 90.0 }, "geometry": { "type": "Point", "coordinates": [ 7.129003, 10.795989 ] } },
{ "type": "Feature", "properties": { "id": "S00155", "title": "Sunako", "settlement_type": "Urban block", "ward_code": "W002", "ward_name": "Ekduru", "lga_name": "Idi-Oro", "target_population_under5": 79.0 }, "geometry": { "type": "Point", "coordinates": [ 7.101642, 10.809229 ] } },
{ "type": "Feature", "properties": { "id": "S00169", "title": "Surasa", "settlement_type": "Hamlet", "ward_code": "W002", "ward_name": "Ekduru", "lga_name": "Idi-Oro", "target_population_under5": 39.0 }, "geometry": { "type": "Point", "coordinates": [ 7.103629, 10.779009 ] } },
{ "type": "Feature", "properties": { "id": "S00193", "title": "Takofa", "settlement_type": "Village", "ward_code": "W002", "ward_name": "Ekduru", "lga_name": "Idi-Oro", "target_population_under5": 48.0 }, "geometry": { "type": "Point", "coordinates": [ 7.096699, 10.780457 ] } },
{ "type": "Feature", "properties": { "id": "S00132", "title": "Tangowa-Arewa", "settlement_type": "Village", "ward_code": "W002", "ward_name": "Ekduru", "lga_name": "Idi-Oro", "target_population_under5": 109.0 }, "geometry": { "type": "Point", "coordinates": [ 7.122205, 10.726101 ] } },
{ "type": "Feature", "properties": { "id": "S00167", "title": "Umluwo", "settlement_type": "Village", "ward_code": "W002", "ward_name": "Ekduru", "lga_name": "Idi-Oro", "target_population_under5": 137.0 }, "geometry": { "type": "Point", "coordinates": [ 7.21536, 10.802698 ] } },
{ "type": "Feature", "properties": { "id": "S00211", "title": "Uzkotu", "settlement_type": "Settlement", "ward_code": "W002", "ward_name": "Ekduru", "lga_name": "Idi-Oro", "target_population_under5": 212.0 }, "geometry": { "type": "Point", "coordinates": [ 7.023185, 10.881941 ] } },
{ "type": "Feature", "properties": { "id": "S00205", "title": "Uznashi", "settlement_type": "Urban block", "ward_code": "W002", "ward_name": "Ekduru", "lga_name": "Idi-Oro", "target_population_under5": 89.0 }, "geometry": { "type": "Point", "coordinates": [ 7.078868, 10.763829 ] } },
{ "type": "Feature", "properties": { "id": "S00126", "title": "Uzshani", "settlement_type": "Hamlet", "ward_code": "W002", "ward_name": "Ekduru", "lga_name": "Idi-Oro", "target_population_under5": 38.0 }, "geometry": { "type": "Point", "coordinates": [ 7.220297, 10.799302 ] } },
{ "type": "Feature", "properties": { "id": "S00219", "title": "Uztsija", "settlement_type": "Village", "ward_code": "W002", "ward_name": "Ekduru", "lga_name": "Idi-Oro", "target_population_under5": 175.0 }, "geometry": { "type": "Point", "coordinates": [ 7.097185, 10.772972 ] } },
{ "type": "Feature", "properties": { "id": "S00204", "title": "Waluwo", "settlement_type": "Hamlet", "ward_code": "W002", "ward_name": "Ekduru", "lga_name": "Idi-Oro", "target_population_under5": 14.0 }, "geometry": { "type": "Point", "coordinates": [ 7.106608, 10.805227 ] } },
{ "type": "Feature", "properties": { "id": "S00147", "title": "Watsiyi", "settlement_type": "Hamlet", "ward_code": "W002", "ward_name": "Ekduru", "lga_name": "Idi-Oro", "target_population_under5": 49.0 }, "geometry": { "type": "Point", "coordinates": [ 7.148616, 10.744296 ] } },
{ "type": "Feature", "properties": { "id": "S00183", "title": "Wayoru-Sabo", "settlement_type": "Village", "ward_code": "W002", "ward_name": "Ekduru", "lga_name": "Idi-Oro", "target_population_under5": 221.0 }, "geometry": { "type": "Point", "coordinates": [ 7.222078, 10.774631 ] } },
{ "type": "Feature", "properties": { "id": "S00135", "title": "Yebede", "settlement_type": "Village", "ward_code": "W002", "ward_name": "Ekduru", "lga_name": "Idi-Oro", "target_population_under5": 58.0 }, "geometry": { "type": "Point", "coordinates": [ 7.072203, 10.928203 ] } },
{ "type": "Feature", "properties": { "id": "S00156", "title": "Yelata", "settlement_type": "Settlement", "ward_code": "W002", "ward_name": "Ekduru", "lga_name": "Idi-Oro", "target_population_under5": 64.0 }, "geometry": { "type": "Point", "coordinates": [ 7.12143, 10.752138 ] } },
{ "type": "Feature", "properties": { "id": "S00197", "title": "Yetiba", "settlement_type": "Village", "ward_code": "W002", "ward_name": "Ekduru", "lga_name": "Idi-Oro", "target_population_under5": 89.0 }, "geometry": { "type": "Point", "coordinates": [ 7.114434, 10.740139 ] } },
{ "type": "Feature", "properties": { "id": "S00142", "title": "Yetsina", "settlement_type": "Urban block", "ward_code": "W002", "ward_name": "Ekduru", "lga_name": "Idi-Oro", "target_population_under5": 419.0 }, "geometry": { "type": "Point", "coordinates": [ 7.088222, 10.744765 ] } },
{ "type": "Feature", "properties": { "id": "S00209", "title": "Yetsiwa-Kudu", "settlement_type": "Village", "ward_code": "W002", "ward_name": "Ekduru", "lga_name": "Idi-Oro", "target_population_under5": 369.0 }, "geometry": { "type": "Point", "coordinates": [ 7.235993, 10.786187 ] } },
{ "type": "Feature", "properties": { "id": "S00179", "title": "Yezawo", "settlement_type": "Village", "ward_code": "W002", "ward_name": "Ekduru", "lga_name": "Idi-Oro", "target_population_under5": 392.0 }, "geometry": { "type": "Point", "coordinates": [ 7.109247, 10.728116 ] } },
{ "type": "Feature", "properties": { "id": "S00122", "title": "Zajija", "settlement_type": "Village", "ward_code": "W002", "ward_name": "Ekduru", "lga_name": "Idi-Oro", "target_population_under5": 26.0 }, "geometry": { "type": "Point", "coordinates": [ 7.192763, 10.730917 ] } },
{ "type": "Feature", "properties": { "id": "S00192", "title": "Zajitu", "settlement_type": "Village", "ward_code": "W002", "ward_name": "Ekduru", "lga_name": "Idi-Oro", "target_population_under5": 94.0 }, "geometry": { "type": "Point", "coordinates": [ 7.159032, 10.784975 ] } },
{ "type": "Feature", "properties": { "id": "S00196", "title": "Zakotu-Tsakiya", "settlement_type": "Hamlet", "ward_code": "W002", "ward_name": "Ekduru", "lga_name": "Idi-Oro", "target_population_under5": 19.0 }, "geometry": { "type": "Point", "coordinates": [ 7.16566, 10.810034 ] } },
{ "type": "Feature", "properties": { "id": "S00159", "title": "Zashaja", "settlement_type": "Urban block", "ward_code": "W002", "ward_name": "Ekduru", "lga_name": "Idi-Oro", "target_population_under5": 270.0 }, "geometry": { "type": "Point", "coordinates": [ 7.092855, 10.777946 ] } },
{ "type": "Feature", "properties": { "id": "S00203", "title": "Zatija", "settlement_type": "Hamlet", "ward_code": "W002", "ward_name": "Ekduru", "lga_name": "Idi-Oro", "target_population_under5": 37.0 }, "geometry": { "type": "Point", "coordinates": [ 7.087951, 10.815011 ] } },
{ "type": "Feature", "properties": { "id": "S00181", "title": "Zayowo", "settlement_type": "Village", "ward_code": "W002", "ward_name": "Ekduru", "lga_name": "Idi-Oro", "target_population_under5": null }, "geometry": { "type": "Point", "coordinates": [ 7.180571, 10.871717 ] } },
{ "type": "Feature", "properties": { "id": "S00144", "title": "Zazashi", "settlement_type": "Village", "ward_code": "W002", "ward_name": "Ekduru", "lga_name": "Idi-Oro", "target_population_under5": 133.0 }, "geometry": { "type": "Point", "coordinates": [ 7.232992, 10.80643 ] } },
{ "type": "Feature", "properties": { "id": "S00106", "title": "Adbaru", "settlement_type": "Settlement", "ward_code": "W001", "ward_name": "Ekngoyi", "lga_name": "Idi-Oro", "target_population_under5": 68.0 }, "geometry": { "type": "Point", "coordinates": [ 7.062711, 11.042577 ] } },
{ "type": "Feature", "properties": { "id": "S00085", "title": "Adbeta", "settlement_type": "Hamlet", "ward_code": "W001", "ward_name": "Ekngoyi", "lga_name": "Idi-Oro", "target_population_under5": 22.0 }, "geometry": { "type": "Point", "coordinates": [ 7.048635, 11.073911 ] } },
{ "type": "Feature", "properties": { "id": "S00080", "title": "Adnade-Kofar", "settlement_type": "Village", "ward_code": "W001", "ward_name": "Ekngoyi", "lga_name": "Idi-Oro", "target_population_under5": 117.0 }, "geometry": { "type": "Point", "coordinates": [ 7.206952, 11.137924 ] } },
{ "type": "Feature", "properties": { "id": "S00068", "title": "Adrija-Sabo", "settlement_type": "Village", "ward_code": "W001", "ward_name": "Ekngoyi", "lga_name": "Idi-Oro", "target_population_under5": 109.0 }, "geometry": { "type": "Point", "coordinates": [ 7.032172, 11.115906 ] } },
{ "type": "Feature", "properties": { "id": "S00037", "title": "Adtsitu", "settlement_type": "Village", "ward_code": "W001", "ward_name": "Ekngoyi", "lga_name": "Idi-Oro", "target_population_under5": 300.0 }, "geometry": { "type": "Point", "coordinates": [ 7.060373, 10.991454 ] } },
{ "type": "Feature", "properties": { "id": "S00097", "title": "Agbawo", "settlement_type": "Urban block", "ward_code": "W001", "ward_name": "Ekngoyi", "lga_name": "Idi-Oro", "target_population_under5": 534.0 }, "geometry": { "type": "Point", "coordinates": [ 7.054834, 10.968352 ] } },
{ "type": "Feature", "properties": { "id": "S00092", "title": "Agtsiko-Gabas", "settlement_type": "Village", "ward_code": "W001", "ward_name": "Ekngoyi", "lga_name": "Idi-Oro", "target_population_under5": 90.0 }, "geometry": { "type": "Point", "coordinates": [ 7.159108, 11.092896 ] } },
{ "type": "Feature", "properties": { "id": "S00059", "title": "Agwako", "settlement_type": "Hamlet", "ward_code": "W001", "ward_name": "Ekngoyi", "lga_name": "Idi-Oro", "target_population_under5": 63.0 }, "geometry": { "type": "Point", "coordinates": [ 7.069533, 10.962133 ] } },
{ "type": "Feature", "properties": { "id": "S00111", "title": "Biduja-Sabo", "settlement_type": "Hamlet", "ward_code": "W001", "ward_name": "Ekngoyi", "lga_name": "Idi-Oro", "target_population_under5": 28.0 }, "geometry": { "type": "Point", "coordinates": [ 7.155659, 11.166784 ] } },
{ "type": "Feature", "properties": { "id": "S00015", "title": "Binako", "settlement_type": "Settlement", "ward_code": "W001", "ward_name": "Ekngoyi", "lga_name": "Idi-Oro", "target_population_under5": 36.0 }, "geometry": { "type": "Point", "coordinates": [ 7.102302, 11.171373 ] } },
{ "type": "Feature", "properties": { "id": "S00017", "title": "Biriyi", "settlement_type": "Urban block", "ward_code": "W001", "ward_name": "Ekngoyi", "lga_name": "Idi-Oro", "target_population_under5": 392.0 }, "geometry": { "type": "Point", "coordinates": [ 7.201269, 11.158669 ] } },
{ "type": "Feature", "properties": { "id": "S00006", "title": "Bishaja-Gabas", "settlement_type": "Hamlet", "ward_code": "W001", "ward_name": "Ekngoyi", "lga_name": "Idi-Oro", "target_population_under5": 69.0 }, "geometry": { "type": "Point", "coordinates": [ 7.114381, 11.056097 ] } },
{ "type": "Feature", "properties": { "id": "S00026", "title": "Dabedu", "settlement_type": "Hamlet", "ward_code": "W001", "ward_name": "Ekngoyi", "lga_name": "Idi-Oro", "target_population_under5": 21.0 }, "geometry": { "type": "Point", "coordinates": [ 7.168708, 11.162693 ] } },
{ "type": "Feature", "properties": { "id": "S00077", "title": "Dajisa", "settlement_type": "Village", "ward_code": "W001", "ward_name": "Ekngoyi", "lga_name": "Idi-Oro", "target_population_under5": 117.0 }, "geometry": { "type": "Point", "coordinates": [ 7.043993, 11.093838 ] } },
{ "type": "Feature", "properties": { "id": "S00042", "title": "Damako", "settlement_type": "Hamlet", "ward_code": "W001", "ward_name": "Ekngoyi", "lga_name": "Idi-Oro", "target_population_under5": 34.0 }, "geometry": { "type": "Point", "coordinates": [ 7.08705, 11.137163 ] } },
{ "type": "Feature", "properties": { "id": "S00065", "title": "Danasa", "settlement_type": "Hamlet", "ward_code": "W001", "ward_name": "Ekngoyi", "lga_name": "Idi-Oro", "target_population_under5": 39.0 }, "geometry": { "type": "Point", "coordinates": [ 7.165333, 11.164793 ] } },
{ "type": "Feature", "properties": { "id": "S00008", "title": "Danashi", "settlement_type": "Urban block", "ward_code": "W001", "ward_name": "Ekngoyi", "lga_name": "Idi-Oro", "target_population_under5": 579.0 }, "geometry": { "type": "Point", "coordinates": [ 7.161445, 11.138556 ] } },
{ "type": "Feature", "properties": { "id": "S00118", "title": "Donadu", "settlement_type": "Settlement", "ward_code": "W001", "ward_name": "Ekngoyi", "lga_name": "Idi-Oro", "target_population_under5": 92.0 }, "geometry": { "type": "Point", "coordinates": [ 7.077207, 11.035975 ] } },
{ "type": "Feature", "properties": { "id": "S00047", "title": "Dorita", "settlement_type": "Village", "ward_code": "W001", "ward_name": "Ekngoyi", "lga_name": "Idi-Oro", "target_population_under5": 122.0 }, "geometry": { "type": "Point", "coordinates": [ 7.079782, 11.133849 ] } },
{ "type": "Feature", "properties": { "id": "S00004", "title": "Dosari", "settlement_type": "Village", "ward_code": "W001", "ward_name": "Ekngoyi", "lga_name": "Idi-Oro", "target_population_under5": 96.0 }, "geometry": { "type": "Point", "coordinates": [ 7.161071, 11.093949 ] } },
{ "type": "Feature", "properties": { "id": "S00104", "title": "Dotina", "settlement_type": "Village", "ward_code": "W001", "ward_name": "Ekngoyi", "lga_name": "Idi-Oro", "target_population_under5": 77.0 }, "geometry": { "type": "Point", "coordinates": [ 7.067359, 10.966506 ] } },
{ "type": "Feature", "properties": { "id": "S00088", "title": "Ekrafa", "settlement_type": "Urban block", "ward_code": "W001", "ward_name": "Ekngoyi", "lga_name": "Idi-Oro", "target_population_under5": 1017.0 }, "geometry": { "type": "Point", "coordinates": [ 7.04016, 10.955648 ] } },
{ "type": "Feature", "properties": { "id": "S00012", "title": "Ekrari", "settlement_type": "Hamlet", "ward_code": "W001", "ward_name": "Ekngoyi", "lga_name": "Idi-Oro", "target_population_under5": 60.0 }, "geometry": { "type": "Point", "coordinates": [ 7.038673, 11.013737 ] } },
{ "type": "Feature", "properties": { "id": "S00119", "title": "Ekshani", "settlement_type": "Village", "ward_code": "W001", "ward_name": "Ekngoyi", "lga_name": "Idi-Oro", "target_population_under5": 63.0 }, "geometry": { "type": "Point", "coordinates": [ 7.049177, 11.066639 ] } },
{ "type": "Feature", "properties": { "id": "S00110", "title": "Ekyosa", "settlement_type": "Village", "ward_code": "W001", "ward_name": "Ekngoyi", "lga_name": "Idi-Oro", "target_population_under5": 54.0 }, "geometry": { "type": "Point", "coordinates": [ 7.221619, 11.129241 ] } },
{ "type": "Feature", "properties": { "id": "S00010", "title": "Enjiru", "settlement_type": "Urban block", "ward_code": "W001", "ward_name": "Ekngoyi", "lga_name": "Idi-Oro", "target_population_under5": 371.0 }, "geometry": { "type": "Point", "coordinates": [ 7.027125, 11.081613 ] } },
{ "type": "Feature", "properties": { "id": "S00116", "title": "Enriru-Kofar", "settlement_type": "Settlement", "ward_code": "W001", "ward_name": "Ekngoyi", "lga_name": "Idi-Oro", "target_population_under5": 0.0 }, "geometry": { "type": "Point", "coordinates": [ 7.033939, 11.006895 ] } },
{ "type": "Feature", "properties": { "id": "S00044", "title": "Ensama", "settlement_type": "Hamlet", "ward_code": "W001", "ward_name": "Ekngoyi", "lga_name": "Idi-Oro", "target_population_under5": 60.0 }, "geometry": { "type": "Point", "coordinates": [ 7.226328, 11.135569 ] } },
{ "type": "Feature", "properties": { "id": "S00113", "title": "Enyowa", "settlement_type": "Village", "ward_code": "W001", "ward_name": "Ekngoyi", "lga_name": "Idi-Oro", "target_population_under5": 241.0 }, "geometry": { "type": "Point", "coordinates": [ 7.083602, 10.954684 ] } },
{ "type": "Feature", "properties": { "id": "S00094", "title": "Fakoshi", "settlement_type": "Hamlet", "ward_code": "W001", "ward_name": "Ekngoyi", "lga_name": "Idi-Oro", "target_population_under5": 24.0 }, "geometry": { "type": "Point", "coordinates": [ 7.050521, 10.965321 ] } },
{ "type": "Feature", "properties": { "id": "S00084", "title": "Faluni", "settlement_type": "Village", "ward_code": "W001", "ward_name": "Ekngoyi", "lga_name": "Idi-Oro", "target_population_under5": 104.0 }, "geometry": { "type": "Point", "coordinates": [ 7.213336, 11.120874 ] } },
{ "type": "Feature", "properties": { "id": "S00060", "title": "Fanaja", "settlement_type": "Hamlet", "ward_code": "W001", "ward_name": "Ekngoyi", "lga_name": "Idi-Oro", "target_population_under5": 29.0 }, "geometry": { "type": "Point", "coordinates": [ 7.152214, 11.045123 ] } },
{ "type": "Feature", "properties": { "id": "S00019", "title": "Fasatu", "settlement_type": "Hamlet", "ward_code": "W001", "ward_name": "Ekngoyi", "lga_name": "Idi-Oro", "target_population_under5": 8.0 }, "geometry": { "type": "Point", "coordinates": [ 7.027014, 11.040046 ] } },
{ "type": "Feature", "properties": { "id": "S00075", "title": "Fashale-Kofar", "settlement_type": "Hamlet", "ward_code": "W001", "ward_name": "Ekngoyi", "lga_name": "Idi-Oro", "target_population_under5": 71.0 }, "geometry": { "type": "Point", "coordinates": [ 7.080786, 11.001601 ] } },
{ "type": "Feature", "properties": { "id": "S00114", "title": "Gubade-Tsakiya", "settlement_type": "Urban block", "ward_code": "W001", "ward_name": "Ekngoyi", "lga_name": "Idi-Oro", "target_population_under5": 316.0 }, "geometry": { "type": "Point", "coordinates": [ 7.084167, 10.9833 ] } },
{ "type": "Feature", "properties": { "id": "S00108", "title": "Guludu", "settlement_type": "Village", "ward_code": "W001", "ward_name": "Ekngoyi", "lga_name": "Idi-Oro", "target_population_under5": 78.0 }, "geometry": { "type": "Point", "coordinates": [ 7.124539, 11.125157 ] } },
{ "type": "Feature", "properties": { "id": "S00074", "title": "Guluna", "settlement_type": "Settlement", "ward_code": "W001", "ward_name": "Ekngoyi", "lga_name": "Idi-Oro", "target_population_under5": 68.0 }, "geometry": { "type": "Point", "coordinates": [ 7.189576, 11.159293 ] } },
{ "type": "Feature", "properties": { "id": "S00070", "title": "Gungoshi", "settlement_type": "Settlement", "ward_code": "W001", "ward_name": "Ekngoyi", "lga_name": "Idi-Oro", "target_population_under5": 49.0 }, "geometry": { "type": "Point", "coordinates": [ 7.207757, 11.128798 ] } },
{ "type": "Feature", "properties": { "id": "S00020", "title": "Guwami-Yamma", "settlement_type": "Urban block", "ward_code": "W001", "ward_name": "Ekngoyi", "lga_name": "Idi-Oro", "target_population_under5": 1364.0 }, "geometry": { "type": "Point", "coordinates": [ 7.065562, 11.189003 ] } },
{ "type": "Feature", "properties": { "id": "S00087", "title": "Hadema", "settlement_type": "Hamlet", "ward_code": "W001", "ward_name": "Ekngoyi", "lga_name": "Idi-Oro", "target_population_under5": 44.0 }, "geometry": { "type": "Point", "coordinates": [ 7.25334922089565, 11.039187 ] } },
{ "type": "Feature", "properties": { "id": "S00002", "title": "Haduni", "settlement_type": "Urban block", "ward_code": "W001", "ward_name": "Ekngoyi", "lga_name": "Idi-Oro", "target_population_under5": 538.0 }, "geometry": { "type": "Point", "coordinates": [ 7.150789, 11.15951 ] } },
{ "type": "Feature", "properties": { "id": "S00098", "title": "Halusa", "settlement_type": "Hamlet", "ward_code": "W001", "ward_name": "Ekngoyi", "lga_name": "Idi-Oro", "target_population_under5": 28.0 }, "geometry": { "type": "Point", "coordinates": [ 7.178503, 11.135529 ] } },
{ "type": "Feature", "properties": { "id": "S00081", "title": "Haluyi", "settlement_type": "Hamlet", "ward_code": "W001", "ward_name": "Ekngoyi", "lga_name": "Idi-Oro", "target_population_under5": 96.0 }, "geometry": { "type": "Point", "coordinates": [ 7.115158, 11.028847 ] } },
{ "type": "Feature", "properties": { "id": "S00053", "title": "Hatsiwo", "settlement_type": "Village", "ward_code": "W001", "ward_name": "Ekngoyi", "lga_name": "Idi-Oro", "target_population_under5": 126.0 }, "geometry": { "type": "Point", "coordinates": [ 7.064087, 11.055537 ] } },
{ "type": "Feature", "properties": { "id": "S00120", "title": "Hazatu", "settlement_type": "Urban block", "ward_code": "W001", "ward_name": "Ekngoyi", "lga_name": "Idi-Oro", "target_population_under5": 357.0 }, "geometry": { "type": "Point", "coordinates": [ 7.063283, 10.948909 ] } },
{ "type": "Feature", "properties": { "id": "S00023", "title": "Ibdutu", "settlement_type": "Village", "ward_code": "W001", "ward_name": "Ekngoyi", "lga_name": "Idi-Oro", "target_population_under5": 179.0 }, "geometry": { "type": "Point", "coordinates": [ 7.095255, 11.054927 ] } },
{ "type": "Feature", "properties": { "id": "S00055", "title": "Ibmaja", "settlement_type": "Village", "ward_code": "W001", "ward_name": "Ekngoyi", "lga_name": "Idi-Oro", "target_population_under5": 55.0 }, "geometry": { "type": "Point", "coordinates": [ 7.182394, 11.129532 ] } },
{ "type": "Feature", "properties": { "id": "S00056", "title": "Ibrawo", "settlement_type": "Urban block", "ward_code": "W001", "ward_name": "Ekngoyi", "lga_name": "Idi-Oro", "target_population_under5": 666.0 }, "geometry": { "type": "Point", "coordinates": [ 7.035921, 11.035611 ] } },
{ "type": "Feature", "properties": { "id": "S00112", "title": "Ibshade", "settlement_type": "Settlement", "ward_code": "W001", "ward_name": "Ekngoyi", "lga_name": "Idi-Oro", "target_population_under5": 93.0 }, "geometry": { "type": "Point", "coordinates": [ 7.12708, 11.039206 ] } },
{ "type": "Feature", "properties": { "id": "S00090", "title": "Irdema", "settlement_type": "Hamlet", "ward_code": "W001", "ward_name": "Ekngoyi", "lga_name": "Idi-Oro", "target_population_under5": 37.0 }, "geometry": { "type": "Point", "coordinates": [ 7.03894, 11.037306 ] } },
{ "type": "Feature", "properties": { "id": "S00102", "title": "Irduri", "settlement_type": "Hamlet", "ward_code": "W001", "ward_name": "Ekngoyi", "lga_name": "Idi-Oro", "target_population_under5": 38.0 }, "geometry": { "type": "Point", "coordinates": [ 7.026341, 11.077056 ] } },
{ "type": "Feature", "properties": { "id": "S00033", "title": "Irlatu-Gabas", "settlement_type": "Settlement", "ward_code": "W001", "ward_name": "Ekngoyi", "lga_name": "Idi-Oro", "target_population_under5": 31.0 }, "geometry": { "type": "Point", "coordinates": [ 7.15132, 11.049376 ] } },
{ "type": "Feature", "properties": { "id": "S00050", "title": "Irluko", "settlement_type": "Settlement", "ward_code": "W001", "ward_name": "Ekngoyi", "lga_name": "Idi-Oro", "target_population_under5": 225.0 }, "geometry": { "type": "Point", "coordinates": [ 7.219417, 11.12951 ] } },
{ "type": "Feature", "properties": { "id": "S00062", "title": "Irsadu-Sabo", "settlement_type": "Hamlet", "ward_code": "W001", "ward_name": "Ekngoyi", "lga_name": "Idi-Oro", "target_population_under5": 34.0 }, "geometry": { "type": "Point", "coordinates": [ 7.035398, 11.067 ] } },
{ "type": "Feature", "properties": { "id": "S00072", "title": "Irzatu", "settlement_type": "Urban block", "ward_code": "W001", "ward_name": "Ekngoyi", "lga_name": "Idi-Oro", "target_population_under5": 725.0 }, "geometry": { "type": "Point", "coordinates": [ 7.033982, 11.086848 ] } },
{ "type": "Feature", "properties": { "id": "S00039", "title": "Jideni", "settlement_type": "Village", "ward_code": "W001", "ward_name": "Ekngoyi", "lga_name": "Idi-Oro", "target_population_under5": 45.0 }, "geometry": { "type": "Point", "coordinates": [ 7.164716, 11.026716 ] } },
{ "type": "Feature", "properties": { "id": "S00089", "title": "Jiduja", "settlement_type": "Village", "ward_code": "W001", "ward_name": "Ekngoyi", "lga_name": "Idi-Oro", "target_population_under5": 106.0 }, "geometry": { "type": "Point", "coordinates": [ 7.132653, 11.013267 ] } },
{ "type": "Feature", "properties": { "id": "S00022", "title": "Jimawa", "settlement_type": "Village", "ward_code": "W001", "ward_name": "Ekngoyi", "lga_name": "Idi-Oro", "target_population_under5": 58.0 }, "geometry": { "type": "Point", "coordinates": [ 7.036134, 11.007819 ] } },
{ "type": "Feature", "properties": { "id": "S00034", "title": "Jitifa", "settlement_type": "Hamlet", "ward_code": "W001", "ward_name": "Ekngoyi", "lga_name": "Idi-Oro", "target_population_under5": 15.0 }, "geometry": { "type": "Point", "coordinates": [ 7.072608, 10.965498 ] } },
{ "type": "Feature", "properties": { "id": "S00049", "title": "Kadudu", "settlement_type": "Village", "ward_code": "W001", "ward_name": "Ekngoyi", "lga_name": "Idi-Oro", "target_population_under5": 184.0 }, "geometry": { "type": "Point", "coordinates": [ 7.051484, 11.104887 ] } },
{ "type": "Feature", "properties": { "id": "S00082", "title": "Kaladu", "settlement_type": "Village", "ward_code": "W001", "ward_name": "Ekngoyi", "lga_name": "Idi-Oro", "target_population_under5": 88.0 }, "geometry": { "type": "Point", "coordinates": [ 7.024104, 11.037773 ] } },
{ "type": "Feature", "properties": { "id": "S00105", "title": "Kaluja", "settlement_type": "Urban block", "ward_code": "W001", "ward_name": "Ekngoyi", "lga_name": "Idi-Oro", "target_population_under5": 381.0 }, "geometry": { "type": "Point", "coordinates": [ 7.092386, 11.102475 ] } },
{ "type": "Feature", "properties": { "id": "S00029", "title": "Kangofa", "settlement_type": "Village", "ward_code": "W001", "ward_name": "Ekngoyi", "lga_name": "Idi-Oro", "target_population_under5": 69.0 }, "geometry": { "type": "Point", "coordinates": [ 7.048351, 11.024543 ] } },
{ "type": "Feature", "properties": { "id": "S00046", "title": "Kasama-Tudun", "settlement_type": "Settlement", "ward_code": "W001", "ward_name": "Ekngoyi", "lga_name": "Idi-Oro", "target_population_under5": 31.0 }, "geometry": { "type": "Point", "coordinates": [ 7.05559, 11.09671 ] } },
{ "type": "Feature", "properties": { "id": "S00095", "title": "Kashako", "settlement_type": "Hamlet", "ward_code": "W001", "ward_name": "Ekngoyi", "lga_name": "Idi-Oro", "target_population_under5": 30.0 }, "geometry": { "type": "Point", "coordinates": [ 7.02251, 11.009713 ] } },
{ "type": "Feature", "properties": { "id": "S00051", "title": "Kulama", "settlement_type": "Village", "ward_code": "W001", "ward_name": "Ekngoyi", "lga_name": "Idi-Oro", "target_population_under5": 129.0 }, "geometry": { "type": "Point", "coordinates": [ 7.147701, 11.041319 ] } },
{ "type": "Feature", "properties": { "id": "S00011", "title": "Kushatu", "settlement_type": "Hamlet", "ward_code": "W001", "ward_name": "Ekngoyi", "lga_name": "Idi-Oro", "target_population_under5": 30.0 }, "geometry": { "type": "Point", "coordinates": [ 7.053988, 10.95665 ] } },
{ "type": "Feature", "properties": { "id": "S00093", "title": "Lobaba", "settlement_type": "Settlement", "ward_code": "W001", "ward_name": "Ekngoyi", "lga_name": "Idi-Oro", "target_population_under5": 163.0 }, "geometry": { "type": "Point", "coordinates": [ 7.135917, 11.186389 ] } },
{ "type": "Feature", "properties": { "id": "S00041", "title": "Lodule", "settlement_type": "Village", "ward_code": "W001", "ward_name": "Ekngoyi", "lga_name": "Idi-Oro", "target_population_under5": 92.0 }, "geometry": { "type": "Point", "coordinates": [ 7.060058, 11.003448 ] } },
{ "type": "Feature", "properties": { "id": "S00078", "title": "Lolale", "settlement_type": "Hamlet", "ward_code": "W001", "ward_name": "Ekngoyi", "lga_name": "Idi-Oro", "target_population_under5": 18.0 }, "geometry": { "type": "Point", "coordinates": [ 7.047479, 11.0183 ] } },
{ "type": "Feature", "properties": { "id": "S00054", "title": "Loshaja", "settlement_type": "Village", "ward_code": "W001", "ward_name": "Ekngoyi", "lga_name": "Idi-Oro", "target_population_under5": 173.0 }, "geometry": { "type": "Point", "coordinates": [ 7.078284, 11.081093 ] } },
{ "type": "Feature", "properties": { "id": "S00035", "title": "Makole-Arewa", "settlement_type": "Village", "ward_code": "W001", "ward_name": "Ekngoyi", "lga_name": "Idi-Oro", "target_population_under5": 149.0 }, "geometry": { "type": "Point", "coordinates": [ 7.1451, 11.026904 ] } },
{ "type": "Feature", "properties": { "id": "S00100", "title": "Mashasa", "settlement_type": "Village", "ward_code": "W001", "ward_name": "Ekngoyi", "lga_name": "Idi-Oro", "target_population_under5": 96.0 }, "geometry": { "type": "Point", "coordinates": [ 7.061507, 10.962902 ] } },
{ "type": "Feature", "properties": { "id": "S00024", "title": "Mashashi", "settlement_type": "Settlement", "ward_code": "W001", "ward_name": "Ekngoyi", "lga_name": "Idi-Oro", "target_population_under5": 50.0 }, "geometry": { "type": "Point", "coordinates": [ 7.151156, 11.045863 ] } },
{ "type": "Feature", "properties": { "id": "S00109", "title": "Numawa", "settlement_type": "Village", "ward_code": "W001", "ward_name": "Ekngoyi", "lga_name": "Idi-Oro", "target_population_under5": 29.0 }, "geometry": { "type": "Point", "coordinates": [ 7.157376, 11.057408 ] } },
{ "type": "Feature", "properties": { "id": "S00083", "title": "Nuwaja", "settlement_type": "Urban block", "ward_code": "W001", "ward_name": "Ekngoyi", "lga_name": "Idi-Oro", "target_population_under5": 236.0 }, "geometry": { "type": "Point", "coordinates": [ 7.107215, 10.98015 ] } },
{ "type": "Feature", "properties": { "id": "S00057", "title": "Nuwani", "settlement_type": "Urban block", "ward_code": "W001", "ward_name": "Ekngoyi", "lga_name": "Idi-Oro", "target_population_under5": 368.0 }, "geometry": { "type": "Point", "coordinates": [ 7.181389, 11.159146 ] } },
{ "type": "Feature", "properties": { "id": "S00096", "title": "Okkotu", "settlement_type": "Urban block", "ward_code": "W001", "ward_name": "Ekngoyi", "lga_name": "Idi-Oro", "target_population_under5": 868.0 }, "geometry": { "type": "Point", "coordinates": [ 7.04953, 11.052846 ] } },
{ "type": "Feature", "properties": { "id": "S00032", "title": "Okmaba", "settlement_type": "Village", "ward_code": "W001", "ward_name": "Ekngoyi", "lga_name": "Idi-Oro", "target_population_under5": 108.0 }, "geometry": { "type": "Point", "coordinates": [ 7.049927, 11.056509 ] } },
{ "type": "Feature", "properties": { "id": "S00021", "title": "Okmata-Sabo", "settlement_type": "Village", "ward_code": "W001", "ward_name": "Ekngoyi", "lga_name": "Idi-Oro", "target_population_under5": 246.0 }, "geometry": { "type": "Point", "coordinates": [ 7.117315, 11.078677 ] } },
{ "type": "Feature", "properties": { "id": "S00115", "title": "Okngowa", "settlement_type": "Village", "ward_code": "W001", "ward_name": "Ekngoyi", "lga_name": "Idi-Oro", "target_population_under5": 54.0 }, "geometry": { "type": "Point", "coordinates": [ 7.146778, 11.043354 ] } },
{ "type": "Feature", "properties": { "id": "S00064", "title": "Okwadu", "settlement_type": "Village", "ward_code": "W001", "ward_name": "Ekngoyi", "lga_name": "Idi-Oro", "target_population_under5": 143.0 }, "geometry": { "type": "Point", "coordinates": [ 7.038256, 10.949531 ] } },
{ "type": "Feature", "properties": { "id": "S00086", "title": "Ollale", "settlement_type": "Urban block", "ward_code": "W001", "ward_name": "Ekngoyi", "lga_name": "Idi-Oro", "target_population_under5": 427.0 }, "geometry": { "type": "Point", "coordinates": [ 7.05126, 11.062528 ] } },
{ "type": "Feature", "properties": { "id": "S00018", "title": "Oltiko", "settlement_type": "Settlement", "ward_code": "W001", "ward_name": "Ekngoyi", "lga_name": "Idi-Oro", "target_population_under5": 107.0 }, "geometry": { "type": "Point", "coordinates": [ 7.197939, 11.099233 ] } },
{ "type": "Feature", "properties": { "id": "S00099", "title": "Ribeni", "settlement_type": "Village", "ward_code": "W001", "ward_name": "Ekngoyi", "lga_name": "Idi-Oro", "target_population_under5": 63.0 }, "geometry": { "type": "Point", "coordinates": [ 7.05907, 10.958079 ] } },
{ "type": "Feature", "properties": { "id": "S00036", "title": "Ridewo-Gabas", "settlement_type": "Settlement", "ward_code": "W001", "ward_name": "Ekngoyi", "lga_name": "Idi-Oro", "target_population_under5": 115.0 }, "geometry": { "type": "Point", "coordinates": [ 7.042721, 11.073816 ] } },
{ "type": "Feature", "properties": { "id": "S00063", "title": "Ringowa", "settlement_type": "Urban block", "ward_code": "W001", "ward_name": "Ekngoyi", "lga_name": "Idi-Oro", "target_population_under5": 137.0 }, "geometry": { "type": "Point", "coordinates": [ 7.174387, 11.04608 ] } },
{ "type": "Feature", "properties": { "id": "S00027", "title": "Riwayi", "settlement_type": "Village", "ward_code": "W001", "ward_name": "Ekngoyi", "lga_name": "Idi-Oro", "target_population_under5": 101.0 }, "geometry": { "type": "Point", "coordinates": [ 7.030036, 11.087616 ] } },
{ "type": "Feature", "properties": { "id": "S00073", "title": "Riyoma-Gabas", "settlement_type": "Urban block", "ward_code": "W001", "ward_name": "Ekngoyi", "lga_name": "Idi-Oro", "target_population_under5": 369.0 }, "geometry": { "type": "Point", "coordinates": [ 7.01783, 11.003108 ] } },
{ "type": "Feature", "properties": { "id": "S00013", "title": "Rizadu", "settlement_type": "Village", "ward_code": "W001", "ward_name": "Ekngoyi", "lga_name": "Idi-Oro", "target_population_under5": 150.0 }, "geometry": { "type": "Point", "coordinates": [ 7.039114, 11.017934 ] } },
{ "type": "Feature", "properties": { "id": "S00091", "title": "Saluru", "settlement_type": "Village", "ward_code": "W001", "ward_name": "Ekngoyi", "lga_name": "Idi-Oro", "target_population_under5": 36.0 }, "geometry": { "type": "Point", "coordinates": [ 7.117245, 11.019985 ] } },
{ "type": "Feature", "properties": { "id": "S00117", "title": "Sarade", "settlement_type": "Village", "ward_code": "W001", "ward_name": "Ekngoyi", "lga_name": "Idi-Oro", "target_population_under5": 110.0 }, "geometry": { "type": "Point", "coordinates": [ 7.189771, 11.142535 ] } },
{ "type": "Feature", "properties": { "id": "S00067", "title": "Sayowa", "settlement_type": "Hamlet", "ward_code": "W001", "ward_name": "Ekngoyi", "lga_name": "Idi-Oro", "target_population_under5": 29.0 }, "geometry": { "type": "Point", "coordinates": [ 7.054602, 11.021144 ] } },
{ "type": "Feature", "properties": { "id": "S00040", "title": "Sazafa", "settlement_type": "Urban block", "ward_code": "W001", "ward_name": "Ekngoyi", "lga_name": "Idi-Oro", "target_population_under5": 171.0 }, "geometry": { "type": "Point", "coordinates": [ 7.023837, 11.057645 ] } },
{ "type": "Feature", "properties": { "id": "S00101", "title": "Suludu-Arewa", "settlement_type": "Urban block", "ward_code": "W001", "ward_name": "Ekngoyi", "lga_name": "Idi-Oro", "target_population_under5": 495.0 }, "geometry": { "type": "Point", "coordinates": [ 7.163585, 11.015249 ] } },
{ "type": "Feature", "properties": { "id": "S00001", "title": "Surawa", "settlement_type": "Village", "ward_code": "W001", "ward_name": "Ekngoyi", "lga_name": "Idi-Oro", "target_population_under5": 145.0 }, "geometry": { "type": "Point", "coordinates": [ 7.166551, 11.173847 ] } },
{ "type": "Feature", "properties": { "id": "S00030", "title": "Suriru", "settlement_type": "Hamlet", "ward_code": "W001", "ward_name": "Ekngoyi", "lga_name": "Idi-Oro", "target_population_under5": 22.0 }, "geometry": { "type": "Point", "coordinates": [ 7.070925, 11.029547 ] } },
{ "type": "Feature", "properties": { "id": "S00071", "title": "Sutiwo", "settlement_type": "Village", "ward_code": "W001", "ward_name": "Ekngoyi", "lga_name": "Idi-Oro", "target_population_under5": 177.0 }, "geometry": { "type": "Point", "coordinates": [ 7.17708, 11.098781 ] } },
{ "type": "Feature", "properties": { "id": "S00048", "title": "Taduri", "settlement_type": "Village", "ward_code": "W001", "ward_name": "Ekngoyi", "lga_name": "Idi-Oro", "target_population_under5": 126.0 }, "geometry": { "type": "Point", "coordinates": [ 7.038087, 11.046953 ] } },
{ "type": "Feature", "properties": { "id": "S00076", "title": "Tarani", "settlement_type": "Urban block", "ward_code": "W001", "ward_name": "Ekngoyi", "lga_name": "Idi-Oro", "target_population_under5": 423.0 }, "geometry": { "type": "Point", "coordinates": [ 7.040814, 10.965418 ] } },
{ "type": "Feature", "properties": { "id": "S00066", "title": "Tararu-Gabas", "settlement_type": "Urban block", "ward_code": "W001", "ward_name": "Ekngoyi", "lga_name": "Idi-Oro", "target_population_under5": 364.0 }, "geometry": { "type": "Point", "coordinates": [ 7.044654, 11.096985 ] } },
{ "type": "Feature", "properties": { "id": "S00043", "title": "Taritu", "settlement_type": "Village", "ward_code": "W001", "ward_name": "Ekngoyi", "lga_name": "Idi-Oro", "target_population_under5": 188.0 }, "geometry": { "type": "Point", "coordinates": [ 7.171422, 11.156388 ] } },
{ "type": "Feature", "properties": { "id": "S00052", "title": "Tasama", "settlement_type": "Village", "ward_code": "W001", "ward_name": "Ekngoyi", "lga_name": "Idi-Oro", "target_population_under5": 99.0 }, "geometry": { "type": "Point", "coordinates": [ 7.171142, 11.129894 ] } },
{ "type": "Feature", "properties": { "id": "S00103", "title": "Tashade-Kudu", "settlement_type": "Hamlet", "ward_code": "W001", "ward_name": "Ekngoyi", "lga_name": "Idi-Oro", "target_population_under5": 48.0 }, "geometry": { "type": "Point", "coordinates": [ 7.14436, 11.192285 ] } },
{ "type": "Feature", "properties": { "id": "S00058", "title": "Umratu", "settlement_type": "Village", "ward_code": "W001", "ward_name": "Ekngoyi", "lga_name": "Idi-Oro", "target_population_under5": 166.0 }, "geometry": { "type": "Point", "coordinates": [ 7.079446, 11.047238 ] } },
{ "type": "Feature", "properties": { "id": "S00038", "title": "Umsayi", "settlement_type": "Village", "ward_code": "W001", "ward_name": "Ekngoyi", "lga_name": "Idi-Oro", "target_population_under5": 157.0 }, "geometry": { "type": "Point", "coordinates": [ 7.041015, 11.026213 ] } },
{ "type": "Feature", "properties": { "id": "S00016", "title": "Umzashi", "settlement_type": "Urban block", "ward_code": "W001", "ward_name": "Ekngoyi", "lga_name": "Idi-Oro", "target_population_under5": 344.0 }, "geometry": { "type": "Point", "coordinates": [ 7.14658, 11.006795 ] } },
{ "type": "Feature", "properties": { "id": "S00045", "title": "Uzbena", "settlement_type": "Village", "ward_code": "W001", "ward_name": "Ekngoyi", "lga_name": "Idi-Oro", "target_population_under5": 286.0 }, "geometry": { "type": "Point", "coordinates": [ 7.063746, 11.08566 ] } },
{ "type": "Feature", "properties": { "id": "S00007", "title": "Uzduma", "settlement_type": "Urban block", "ward_code": "W001", "ward_name": "Ekngoyi", "lga_name": "Idi-Oro", "target_population_under5": 378.0 }, "geometry": { "type": "Point", "coordinates": [ 7.192986, 11.161636 ] } },
{ "type": "Feature", "properties": { "id": "S00009", "title": "Uzrita", "settlement_type": "Hamlet", "ward_code": "W001", "ward_name": "Ekngoyi", "lga_name": "Idi-Oro", "target_population_under5": 58.0 }, "geometry": { "type": "Point", "coordinates": [ 7.146177, 11.171176 ] } },
{ "type": "Feature", "properties": { "id": "S00005", "title": "Wabade", "settlement_type": "Village", "ward_code": "W001", "ward_name": "Ekngoyi", "lga_name": "Idi-Oro", "target_population_under5": 62.0 }, "geometry": { "type": "Point", "coordinates": [ 7.097021, 11.009781 ] } },
{ "type": "Feature", "properties": { "id": "S00025", "title": "Wamade", "settlement_type": "Village", "ward_code": "W001", "ward_name": "Ekngoyi", "lga_name": "Idi-Oro", "target_population_under5": 121.0 }, "geometry": { "type": "Point", "coordinates": [ 7.042614, 10.953771 ] } },
{ "type": "Feature", "properties": { "id": "S00031", "title": "Wamako", "settlement_type": "Urban block", "ward_code": "W001", "ward_name": "Ekngoyi", "lga_name": "Idi-Oro", "target_population_under5": 301.0 }, "geometry": { "type": "Point", "coordinates": [ 7.037446, 10.955953 ] } },
{ "type": "Feature", "properties": { "id": "S00079", "title": "Warana", "settlement_type": "Hamlet", "ward_code": "W001", "ward_name": "Ekngoyi", "lga_name": "Idi-Oro", "target_population_under5": 11.0 }, "geometry": { "type": "Point", "coordinates": [ 7.060873, 10.997459 ] } },
{ "type": "Feature", "properties": { "id": "S00003", "title": "Watiru", "settlement_type": "Hamlet", "ward_code": "W001", "ward_name": "Ekngoyi", "lga_name": "Idi-Oro", "target_population_under5": 61.0 }, "geometry": { "type": "Point", "coordinates": [ 7.064421, 11.019136 ] } },
{ "type": "Feature", "properties": { "id": "S00107", "title": "Wawatu", "settlement_type": "Urban block", "ward_code": "W001", "ward_name": "Ekngoyi", "lga_name": "Idi-Oro", "target_population_under5": 516.0 }, "geometry": { "type": "Point", "coordinates": [ 7.14365, 11.051228 ] } },
{ "type": "Feature", "properties": { "id": "S00028", "title": "Yerifa", "settlement_type": "Settlement", "ward_code": "W001", "ward_name": "Ekngoyi", "lga_name": "Idi-Oro", "target_population_under5": 104.0 }, "geometry": { "type": "Point", "coordinates": [ 7.147323, 11.040776 ] } },
{ "type": "Feature", "properties": { "id": "S00069", "title": "Zakole-Arewa", "settlement_type": "Urban block", "ward_code": "W001", "ward_name": "Ekngoyi", "lga_name": "Idi-Oro", "target_population_under5": 494.0 }, "geometry": { "type": "Point", "coordinates": [ 7.024625, 11.021364 ] } },
{ "type": "Feature", "properties": { "id": "S00014", "title": "Zasafa", "settlement_type": "Urban block", "ward_code": "W001", "ward_name": "Ekngoyi", "lga_name": "Idi-Oro", "target_population_under5": 324.0 }, "geometry": { "type": "Point", "coordinates": [ 7.147327, 11.206474 ] } },
{ "type": "Feature", "properties": { "id": "S00061", "title": "Zawatu", "settlement_type": "Hamlet", "ward_code": "W001", "ward_name": "Ekngoyi", "lga_name": "Idi-Oro", "target_population_under5": 12.0 }, "geometry": { "type": "Point", "coordinates": [ 7.033282, 11.09712 ] } },
{ "type": "Feature", "properties": { "id": "S01460", "title": "Adngoba", "settlement_type": "Village", "ward_code": "W020", "ward_name": "Famade", "lga_name": "Idi-Oro", "target_population_under5": 47.0 }, "geometry": { "type": "Point", "coordinates": [ 7.75221, 11.166326 ] } },
{ "type": "Feature", "properties": { "id": "S01509", "title": "Agmasa", "settlement_type": "Village", "ward_code": "W020", "ward_name": "Famade", "lga_name": "Idi-Oro", "target_population_under5": 163.0 }, "geometry": { "type": "Point", "coordinates": [ 7.716298, 11.142481 ] } },
{ "type": "Feature", "properties": { "id": "S01473", "title": "Agmawa", "settlement_type": "Hamlet", "ward_code": "W020", "ward_name": "Famade", "lga_name": "Idi-Oro", "target_population_under5": 63.0 }, "geometry": { "type": "Point", "coordinates": [ 7.60247, 11.077278 ] } },
{ "type": "Feature", "properties": { "id": "S01431", "title": "Agzaba", "settlement_type": "Village", "ward_code": "W020", "ward_name": "Famade", "lga_name": "Idi-Oro", "target_population_under5": 33.0 }, "geometry": { "type": "Point", "coordinates": [ 7.722511, 11.121426 ] } },
{ "type": "Feature", "properties": { "id": "S01494", "title": "Bikoyi", "settlement_type": "Village", "ward_code": "W020", "ward_name": "Famade", "lga_name": "Idi-Oro", "target_population_under5": 76.0 }, "geometry": { "type": "Point", "coordinates": [ 7.730641, 11.164245 ] } },
{ "type": "Feature", "properties": { "id": "S01453", "title": "Bingoyi", "settlement_type": "Urban block", "ward_code": "W020", "ward_name": "Famade", "lga_name": "Idi-Oro", "target_population_under5": 248.0 }, "geometry": { "type": "Point", "coordinates": [ 7.645337, 11.059431 ] } },
{ "type": "Feature", "properties": { "id": "S01512", "title": "Bisaru", "settlement_type": "Urban block", "ward_code": "W020", "ward_name": "Famade", "lga_name": "Idi-Oro", "target_population_under5": 433.0 }, "geometry": { "type": "Point", "coordinates": [ 7.739303, 11.13727 ] } },
{ "type": "Feature", "properties": { "id": "S01490", "title": "Biyoba", "settlement_type": "Urban block", "ward_code": "W020", "ward_name": "Famade", "lga_name": "Idi-Oro", "target_population_under5": 318.0 }, "geometry": { "type": "Point", "coordinates": [ 7.579126, 11.095708 ] } },
{ "type": "Feature", "properties": { "id": "S01501", "title": "Dabeba", "settlement_type": "Village", "ward_code": "W020", "ward_name": "Famade", "lga_name": "Idi-Oro", "target_population_under5": 71.0 }, "geometry": { "type": "Point", "coordinates": [ 7.728702, 11.125533 ] } },
{ "type": "Feature", "properties": { "id": "S01429", "title": "Darana-Arewa", "settlement_type": "Hamlet", "ward_code": "W020", "ward_name": "Famade", "lga_name": "Idi-Oro", "target_population_under5": 21.0 }, "geometry": { "type": "Point", "coordinates": [ 7.676089, 11.119627 ] } },
{ "type": "Feature", "properties": { "id": "S01481", "title": "Domade-Yamma", "settlement_type": "Village", "ward_code": "W020", "ward_name": "Famade", "lga_name": "Idi-Oro", "target_population_under5": 89.0 }, "geometry": { "type": "Point", "coordinates": [ 7.598608, 11.088889 ] } },
{ "type": "Feature", "properties": { "id": "S01506", "title": "Enjisa", "settlement_type": "Village", "ward_code": "W020", "ward_name": "Famade", "lga_name": "Idi-Oro", "target_population_under5": 66.0 }, "geometry": { "type": "Point", "coordinates": [ 7.733383, 11.174759 ] } },
{ "type": "Feature", "properties": { "id": "S01425", "title": "Ensaba", "settlement_type": "Village", "ward_code": "W020", "ward_name": "Famade", "lga_name": "Idi-Oro", "target_population_under5": 176.0 }, "geometry": { "type": "Point", "coordinates": [ 7.583888, 11.084425 ] } },
{ "type": "Feature", "properties": { "id": "S01467", "title": "Gukori", "settlement_type": "Hamlet", "ward_code": "W020", "ward_name": "Famade", "lga_name": "Idi-Oro", "target_population_under5": 63.0 }, "geometry": { "type": "Point", "coordinates": [ 7.724386, 11.163464 ] } },
{ "type": "Feature", "properties": { "id": "S01448", "title": "Gumawa", "settlement_type": "Hamlet", "ward_code": "W020", "ward_name": "Famade", "lga_name": "Idi-Oro", "target_population_under5": 18.0 }, "geometry": { "type": "Point", "coordinates": [ 7.720671, 11.154281 ] } },
{ "type": "Feature", "properties": { "id": "S01443", "title": "Gusade-Kofar", "settlement_type": "Village", "ward_code": "W020", "ward_name": "Famade", "lga_name": "Idi-Oro", "target_population_under5": 291.0 }, "geometry": { "type": "Point", "coordinates": [ 7.587953, 11.054854 ] } },
{ "type": "Feature", "properties": { "id": "S01464", "title": "Hajidu", "settlement_type": "Hamlet", "ward_code": "W020", "ward_name": "Famade", "lga_name": "Idi-Oro", "target_population_under5": 23.0 }, "geometry": { "type": "Point", "coordinates": [ 7.762662, 11.182175 ] } },
{ "type": "Feature", "properties": { "id": "S01447", "title": "Halata", "settlement_type": "Village", "ward_code": "W020", "ward_name": "Famade", "lga_name": "Idi-Oro", "target_population_under5": 54.0 }, "geometry": { "type": "Point", "coordinates": [ 7.710018, 11.120487 ] } },
{ "type": "Feature", "properties": { "id": "S01477", "title": "Hamako-Kofar", "settlement_type": "Village", "ward_code": "W020", "ward_name": "Famade", "lga_name": "Idi-Oro", "target_population_under5": 74.0 }, "geometry": { "type": "Point", "coordinates": [ 7.730583, 11.149755 ] } },
{ "type": "Feature", "properties": { "id": "S01480", "title": "Hasale", "settlement_type": "Urban block", "ward_code": "W020", "ward_name": "Famade", "lga_name": "Idi-Oro", "target_population_under5": 475.0 }, "geometry": { "type": "Point", "coordinates": [ 7.704134, 11.163403 ] } },
{ "type": "Feature", "properties": { "id": "S01463", "title": "Hayole", "settlement_type": "Village", "ward_code": "W020", "ward_name": "Famade", "lga_name": "Idi-Oro", "target_population_under5": 101.0 }, "geometry": { "type": "Point", "coordinates": [ 7.682647, 11.155914 ] } },
{ "type": "Feature", "properties": { "id": "S01424", "title": "Ibbasa", "settlement_type": "Village", "ward_code": "W020", "ward_name": "Famade", "lga_name": "Idi-Oro", "target_population_under5": 132.0 }, "geometry": { "type": "Point", "coordinates": [ 7.549404, 11.119672 ] } },
{ "type": "Feature", "properties": { "id": "S01438", "title": "Ibwadu", "settlement_type": "Settlement", "ward_code": "W020", "ward_name": "Famade", "lga_name": "Idi-Oro", "target_population_under5": 71.0 }, "geometry": { "type": "Point", "coordinates": [ 7.722813, 11.148319 ] } },
{ "type": "Feature", "properties": { "id": "S01475", "title": "Ibwaja", "settlement_type": "Village", "ward_code": "W020", "ward_name": "Famade", "lga_name": "Idi-Oro", "target_population_under5": 72.0 }, "geometry": { "type": "Point", "coordinates": [ 7.5975, 11.053939 ] } },
{ "type": "Feature", "properties": { "id": "S01436", "title": "Ibyosa", "settlement_type": "Hamlet", "ward_code": "W020", "ward_name": "Famade", "lga_name": "Idi-Oro", "target_population_under5": 104.0 }, "geometry": { "type": "Point", "coordinates": [ 7.737007, 11.144667 ] } },
{ "type": "Feature", "properties": { "id": "S01508", "title": "Irjitu", "settlement_type": "Hamlet", "ward_code": "W020", "ward_name": "Famade", "lga_name": "Idi-Oro", "target_population_under5": 26.0 }, "geometry": { "type": "Point", "coordinates": [ 7.710711, 11.178903 ] } },
{ "type": "Feature", "properties": { "id": "S01458", "title": "Irshani", "settlement_type": "Settlement", "ward_code": "W020", "ward_name": "Famade", "lga_name": "Idi-Oro", "target_population_under5": 30.0 }, "geometry": { "type": "Point", "coordinates": [ 7.694159, 11.150454 ] } },
{ "type": "Feature", "properties": { "id": "S01483", "title": "Irtsishi", "settlement_type": "Village", "ward_code": "W020", "ward_name": "Famade", "lga_name": "Idi-Oro", "target_population_under5": 179.0 }, "geometry": { "type": "Point", "coordinates": [ 7.551658, 11.128073 ] } },
{ "type": "Feature", "properties": { "id": "S01440", "title": "Jidudu", "settlement_type": "Hamlet", "ward_code": "W020", "ward_name": "Famade", "lga_name": "Idi-Oro", "target_population_under5": 69.0 }, "geometry": { "type": "Point", "coordinates": [ 7.585645, 11.073824 ] } },
{ "type": "Feature", "properties": { "id": "S01432", "title": "Jiradu", "settlement_type": "Urban block", "ward_code": "W020", "ward_name": "Famade", "lga_name": "Idi-Oro", "target_population_under5": 617.0 }, "geometry": { "type": "Point", "coordinates": [ 7.620768, 11.095678 ] } },
{ "type": "Feature", "properties": { "id": "S01486", "title": "Jirale", "settlement_type": "Urban block", "ward_code": "W020", "ward_name": "Famade", "lga_name": "Idi-Oro", "target_population_under5": 177.0 }, "geometry": { "type": "Point", "coordinates": [ 7.730104, 11.150785 ] } },
{ "type": "Feature", "properties": { "id": "S01497", "title": "Jisafa", "settlement_type": "Settlement", "ward_code": "W020", "ward_name": "Famade", "lga_name": "Idi-Oro", "target_population_under5": 91.0 }, "geometry": { "type": "Point", "coordinates": [ 7.697054, 11.179326 ] } },
{ "type": "Feature", "properties": { "id": "S01449", "title": "Jiwako", "settlement_type": "Village", "ward_code": "W020", "ward_name": "Famade", "lga_name": "Idi-Oro", "target_population_under5": 163.0 }, "geometry": { "type": "Point", "coordinates": [ 7.635391, 11.195146 ] } },
{ "type": "Feature", "properties": { "id": "S01433", "title": "Jiwatu", "settlement_type": "Village", "ward_code": "W020", "ward_name": "Famade", "lga_name": "Idi-Oro", "target_population_under5": 96.0 }, "geometry": { "type": "Point", "coordinates": [ 7.587064, 11.149833 ] } },
{ "type": "Feature", "properties": { "id": "S01489", "title": "Kaludu-Sabo", "settlement_type": "Village", "ward_code": "W020", "ward_name": "Famade", "lga_name": "Idi-Oro", "target_population_under5": 95.0 }, "geometry": { "type": "Point", "coordinates": [ 7.696743, 11.137312 ] } },
{ "type": "Feature", "properties": { "id": "S01442", "title": "Kaluyi", "settlement_type": "Hamlet", "ward_code": "W020", "ward_name": "Famade", "lga_name": "Idi-Oro", "target_population_under5": 50.0 }, "geometry": { "type": "Point", "coordinates": [ 7.736016, 11.154513 ] } },
{ "type": "Feature", "properties": { "id": "S01472", "title": "Kashashi-Gabas", "settlement_type": "Hamlet", "ward_code": "W020", "ward_name": "Famade", "lga_name": "Idi-Oro", "target_population_under5": 6.0 }, "geometry": { "type": "Point", "coordinates": [ 7.754034, 11.151403 ] } },
{ "type": "Feature", "properties": { "id": "S01435", "title": "Kudena", "settlement_type": "Village", "ward_code": "W020", "ward_name": "Famade", "lga_name": "Idi-Oro", "target_population_under5": 76.0 }, "geometry": { "type": "Point", "coordinates": [ 7.640704, 11.079525 ] } },
{ "type": "Feature", "properties": { "id": "S01456", "title": "Kujidu-Kofar", "settlement_type": "Village", "ward_code": "W020", "ward_name": "Famade", "lga_name": "Idi-Oro", "target_population_under5": 42.0 }, "geometry": { "type": "Point", "coordinates": [ 7.717364, 11.118823 ] } },
{ "type": "Feature", "properties": { "id": "S01493", "title": "Kukoru", "settlement_type": "Urban block", "ward_code": "W020", "ward_name": "Famade", "lga_name": "Idi-Oro", "target_population_under5": 147.0 }, "geometry": { "type": "Point", "coordinates": [ 7.700037, 11.157931 ] } },
{ "type": "Feature", "properties": { "id": "S01470", "title": "Lobale", "settlement_type": "Settlement", "ward_code": "W020", "ward_name": "Famade", "lga_name": "Idi-Oro", "target_population_under5": 44.0 }, "geometry": { "type": "Point", "coordinates": [ 7.720615, 11.161519 ] } },
{ "type": "Feature", "properties": { "id": "S01510", "title": "Lodushi", "settlement_type": "Village", "ward_code": "W020", "ward_name": "Famade", "lga_name": "Idi-Oro", "target_population_under5": 289.0 }, "geometry": { "type": "Point", "coordinates": [ 7.725146, 11.166651 ] } },
{ "type": "Feature", "properties": { "id": "S01451", "title": "Lojini-Tsakiya", "settlement_type": "Urban block", "ward_code": "W020", "ward_name": "Famade", "lga_name": "Idi-Oro", "target_population_under5": 262.0 }, "geometry": { "type": "Point", "coordinates": [ 7.757689, 11.187742 ] } },
{ "type": "Feature", "properties": { "id": "S01441", "title": "Lolako", "settlement_type": "Village", "ward_code": "W020", "ward_name": "Famade", "lga_name": "Idi-Oro", "target_population_under5": 167.0 }, "geometry": { "type": "Point", "coordinates": [ 7.711207, 11.149805 ] } },
{ "type": "Feature", "properties": { "id": "S01428", "title": "Mabema", "settlement_type": "Hamlet", "ward_code": "W020", "ward_name": "Famade", "lga_name": "Idi-Oro", "target_population_under5": 22.0 }, "geometry": { "type": "Point", "coordinates": [ 7.719464, 11.132187 ] } },
{ "type": "Feature", "properties": { "id": "S01452", "title": "Mamadu", "settlement_type": "Hamlet", "ward_code": "W020", "ward_name": "Famade", "lga_name": "Idi-Oro", "target_population_under5": 34.0 }, "geometry": { "type": "Point", "coordinates": [ 7.642605, 11.085844 ] } },
{ "type": "Feature", "properties": { "id": "S01505", "title": "Matsiko", "settlement_type": "Village", "ward_code": "W020", "ward_name": "Famade", "lga_name": "Idi-Oro", "target_population_under5": 141.0 }, "geometry": { "type": "Point", "coordinates": [ 7.711668, 11.163806 ] } },
{ "type": "Feature", "properties": { "id": "S01504", "title": "Nurima-Yamma", "settlement_type": "Hamlet", "ward_code": "W020", "ward_name": "Famade", "lga_name": "Idi-Oro", "target_population_under5": 48.0 }, "geometry": { "type": "Point", "coordinates": [ 7.706949, 11.156812 ] } },
{ "type": "Feature", "properties": { "id": "S01502", "title": "Nusade", "settlement_type": "Urban block", "ward_code": "W020", "ward_name": "Famade", "lga_name": "Idi-Oro", "target_population_under5": 405.0 }, "geometry": { "type": "Point", "coordinates": [ 7.697545, 11.147116 ] } },
{ "type": "Feature", "properties": { "id": "S01474", "title": "Nusale", "settlement_type": "Hamlet", "ward_code": "W020", "ward_name": "Famade", "lga_name": "Idi-Oro", "target_population_under5": 50.0 }, "geometry": { "type": "Point", "coordinates": [ 7.686951, 11.179084 ] } },
{ "type": "Feature", "properties": { "id": "S01485", "title": "Nushaja", "settlement_type": "Urban block", "ward_code": "W020", "ward_name": "Famade", "lga_name": "Idi-Oro", "target_population_under5": null }, "geometry": { "type": "Point", "coordinates": [ 7.600347, 11.108804 ] } },
{ "type": "Feature", "properties": { "id": "S01465", "title": "Nutiri", "settlement_type": "Hamlet", "ward_code": "W020", "ward_name": "Famade", "lga_name": "Idi-Oro", "target_population_under5": 45.0 }, "geometry": { "type": "Point", "coordinates": [ 7.697575, 11.072173 ] } },
{ "type": "Feature", "properties": { "id": "S01495", "title": "Okmayi", "settlement_type": "Village", "ward_code": "W020", "ward_name": "Famade", "lga_name": "Idi-Oro", "target_population_under5": 52.0 }, "geometry": { "type": "Point", "coordinates": [ 7.601701, 11.143552 ] } },
{ "type": "Feature", "properties": { "id": "S01511", "title": "Oknani", "settlement_type": "Settlement", "ward_code": "W020", "ward_name": "Famade", "lga_name": "Idi-Oro", "target_population_under5": 45.0 }, "geometry": { "type": "Point", "coordinates": [ 7.682918, 11.184898 ] } },
{ "type": "Feature", "properties": { "id": "S01466", "title": "Olmata", "settlement_type": "Village", "ward_code": "W020", "ward_name": "Famade", "lga_name": "Idi-Oro", "target_population_under5": 85.0 }, "geometry": { "type": "Point", "coordinates": [ 7.705961, 11.158877 ] } },
{ "type": "Feature", "properties": { "id": "S01479", "title": "Risani-Gabas", "settlement_type": "Urban block", "ward_code": "W020", "ward_name": "Famade", "lga_name": "Idi-Oro", "target_population_under5": 458.0 }, "geometry": { "type": "Point", "coordinates": [ 7.612015, 11.080194 ] } },
{ "type": "Feature", "properties": { "id": "S01488", "title": "Sabawo", "settlement_type": "Village", "ward_code": "W020", "ward_name": "Famade", "lga_name": "Idi-Oro", "target_population_under5": 204.0 }, "geometry": { "type": "Point", "coordinates": [ 7.678044, 11.139258 ] } },
{ "type": "Feature", "properties": { "id": "S01450", "title": "Sabewo-Gabas", "settlement_type": "Urban block", "ward_code": "W020", "ward_name": "Famade", "lga_name": "Idi-Oro", "target_population_under5": 1036.0 }, "geometry": { "type": "Point", "coordinates": [ 7.698592, 11.144091 ] } },
{ "type": "Feature", "properties": { "id": "S01496", "title": "Sabeyi", "settlement_type": "Village", "ward_code": "W020", "ward_name": "Famade", "lga_name": "Idi-Oro", "target_population_under5": 99.0 }, "geometry": { "type": "Point", "coordinates": [ 7.727791, 11.215979 ] } },
{ "type": "Feature", "properties": { "id": "S01482", "title": "Saduma", "settlement_type": "Urban block", "ward_code": "W020", "ward_name": "Famade", "lga_name": "Idi-Oro", "target_population_under5": 307.0 }, "geometry": { "type": "Point", "coordinates": [ 7.766572, 11.133067 ] } },
{ "type": "Feature", "properties": { "id": "S01437", "title": "Sanami", "settlement_type": "Hamlet", "ward_code": "W020", "ward_name": "Famade", "lga_name": "Idi-Oro", "target_population_under5": 11.0 }, "geometry": { "type": "Point", "coordinates": [ 7.675213, 11.084507 ] } },
{ "type": "Feature", "properties": { "id": "S01487", "title": "Sayoba-Kofar", "settlement_type": "Village", "ward_code": "W020", "ward_name": "Famade", "lga_name": "Idi-Oro", "target_population_under5": 82.0 }, "geometry": { "type": "Point", "coordinates": [ 7.633072, 11.073341 ] } },
{ "type": "Feature", "properties": { "id": "S01471", "title": "Sazami-Yamma", "settlement_type": "Hamlet", "ward_code": "W020", "ward_name": "Famade", "lga_name": "Idi-Oro", "target_population_under5": 35.0 }, "geometry": { "type": "Point", "coordinates": [ 7.733613, 11.124923 ] } },
{ "type": "Feature", "properties": { "id": "S01434", "title": "Sudeja-Tsakiya", "settlement_type": "Urban block", "ward_code": "W020", "ward_name": "Famade", "lga_name": "Idi-Oro", "target_population_under5": 330.0 }, "geometry": { "type": "Point", "coordinates": [ 7.728778, 11.13206 ] } },
{ "type": "Feature", "properties": { "id": "S01439", "title": "Suduri", "settlement_type": "Urban block", "ward_code": "W020", "ward_name": "Famade", "lga_name": "Idi-Oro", "target_population_under5": 457.0 }, "geometry": { "type": "Point", "coordinates": [ 7.703915, 11.140416 ] } },
{ "type": "Feature", "properties": { "id": "S01469", "title": "Suluja-Tudun", "settlement_type": "Village", "ward_code": "W020", "ward_name": "Famade", "lga_name": "Idi-Oro", "target_population_under5": 201.0 }, "geometry": { "type": "Point", "coordinates": [ 7.702347, 11.129288 ] } },
{ "type": "Feature", "properties": { "id": "S01507", "title": "Susade-Tudun", "settlement_type": "Urban block", "ward_code": "W020", "ward_name": "Famade", "lga_name": "Idi-Oro", "target_population_under5": 346.0 }, "geometry": { "type": "Point", "coordinates": [ 7.662133, 11.080832 ] } },
{ "type": "Feature", "properties": { "id": "S01446", "title": "Tabami", "settlement_type": "Village", "ward_code": "W020", "ward_name": "Famade", "lga_name": "Idi-Oro", "target_population_under5": 153.0 }, "geometry": { "type": "Point", "coordinates": [ 7.757046, 11.182301 ] } },
{ "type": "Feature", "properties": { "id": "S01430", "title": "Taberu", "settlement_type": "Hamlet", "ward_code": "W020", "ward_name": "Famade", "lga_name": "Idi-Oro", "target_population_under5": 9.0 }, "geometry": { "type": "Point", "coordinates": [ 7.582323, 11.06927 ] } },
{ "type": "Feature", "properties": { "id": "S01476", "title": "Tayoni", "settlement_type": "Hamlet", "ward_code": "W020", "ward_name": "Famade", "lga_name": "Idi-Oro", "target_population_under5": 55.0 }, "geometry": { "type": "Point", "coordinates": [ 7.59717, 11.137583 ] } },
{ "type": "Feature", "properties": { "id": "S01503", "title": "Umbaba", "settlement_type": "Hamlet", "ward_code": "W020", "ward_name": "Famade", "lga_name": "Idi-Oro", "target_population_under5": 24.0 }, "geometry": { "type": "Point", "coordinates": [ 7.608491, 11.071002 ] } },
{ "type": "Feature", "properties": { "id": "S01492", "title": "Umdumi-Tudun", "settlement_type": "Hamlet", "ward_code": "W020", "ward_name": "Famade", "lga_name": "Idi-Oro", "target_population_under5": 16.0 }, "geometry": { "type": "Point", "coordinates": [ 7.731632, 11.189632 ] } },
{ "type": "Feature", "properties": { "id": "S01427", "title": "Ummasa-Tudun", "settlement_type": "Urban block", "ward_code": "W020", "ward_name": "Famade", "lga_name": "Idi-Oro", "target_population_under5": 241.0 }, "geometry": { "type": "Point", "coordinates": [ 7.668353, 11.186405 ] } },
{ "type": "Feature", "properties": { "id": "S01500", "title": "Umsade", "settlement_type": "Hamlet", "ward_code": "W020", "ward_name": "Famade", "lga_name": "Idi-Oro", "target_population_under5": 37.0 }, "geometry": { "type": "Point", "coordinates": [ 7.690805, 11.12857 ] } },
{ "type": "Feature", "properties": { "id": "S01478", "title": "Umshako", "settlement_type": "Village", "ward_code": "W020", "ward_name": "Famade", "lga_name": "Idi-Oro", "target_population_under5": 198.0 }, "geometry": { "type": "Point", "coordinates": [ 7.736085, 11.162713 ] } },
{ "type": "Feature", "properties": { "id": "S01491", "title": "Uzngoni-Kofar", "settlement_type": "Village", "ward_code": "W020", "ward_name": "Famade", "lga_name": "Idi-Oro", "target_population_under5": 180.0 }, "geometry": { "type": "Point", "coordinates": [ 7.755756, 11.132024 ] } },
{ "type": "Feature", "properties": { "id": "S01454", "title": "Uzrani", "settlement_type": "Urban block", "ward_code": "W020", "ward_name": "Famade", "lga_name": "Idi-Oro", "target_population_under5": 552.0 }, "geometry": { "type": "Point", "coordinates": [ 7.682881, 11.167405 ] } },
{ "type": "Feature", "properties": { "id": "S01459", "title": "Wabawa", "settlement_type": "Settlement", "ward_code": "W020", "ward_name": "Famade", "lga_name": "Idi-Oro", "target_population_under5": 123.0 }, "geometry": { "type": "Point", "coordinates": [ 7.758027, 11.126297 ] } },
{ "type": "Feature", "properties": { "id": "S01484", "title": "Wajiri", "settlement_type": "Urban block", "ward_code": "W020", "ward_name": "Famade", "lga_name": "Idi-Oro", "target_population_under5": 842.0 }, "geometry": { "type": "Point", "coordinates": [ 7.748426430662183, 11.065857 ] } },
{ "type": "Feature", "properties": { "id": "S01445", "title": "Wakoba", "settlement_type": "Hamlet", "ward_code": "W020", "ward_name": "Famade", "lga_name": "Idi-Oro", "target_population_under5": 86.0 }, "geometry": { "type": "Point", "coordinates": [ 7.755804, 11.166595 ] } },
{ "type": "Feature", "properties": { "id": "S01426", "title": "Warashi", "settlement_type": "Village", "ward_code": "W020", "ward_name": "Famade", "lga_name": "Idi-Oro", "target_population_under5": 28.0 }, "geometry": { "type": "Point", "coordinates": [ 7.726344, 11.132617 ] } },
{ "type": "Feature", "properties": { "id": "S01444", "title": "Yenatu", "settlement_type": "Urban block", "ward_code": "W020", "ward_name": "Famade", "lga_name": "Idi-Oro", "target_population_under5": 704.0 }, "geometry": { "type": "Point", "coordinates": [ 7.72508, 11.143701 ] } },
{ "type": "Feature", "properties": { "id": "S01499", "title": "Yerifa-Arewa", "settlement_type": "Urban block", "ward_code": "W020", "ward_name": "Famade", "lga_name": "Idi-Oro", "target_population_under5": 436.0 }, "geometry": { "type": "Point", "coordinates": [ 7.712736, 11.201004 ] } },
{ "type": "Feature", "properties": { "id": "S01457", "title": "Yeyode", "settlement_type": "Village", "ward_code": "W020", "ward_name": "Famade", "lga_name": "Idi-Oro", "target_population_under5": 112.0 }, "geometry": { "type": "Point", "coordinates": [ 7.727766, 11.13161 ] } },
{ "type": "Feature", "properties": { "id": "S01498", "title": "Zabeni", "settlement_type": "Settlement", "ward_code": "W020", "ward_name": "Famade", "lga_name": "Idi-Oro", "target_population_under5": 127.0 }, "geometry": { "type": "Point", "coordinates": [ 7.711466, 11.257721 ] } },
{ "type": "Feature", "properties": { "id": "S01461", "title": "Zabetu-Gabas", "settlement_type": "Hamlet", "ward_code": "W020", "ward_name": "Famade", "lga_name": "Idi-Oro", "target_population_under5": 18.0 }, "geometry": { "type": "Point", "coordinates": [ 7.743766, 11.142318 ] } },
{ "type": "Feature", "properties": { "id": "S01513", "title": "Zakoja", "settlement_type": "Settlement", "ward_code": "W020", "ward_name": "Famade", "lga_name": "Idi-Oro", "target_population_under5": 65.0 }, "geometry": { "type": "Point", "coordinates": [ 7.762469, 11.131261 ] } },
{ "type": "Feature", "properties": { "id": "S01468", "title": "Zamayi", "settlement_type": "Village", "ward_code": "W020", "ward_name": "Famade", "lga_name": "Idi-Oro", "target_population_under5": 122.0 }, "geometry": { "type": "Point", "coordinates": [ 7.714191, 11.147359 ] } },
{ "type": "Feature", "properties": { "id": "S01462", "title": "Zatsima", "settlement_type": "Hamlet", "ward_code": "W020", "ward_name": "Famade", "lga_name": "Idi-Oro", "target_population_under5": 46.0 }, "geometry": { "type": "Point", "coordinates": [ 7.730092, 11.143396 ] } },
{ "type": "Feature", "properties": { "id": "S01455", "title": "Zazata", "settlement_type": "Urban block", "ward_code": "W020", "ward_name": "Famade", "lga_name": "Idi-Oro", "target_population_under5": 446.0 }, "geometry": { "type": "Point", "coordinates": [ 7.67212, 11.067962 ] } },
{ "type": "Feature", "properties": { "id": "S00453", "title": "Adlashi", "settlement_type": "Village", "ward_code": "W006", "ward_name": "Okradu", "lga_name": "Idi-Oro", "target_population_under5": 135.0 }, "geometry": { "type": "Point", "coordinates": [ 7.264116, 11.247099 ] } },
{ "type": "Feature", "properties": { "id": "S00484", "title": "Adngoyi", "settlement_type": "Village", "ward_code": "W006", "ward_name": "Okradu", "lga_name": "Idi-Oro", "target_population_under5": 55.0 }, "geometry": { "type": "Point", "coordinates": [ 7.168446, 11.291077 ] } },
{ "type": "Feature", "properties": { "id": "S00440", "title": "Adtsiwa-Tsakiya", "settlement_type": "Settlement", "ward_code": "W006", "ward_name": "Okradu", "lga_name": "Idi-Oro", "target_population_under5": 111.0 }, "geometry": { "type": "Point", "coordinates": [ 7.258916, 11.153544 ] } },
{ "type": "Feature", "properties": { "id": "S00529", "title": "Adyoyi", "settlement_type": "Urban block", "ward_code": "W006", "ward_name": "Okradu", "lga_name": "Idi-Oro", "target_population_under5": 455.0 }, "geometry": { "type": "Point", "coordinates": [ 7.256995, 11.250609 ] } },
{ "type": "Feature", "properties": { "id": "S00466", "title": "Agrade", "settlement_type": "Hamlet", "ward_code": "W006", "ward_name": "Okradu", "lga_name": "Idi-Oro", "target_population_under5": 12.0 }, "geometry": { "type": "Point", "coordinates": [ 7.271034, 11.189545 ] } },
{ "type": "Feature", "properties": { "id": "S00523", "title": "Agrifa", "settlement_type": "Settlement", "ward_code": "W006", "ward_name": "Okradu", "lga_name": "Idi-Oro", "target_population_under5": 47.0 }, "geometry": { "type": "Point", "coordinates": [ 7.247981, 11.148954 ] } },
{ "type": "Feature", "properties": { "id": "S00420", "title": "Badede", "settlement_type": "Urban block", "ward_code": "W006", "ward_name": "Okradu", "lga_name": "Idi-Oro", "target_population_under5": 379.0 }, "geometry": { "type": "Point", "coordinates": [ 7.16296, 11.28031 ] } },
{ "type": "Feature", "properties": { "id": "S00444", "title": "Bakota", "settlement_type": "Village", "ward_code": "W006", "ward_name": "Okradu", "lga_name": "Idi-Oro", "target_population_under5": 167.0 }, "geometry": { "type": "Point", "coordinates": [ 7.157168, 11.259943 ] } },
{ "type": "Feature", "properties": { "id": "S00528", "title": "Bamaba", "settlement_type": "Village", "ward_code": "W006", "ward_name": "Okradu", "lga_name": "Idi-Oro", "target_population_under5": 175.0 }, "geometry": { "type": "Point", "coordinates": [ 7.256204, 11.16803 ] } },
{ "type": "Feature", "properties": { "id": "S00483", "title": "Bawako", "settlement_type": "Urban block", "ward_code": "W006", "ward_name": "Okradu", "lga_name": "Idi-Oro", "target_population_under5": 165.0 }, "geometry": { "type": "Point", "coordinates": [ 7.144595, 11.311434 ] } },
{ "type": "Feature", "properties": { "id": "S00448", "title": "Bayode", "settlement_type": "Settlement", "ward_code": "W006", "ward_name": "Okradu", "lga_name": "Idi-Oro", "target_population_under5": 46.0 }, "geometry": { "type": "Point", "coordinates": [ 7.27914, 11.214203 ] } },
{ "type": "Feature", "properties": { "id": "S00454", "title": "Bazasa", "settlement_type": "Village", "ward_code": "W006", "ward_name": "Okradu", "lga_name": "Idi-Oro", "target_population_under5": 210.0 }, "geometry": { "type": "Point", "coordinates": [ 7.245803, 11.226143 ] } },
{ "type": "Feature", "properties": { "id": "S00413", "title": "Bideyi", "settlement_type": "Settlement", "ward_code": "W006", "ward_name": "Okradu", "lga_name": "Idi-Oro", "target_population_under5": 199.0 }, "geometry": { "type": "Point", "coordinates": [ 7.207739, 11.176705 ] } },
{ "type": "Feature", "properties": { "id": "S00488", "title": "Biluba", "settlement_type": "Village", "ward_code": "W006", "ward_name": "Okradu", "lga_name": "Idi-Oro", "target_population_under5": 155.0 }, "geometry": { "type": "Point", "coordinates": [ 7.26357, 11.203078 ] } },
{ "type": "Feature", "properties": { "id": "S00458", "title": "Bilufa", "settlement_type": "Urban block", "ward_code": "W006", "ward_name": "Okradu", "lga_name": "Idi-Oro", "target_population_under5": 982.0 }, "geometry": { "type": "Point", "coordinates": [ 7.242705, 11.278547 ] } },
{ "type": "Feature", "properties": { "id": "S00414", "title": "Bitsiri", "settlement_type": "Hamlet", "ward_code": "W006", "ward_name": "Okradu", "lga_name": "Idi-Oro", "target_population_under5": 23.0 }, "geometry": { "type": "Point", "coordinates": [ 7.185903, 11.298059 ] } },
{ "type": "Feature", "properties": { "id": "S00438", "title": "Biyoru", "settlement_type": "Hamlet", "ward_code": "W006", "ward_name": "Okradu", "lga_name": "Idi-Oro", "target_population_under5": 37.0 }, "geometry": { "type": "Point", "coordinates": [ 7.254145, 11.206349 ] } },
{ "type": "Feature", "properties": { "id": "S00509", "title": "Damashi", "settlement_type": "Urban block", "ward_code": "W006", "ward_name": "Okradu", "lga_name": "Idi-Oro", "target_population_under5": 417.0 }, "geometry": { "type": "Point", "coordinates": [ 7.201055, 11.261411 ] } },
{ "type": "Feature", "properties": { "id": "S00419", "title": "Dangowa", "settlement_type": "Village", "ward_code": "W006", "ward_name": "Okradu", "lga_name": "Idi-Oro", "target_population_under5": 80.0 }, "geometry": { "type": "Point", "coordinates": [ 7.195485, 11.345582 ] } },
{ "type": "Feature", "properties": { "id": "S00481", "title": "Dodufa-Tudun", "settlement_type": "Settlement", "ward_code": "W006", "ward_name": "Okradu", "lga_name": "Idi-Oro", "target_population_under5": 84.0 }, "geometry": { "type": "Point", "coordinates": [ 7.271706, 11.243935 ] } },
{ "type": "Feature", "properties": { "id": "S00534", "title": "Ekrayi", "settlement_type": "Village", "ward_code": "W006", "ward_name": "Okradu", "lga_name": "Idi-Oro", "target_population_under5": 59.0 }, "geometry": { "type": "Point", "coordinates": [ 7.271842, 11.238217 ] } },
{ "type": "Feature", "properties": { "id": "S00411", "title": "Enbewa", "settlement_type": "Hamlet", "ward_code": "W006", "ward_name": "Okradu", "lga_name": "Idi-Oro", "target_population_under5": 50.0 }, "geometry": { "type": "Point", "coordinates": [ 7.176656, 11.354242 ] } },
{ "type": "Feature", "properties": { "id": "S00442", "title": "Enlale", "settlement_type": "Hamlet", "ward_code": "W006", "ward_name": "Okradu", "lga_name": "Idi-Oro", "target_population_under5": 40.0 }, "geometry": { "type": "Point", "coordinates": [ 7.149112, 11.306452 ] } },
{ "type": "Feature", "properties": { "id": "S00434", "title": "Ennawa-Gabas", "settlement_type": "Hamlet", "ward_code": "W006", "ward_name": "Okradu", "lga_name": "Idi-Oro", "target_population_under5": 52.0 }, "geometry": { "type": "Point", "coordinates": [ 7.247759, 11.400909 ] } },
{ "type": "Feature", "properties": { "id": "S00504", "title": "Enngori", "settlement_type": "Hamlet", "ward_code": "W006", "ward_name": "Okradu", "lga_name": "Idi-Oro", "target_population_under5": 80.0 }, "geometry": { "type": "Point", "coordinates": [ 7.234664, 11.380289 ] } },
{ "type": "Feature", "properties": { "id": "S00470", "title": "Enzawo", "settlement_type": "Urban block", "ward_code": "W006", "ward_name": "Okradu", "lga_name": "Idi-Oro", "target_population_under5": 259.0 }, "geometry": { "type": "Point", "coordinates": [ 7.242573, 11.250963 ] } },
{ "type": "Feature", "properties": { "id": "S00409", "title": "Famako", "settlement_type": "Village", "ward_code": "W006", "ward_name": "Okradu", "lga_name": "Idi-Oro", "target_population_under5": 143.0 }, "geometry": { "type": "Point", "coordinates": [ 7.28389, 11.332785 ] } },
{ "type": "Feature", "properties": { "id": "S00501", "title": "Fanawo", "settlement_type": "Village", "ward_code": "W006", "ward_name": "Okradu", "lga_name": "Idi-Oro", "target_population_under5": 46.0 }, "geometry": { "type": "Point", "coordinates": [ 7.217543, 11.350958 ] } },
{ "type": "Feature", "properties": { "id": "S00493", "title": "Fashana", "settlement_type": "Settlement", "ward_code": "W006", "ward_name": "Okradu", "lga_name": "Idi-Oro", "target_population_under5": 66.0 }, "geometry": { "type": "Point", "coordinates": [ 7.261109, 11.279038 ] } },
{ "type": "Feature", "properties": { "id": "S00517", "title": "Fawaba", "settlement_type": "Village", "ward_code": "W006", "ward_name": "Okradu", "lga_name": "Idi-Oro", "target_population_under5": 143.0 }, "geometry": { "type": "Point", "coordinates": [ 7.266246, 11.196443 ] } },
{ "type": "Feature", "properties": { "id": "S00521", "title": "Fazana", "settlement_type": "Hamlet", "ward_code": "W006", "ward_name": "Okradu", "lga_name": "Idi-Oro", "target_population_under5": 28.0 }, "geometry": { "type": "Point", "coordinates": [ 7.214853, 11.330679 ] } },
{ "type": "Feature", "properties": { "id": "S00424", "title": "Gubemi", "settlement_type": "Urban block", "ward_code": "W006", "ward_name": "Okradu", "lga_name": "Idi-Oro", "target_population_under5": 78.0 }, "geometry": { "type": "Point", "coordinates": [ 7.169288, 11.305135 ] } },
{ "type": "Feature", "properties": { "id": "S00445", "title": "Gunana", "settlement_type": "Village", "ward_code": "W006", "ward_name": "Okradu", "lga_name": "Idi-Oro", "target_population_under5": 113.0 }, "geometry": { "type": "Point", "coordinates": [ 7.252583, 11.169084 ] } },
{ "type": "Feature", "properties": { "id": "S00457", "title": "Gurita", "settlement_type": "Hamlet", "ward_code": "W006", "ward_name": "Okradu", "lga_name": "Idi-Oro", "target_population_under5": 18.0 }, "geometry": { "type": "Point", "coordinates": [ 7.184574, 11.329979 ] } },
{ "type": "Feature", "properties": { "id": "S00412", "title": "Gutina", "settlement_type": "Village", "ward_code": "W006", "ward_name": "Okradu", "lga_name": "Idi-Oro", "target_population_under5": 83.0 }, "geometry": { "type": "Point", "coordinates": [ 7.19433, 11.344744 ] } },
{ "type": "Feature", "properties": { "id": "S00474", "title": "Gutina-Tsakiya", "settlement_type": "Hamlet", "ward_code": "W006", "ward_name": "Okradu", "lga_name": "Idi-Oro", "target_population_under5": 21.0 }, "geometry": { "type": "Point", "coordinates": [ 7.283317, 11.244857 ] } },
{ "type": "Feature", "properties": { "id": "S00518", "title": "Hajiri", "settlement_type": "Hamlet", "ward_code": "W006", "ward_name": "Okradu", "lga_name": "Idi-Oro", "target_population_under5": 92.0 }, "geometry": { "type": "Point", "coordinates": [ 7.256303, 11.233556 ] } },
{ "type": "Feature", "properties": { "id": "S00416", "title": "Hakowo", "settlement_type": "Village", "ward_code": "W006", "ward_name": "Okradu", "lga_name": "Idi-Oro", "target_population_under5": 30.0 }, "geometry": { "type": "Point", "coordinates": [ 7.251078, 11.144387 ] } },
{ "type": "Feature", "properties": { "id": "S00472", "title": "Harasa", "settlement_type": "Hamlet", "ward_code": "W006", "ward_name": "Okradu", "lga_name": "Idi-Oro", "target_population_under5": 23.0 }, "geometry": { "type": "Point", "coordinates": [ 7.258097, 11.286441 ] } },
{ "type": "Feature", "properties": { "id": "S00439", "title": "Hasawo", "settlement_type": "Hamlet", "ward_code": "W006", "ward_name": "Okradu", "lga_name": "Idi-Oro", "target_population_under5": 35.0 }, "geometry": { "type": "Point", "coordinates": [ 7.172469, 11.31351 ] } },
{ "type": "Feature", "properties": { "id": "S00467", "title": "Hazadu", "settlement_type": "Settlement", "ward_code": "W006", "ward_name": "Okradu", "lga_name": "Idi-Oro", "target_population_under5": 39.0 }, "geometry": { "type": "Point", "coordinates": [ 7.156889, 11.314989 ] } },
{ "type": "Feature", "properties": { "id": "S00530", "title": "Ibbefa", "settlement_type": "Village", "ward_code": "W006", "ward_name": "Okradu", "lga_name": "Idi-Oro", "target_population_under5": 46.0 }, "geometry": { "type": "Point", "coordinates": [ 7.254443, 11.219454 ] } },
{ "type": "Feature", "properties": { "id": "S00507", "title": "Ibdeba", "settlement_type": "Hamlet", "ward_code": "W006", "ward_name": "Okradu", "lga_name": "Idi-Oro", "target_population_under5": 56.0 }, "geometry": { "type": "Point", "coordinates": [ 7.254299, 11.212543 ] } },
{ "type": "Feature", "properties": { "id": "S00436", "title": "Ibduko", "settlement_type": "Urban block", "ward_code": "W006", "ward_name": "Okradu", "lga_name": "Idi-Oro", "target_population_under5": 385.0 }, "geometry": { "type": "Point", "coordinates": [ 7.217134, 11.23879 ] } },
{ "type": "Feature", "properties": { "id": "S00460", "title": "Ibluna", "settlement_type": "Settlement", "ward_code": "W006", "ward_name": "Okradu", "lga_name": "Idi-Oro", "target_population_under5": 102.0 }, "geometry": { "type": "Point", "coordinates": [ 7.252008, 11.250015 ] } },
{ "type": "Feature", "properties": { "id": "S00446", "title": "Ibnani", "settlement_type": "Village", "ward_code": "W006", "ward_name": "Okradu", "lga_name": "Idi-Oro", "target_population_under5": 157.0 }, "geometry": { "type": "Point", "coordinates": [ 7.273157, 11.280534 ] } },
{ "type": "Feature", "properties": { "id": "S00499", "title": "Ibngodu", "settlement_type": "Village", "ward_code": "W006", "ward_name": "Okradu", "lga_name": "Idi-Oro", "target_population_under5": 220.0 }, "geometry": { "type": "Point", "coordinates": [ 7.191698, 11.367788 ] } },
{ "type": "Feature", "properties": { "id": "S00490", "title": "Ibsayi", "settlement_type": "Urban block", "ward_code": "W006", "ward_name": "Okradu", "lga_name": "Idi-Oro", "target_population_under5": 536.0 }, "geometry": { "type": "Point", "coordinates": [ 7.1764, 11.333968 ] } },
{ "type": "Feature", "properties": { "id": "S00443", "title": "Ibtiba", "settlement_type": "Settlement", "ward_code": "W006", "ward_name": "Okradu", "lga_name": "Idi-Oro", "target_population_under5": 39.0 }, "geometry": { "type": "Point", "coordinates": [ 7.177983, 11.3094 ] } },
{ "type": "Feature", "properties": { "id": "S00498", "title": "Ibzadu", "settlement_type": "Settlement", "ward_code": "W006", "ward_name": "Okradu", "lga_name": "Idi-Oro", "target_population_under5": 36.0 }, "geometry": { "type": "Point", "coordinates": [ 7.168236, 11.313351 ] } },
{ "type": "Feature", "properties": { "id": "S00514", "title": "Irlufa-Gabas", "settlement_type": "Hamlet", "ward_code": "W006", "ward_name": "Okradu", "lga_name": "Idi-Oro", "target_population_under5": 29.0 }, "geometry": { "type": "Point", "coordinates": [ 7.264442, 11.158635 ] } },
{ "type": "Feature", "properties": { "id": "S00468", "title": "Jibena-Kudu", "settlement_type": "Hamlet", "ward_code": "W006", "ward_name": "Okradu", "lga_name": "Idi-Oro", "target_population_under5": 36.0 }, "geometry": { "type": "Point", "coordinates": [ 7.244694, 11.245052 ] } },
{ "type": "Feature", "properties": { "id": "S00430", "title": "Jimani", "settlement_type": "Hamlet", "ward_code": "W006", "ward_name": "Okradu", "lga_name": "Idi-Oro", "target_population_under5": 32.0 }, "geometry": { "type": "Point", "coordinates": [ 7.248858, 11.196817 ] } },
{ "type": "Feature", "properties": { "id": "S00487", "title": "Jirita", "settlement_type": "Hamlet", "ward_code": "W006", "ward_name": "Okradu", "lga_name": "Idi-Oro", "target_population_under5": 62.0 }, "geometry": { "type": "Point", "coordinates": [ 7.232311, 11.160556 ] } },
{ "type": "Feature", "properties": { "id": "S00511", "title": "Jiyoni", "settlement_type": "Village", "ward_code": "W006", "ward_name": "Okradu", "lga_name": "Idi-Oro", "target_population_under5": 213.0 }, "geometry": { "type": "Point", "coordinates": [ 7.25749, 11.273118 ] } },
{ "type": "Feature", "properties": { "id": "S00533", "title": "Kadetu", "settlement_type": "Village", "ward_code": "W006", "ward_name": "Okradu", "lga_name": "Idi-Oro", "target_population_under5": 290.0 }, "geometry": { "type": "Point", "coordinates": [ 7.27467, 11.271799 ] } },
{ "type": "Feature", "properties": { "id": "S00452", "title": "Kalude", "settlement_type": "Village", "ward_code": "W006", "ward_name": "Okradu", "lga_name": "Idi-Oro", "target_population_under5": 73.0 }, "geometry": { "type": "Point", "coordinates": [ 7.252446, 11.263598 ] } },
{ "type": "Feature", "properties": { "id": "S00477", "title": "Kalule", "settlement_type": "Village", "ward_code": "W006", "ward_name": "Okradu", "lga_name": "Idi-Oro", "target_population_under5": 58.0 }, "geometry": { "type": "Point", "coordinates": [ 7.170799, 11.292885 ] } },
{ "type": "Feature", "properties": { "id": "S00496", "title": "Kalushi", "settlement_type": "Village", "ward_code": "W006", "ward_name": "Okradu", "lga_name": "Idi-Oro", "target_population_under5": 287.0 }, "geometry": { "type": "Point", "coordinates": [ 7.278228, 11.311954 ] } },
{ "type": "Feature", "properties": { "id": "S00441", "title": "Kangotu", "settlement_type": "Village", "ward_code": "W006", "ward_name": "Okradu", "lga_name": "Idi-Oro", "target_population_under5": 117.0 }, "geometry": { "type": "Point", "coordinates": [ 7.269543, 11.245814 ] } },
{ "type": "Feature", "properties": { "id": "S00494", "title": "Kasashi", "settlement_type": "Village", "ward_code": "W006", "ward_name": "Okradu", "lga_name": "Idi-Oro", "target_population_under5": 143.0 }, "geometry": { "type": "Point", "coordinates": [ 7.245969, 11.164813 ] } },
{ "type": "Feature", "properties": { "id": "S00431", "title": "Katsidu", "settlement_type": "Settlement", "ward_code": "W006", "ward_name": "Okradu", "lga_name": "Idi-Oro", "target_population_under5": 114.0 }, "geometry": { "type": "Point", "coordinates": [ 7.181914, 11.311323 ] } },
{ "type": "Feature", "properties": { "id": "S00425", "title": "Kawama", "settlement_type": "Hamlet", "ward_code": "W006", "ward_name": "Okradu", "lga_name": "Idi-Oro", "target_population_under5": 36.0 }, "geometry": { "type": "Point", "coordinates": [ 7.133459590526011, 11.188759 ] } },
{ "type": "Feature", "properties": { "id": "S00432", "title": "Kazaru", "settlement_type": "Hamlet", "ward_code": "W006", "ward_name": "Okradu", "lga_name": "Idi-Oro", "target_population_under5": 3.0 }, "geometry": { "type": "Point", "coordinates": [ 7.19798, 11.298649 ] } },
{ "type": "Feature", "properties": { "id": "S00479", "title": "Kungoma-Tsakiya", "settlement_type": "Settlement", "ward_code": "W006", "ward_name": "Okradu", "lga_name": "Idi-Oro", "target_population_under5": 38.0 }, "geometry": { "type": "Point", "coordinates": [ 7.261815, 11.163442 ] } },
{ "type": "Feature", "properties": { "id": "S00450", "title": "Kuwadu", "settlement_type": "Hamlet", "ward_code": "W006", "ward_name": "Okradu", "lga_name": "Idi-Oro", "target_population_under5": 10.0 }, "geometry": { "type": "Point", "coordinates": [ 7.189684, 11.340128 ] } },
{ "type": "Feature", "properties": { "id": "S00408", "title": "Longoko", "settlement_type": "Hamlet", "ward_code": "W006", "ward_name": "Okradu", "lga_name": "Idi-Oro", "target_population_under5": 36.0 }, "geometry": { "type": "Point", "coordinates": [ 7.272505, 11.203974 ] } },
{ "type": "Feature", "properties": { "id": "S00520", "title": "Lorata", "settlement_type": "Settlement", "ward_code": "W006", "ward_name": "Okradu", "lga_name": "Idi-Oro", "target_population_under5": 213.0 }, "geometry": { "type": "Point", "coordinates": [ 7.19661, 11.346298 ] } },
{ "type": "Feature", "properties": { "id": "S00459", "title": "Lorisa", "settlement_type": "Village", "ward_code": "W006", "ward_name": "Okradu", "lga_name": "Idi-Oro", "target_population_under5": 62.0 }, "geometry": { "type": "Point", "coordinates": [ 7.211086, 11.320482 ] } },
{ "type": "Feature", "properties": { "id": "S00522", "title": "Losale", "settlement_type": "Village", "ward_code": "W006", "ward_name": "Okradu", "lga_name": "Idi-Oro", "target_population_under5": 201.0 }, "geometry": { "type": "Point", "coordinates": [ 7.26578, 11.151469 ] } },
{ "type": "Feature", "properties": { "id": "S00512", "title": "Loyode", "settlement_type": "Village", "ward_code": "W006", "ward_name": "Okradu", "lga_name": "Idi-Oro", "target_population_under5": 102.0 }, "geometry": { "type": "Point", "coordinates": [ 7.233029, 11.216236 ] } },
{ "type": "Feature", "properties": { "id": "S00503", "title": "Nudeja", "settlement_type": "Settlement", "ward_code": "W006", "ward_name": "Okradu", "lga_name": "Idi-Oro", "target_population_under5": 74.0 }, "geometry": { "type": "Point", "coordinates": [ 7.212859, 11.261414 ] } },
{ "type": "Feature", "properties": { "id": "S00482", "title": "Nuwade", "settlement_type": "Hamlet", "ward_code": "W006", "ward_name": "Okradu", "lga_name": "Idi-Oro", "target_population_under5": 12.0 }, "geometry": { "type": "Point", "coordinates": [ 7.238442, 11.22999 ] } },
{ "type": "Feature", "properties": { "id": "S00428", "title": "Okderu", "settlement_type": "Urban block", "ward_code": "W006", "ward_name": "Okradu", "lga_name": "Idi-Oro", "target_population_under5": 564.0 }, "geometry": { "type": "Point", "coordinates": [ 7.275838, 11.277931 ] } },
{ "type": "Feature", "properties": { "id": "S00478", "title": "Okkona", "settlement_type": "Hamlet", "ward_code": "W006", "ward_name": "Okradu", "lga_name": "Idi-Oro", "target_population_under5": 65.0 }, "geometry": { "type": "Point", "coordinates": [ 7.23982, 11.224862 ] } },
{ "type": "Feature", "properties": { "id": "S00418", "title": "Oknami", "settlement_type": "Settlement", "ward_code": "W006", "ward_name": "Okradu", "lga_name": "Idi-Oro", "target_population_under5": 75.0 }, "geometry": { "type": "Point", "coordinates": [ 7.240292, 11.285507 ] } },
{ "type": "Feature", "properties": { "id": "S00435", "title": "Okrasa", "settlement_type": "Village", "ward_code": "W006", "ward_name": "Okradu", "lga_name": "Idi-Oro", "target_population_under5": 166.0 }, "geometry": { "type": "Point", "coordinates": [ 7.211817, 11.366119 ] } },
{ "type": "Feature", "properties": { "id": "S00469", "title": "Oksawa", "settlement_type": "Urban block", "ward_code": "W006", "ward_name": "Okradu", "lga_name": "Idi-Oro", "target_population_under5": 412.0 }, "geometry": { "type": "Point", "coordinates": [ 7.18906, 11.300539 ] } },
{ "type": "Feature", "properties": { "id": "S00513", "title": "Okshami", "settlement_type": "Hamlet", "ward_code": "W006", "ward_name": "Okradu", "lga_name": "Idi-Oro", "target_population_under5": 18.0 }, "geometry": { "type": "Point", "coordinates": [ 7.144084, 11.280733 ] } },
{ "type": "Feature", "properties": { "id": "S00485", "title": "Okzashi-Tsakiya", "settlement_type": "Hamlet", "ward_code": "W006", "ward_name": "Okradu", "lga_name": "Idi-Oro", "target_population_under5": 83.0 }, "geometry": { "type": "Point", "coordinates": [ 7.283518, 11.242449 ] } },
{ "type": "Feature", "properties": { "id": "S00505", "title": "Oldeko", "settlement_type": "Hamlet", "ward_code": "W006", "ward_name": "Okradu", "lga_name": "Idi-Oro", "target_population_under5": 69.0 }, "geometry": { "type": "Point", "coordinates": [ 7.253665, 11.245392 ] } },
{ "type": "Feature", "properties": { "id": "S00447", "title": "Ollule", "settlement_type": "Village", "ward_code": "W006", "ward_name": "Okradu", "lga_name": "Idi-Oro", "target_population_under5": 291.0 }, "geometry": { "type": "Point", "coordinates": [ 7.182766, 11.350988 ] } },
{ "type": "Feature", "properties": { "id": "S00516", "title": "Olzaja", "settlement_type": "Village", "ward_code": "W006", "ward_name": "Okradu", "lga_name": "Idi-Oro", "target_population_under5": 12.0 }, "geometry": { "type": "Point", "coordinates": [ 7.266685, 11.248041 ] } },
{ "type": "Feature", "properties": { "id": "S00463", "title": "Risaja", "settlement_type": "Hamlet", "ward_code": "W006", "ward_name": "Okradu", "lga_name": "Idi-Oro", "target_population_under5": 51.0 }, "geometry": { "type": "Point", "coordinates": [ 7.185768, 11.30668 ] } },
{ "type": "Feature", "properties": { "id": "S00451", "title": "Subafa-Sabo", "settlement_type": "Village", "ward_code": "W006", "ward_name": "Okradu", "lga_name": "Idi-Oro", "target_population_under5": 65.0 }, "geometry": { "type": "Point", "coordinates": [ 7.231822, 11.233288 ] } },
{ "type": "Feature", "properties": { "id": "S00437", "title": "Subatu", "settlement_type": "Hamlet", "ward_code": "W006", "ward_name": "Okradu", "lga_name": "Idi-Oro", "target_population_under5": 61.0 }, "geometry": { "type": "Point", "coordinates": [ 7.188853, 11.346574 ] } },
{ "type": "Feature", "properties": { "id": "S00427", "title": "Sujimi", "settlement_type": "Village", "ward_code": "W006", "ward_name": "Okradu", "lga_name": "Idi-Oro", "target_population_under5": 126.0 }, "geometry": { "type": "Point", "coordinates": [ 7.166269, 11.302335 ] } },
{ "type": "Feature", "properties": { "id": "S00526", "title": "Sujiri", "settlement_type": "Village", "ward_code": "W006", "ward_name": "Okradu", "lga_name": "Idi-Oro", "target_population_under5": 121.0 }, "geometry": { "type": "Point", "coordinates": [ 7.205806, 11.359635 ] } },
{ "type": "Feature", "properties": { "id": "S00508", "title": "Sukona", "settlement_type": "Village", "ward_code": "W006", "ward_name": "Okradu", "lga_name": "Idi-Oro", "target_population_under5": 185.0 }, "geometry": { "type": "Point", "coordinates": [ 7.243064, 11.325488 ] } },
{ "type": "Feature", "properties": { "id": "S00492", "title": "Suludu", "settlement_type": "Urban block", "ward_code": "W006", "ward_name": "Okradu", "lga_name": "Idi-Oro", "target_population_under5": 360.0 }, "geometry": { "type": "Point", "coordinates": [ 7.17985, 11.356634 ] } },
{ "type": "Feature", "properties": { "id": "S00480", "title": "Sulufa-Yamma", "settlement_type": "Urban block", "ward_code": "W006", "ward_name": "Okradu", "lga_name": "Idi-Oro", "target_population_under5": 356.0 }, "geometry": { "type": "Point", "coordinates": [ 7.235263, 11.25266 ] } },
{ "type": "Feature", "properties": { "id": "S00426", "title": "Sungofa", "settlement_type": "Village", "ward_code": "W006", "ward_name": "Okradu", "lga_name": "Idi-Oro", "target_population_under5": 45.0 }, "geometry": { "type": "Point", "coordinates": [ 7.235551, 11.294637 ] } },
{ "type": "Feature", "properties": { "id": "S00497", "title": "Sungori-Arewa", "settlement_type": "Urban block", "ward_code": "W006", "ward_name": "Okradu", "lga_name": "Idi-Oro", "target_population_under5": 162.0 }, "geometry": { "type": "Point", "coordinates": [ 7.275823, 11.216771 ] } },
{ "type": "Feature", "properties": { "id": "S00506", "title": "Surashi-Kudu", "settlement_type": "Urban block", "ward_code": "W006", "ward_name": "Okradu", "lga_name": "Idi-Oro", "target_population_under5": 223.0 }, "geometry": { "type": "Point", "coordinates": [ 7.191035, 11.26303 ] } },
{ "type": "Feature", "properties": { "id": "S00527", "title": "Sushata", "settlement_type": "Hamlet", "ward_code": "W006", "ward_name": "Okradu", "lga_name": "Idi-Oro", "target_population_under5": 42.0 }, "geometry": { "type": "Point", "coordinates": [ 7.165684, 11.262652 ] } },
{ "type": "Feature", "properties": { "id": "S00491", "title": "Sutsija", "settlement_type": "Settlement", "ward_code": "W006", "ward_name": "Okradu", "lga_name": "Idi-Oro", "target_population_under5": 41.0 }, "geometry": { "type": "Point", "coordinates": [ 7.257395, 11.274017 ] } },
{ "type": "Feature", "properties": { "id": "S00429", "title": "Sutsiri", "settlement_type": "Urban block", "ward_code": "W006", "ward_name": "Okradu", "lga_name": "Idi-Oro", "target_population_under5": 446.0 }, "geometry": { "type": "Point", "coordinates": [ 7.269783, 11.235178 ] } },
{ "type": "Feature", "properties": { "id": "S00417", "title": "Sutsiwa", "settlement_type": "Hamlet", "ward_code": "W006", "ward_name": "Okradu", "lga_name": "Idi-Oro", "target_population_under5": 27.0 }, "geometry": { "type": "Point", "coordinates": [ 7.264103, 11.224658 ] } },
{ "type": "Feature", "properties": { "id": "S00456", "title": "Talaru", "settlement_type": "Urban block", "ward_code": "W006", "ward_name": "Okradu", "lga_name": "Idi-Oro", "target_population_under5": 490.0 }, "geometry": { "type": "Point", "coordinates": [ 7.220864, 11.149342 ] } },
{ "type": "Feature", "properties": { "id": "S00489", "title": "Tangoma", "settlement_type": "Village", "ward_code": "W006", "ward_name": "Okradu", "lga_name": "Idi-Oro", "target_population_under5": 121.0 }, "geometry": { "type": "Point", "coordinates": [ 7.281102, 11.319066 ] } },
{ "type": "Feature", "properties": { "id": "S00525", "title": "Tayona", "settlement_type": "Village", "ward_code": "W006", "ward_name": "Okradu", "lga_name": "Idi-Oro", "target_population_under5": 180.0 }, "geometry": { "type": "Point", "coordinates": [ 7.187271, 11.302059 ] } },
{ "type": "Feature", "properties": { "id": "S00423", "title": "Umdemi-Tudun", "settlement_type": "Village", "ward_code": "W006", "ward_name": "Okradu", "lga_name": "Idi-Oro", "target_population_under5": 192.0 }, "geometry": { "type": "Point", "coordinates": [ 7.261236, 11.213228 ] } },
{ "type": "Feature", "properties": { "id": "S00422", "title": "Umlami", "settlement_type": "Urban block", "ward_code": "W006", "ward_name": "Okradu", "lga_name": "Idi-Oro", "target_population_under5": 508.0 }, "geometry": { "type": "Point", "coordinates": [ 7.28246, 11.216829 ] } },
{ "type": "Feature", "properties": { "id": "S00524", "title": "Umnana-Tudun", "settlement_type": "Hamlet", "ward_code": "W006", "ward_name": "Okradu", "lga_name": "Idi-Oro", "target_population_under5": 19.0 }, "geometry": { "type": "Point", "coordinates": [ 7.285734, 11.175768 ] } },
{ "type": "Feature", "properties": { "id": "S00510", "title": "Umtima", "settlement_type": "Hamlet", "ward_code": "W006", "ward_name": "Okradu", "lga_name": "Idi-Oro", "target_population_under5": 34.0 }, "geometry": { "type": "Point", "coordinates": [ 7.276508, 11.223293 ] } },
{ "type": "Feature", "properties": { "id": "S00455", "title": "Umwana", "settlement_type": "Village", "ward_code": "W006", "ward_name": "Okradu", "lga_name": "Idi-Oro", "target_population_under5": 140.0 }, "geometry": { "type": "Point", "coordinates": [ 7.185266, 11.299753 ] } },
{ "type": "Feature", "properties": { "id": "S00502", "title": "Uzwata-Yamma", "settlement_type": "Urban block", "ward_code": "W006", "ward_name": "Okradu", "lga_name": "Idi-Oro", "target_population_under5": 147.0 }, "geometry": { "type": "Point", "coordinates": [ 7.260874, 11.254645 ] } },
{ "type": "Feature", "properties": { "id": "S00532", "title": "Wabeyi", "settlement_type": "Urban block", "ward_code": "W006", "ward_name": "Okradu", "lga_name": "Idi-Oro", "target_population_under5": 1380.0 }, "geometry": { "type": "Point", "coordinates": [ 7.105729, 11.283697 ] } },
{ "type": "Feature", "properties": { "id": "S00473", "title": "Waduru", "settlement_type": "Hamlet", "ward_code": "W006", "ward_name": "Okradu", "lga_name": "Idi-Oro", "target_population_under5": 72.0 }, "geometry": { "type": "Point", "coordinates": [ 7.248337, 11.218998 ] } },
{ "type": "Feature", "properties": { "id": "S00464", "title": "Waludu", "settlement_type": "Settlement", "ward_code": "W006", "ward_name": "Okradu", "lga_name": "Idi-Oro", "target_population_under5": 61.0 }, "geometry": { "type": "Point", "coordinates": [ 7.145078, 11.312107 ] } },
{ "type": "Feature", "properties": { "id": "S00461", "title": "Wasawa", "settlement_type": "Village", "ward_code": "W006", "ward_name": "Okradu", "lga_name": "Idi-Oro", "target_population_under5": 72.0 }, "geometry": { "type": "Point", "coordinates": [ 7.233932, 11.216896 ] } },
{ "type": "Feature", "properties": { "id": "S00465", "title": "Washata", "settlement_type": "Hamlet", "ward_code": "W006", "ward_name": "Okradu", "lga_name": "Idi-Oro", "target_population_under5": 30.0 }, "geometry": { "type": "Point", "coordinates": [ 7.196242, 11.275026 ] } },
{ "type": "Feature", "properties": { "id": "S00410", "title": "Watsija", "settlement_type": "Village", "ward_code": "W006", "ward_name": "Okradu", "lga_name": "Idi-Oro", "target_population_under5": 60.0 }, "geometry": { "type": "Point", "coordinates": [ 7.282484, 11.22323 ] } },
{ "type": "Feature", "properties": { "id": "S00462", "title": "Wayoni", "settlement_type": "Urban block", "ward_code": "W006", "ward_name": "Okradu", "lga_name": "Idi-Oro", "target_population_under5": 489.0 }, "geometry": { "type": "Point", "coordinates": [ 7.260268, 11.354922 ] } },
{ "type": "Feature", "properties": { "id": "S00415", "title": "Yedeja-Arewa", "settlement_type": "Urban block", "ward_code": "W006", "ward_name": "Okradu", "lga_name": "Idi-Oro", "target_population_under5": 432.0 }, "geometry": { "type": "Point", "coordinates": [ 7.264991, 11.22375 ] } },
{ "type": "Feature", "properties": { "id": "S00515", "title": "Yeduri", "settlement_type": "Urban block", "ward_code": "W006", "ward_name": "Okradu", "lga_name": "Idi-Oro", "target_population_under5": 288.0 }, "geometry": { "type": "Point", "coordinates": [ 7.194654, 11.265568 ] } },
{ "type": "Feature", "properties": { "id": "S00476", "title": "Yelaja", "settlement_type": "Settlement", "ward_code": "W006", "ward_name": "Okradu", "lga_name": "Idi-Oro", "target_population_under5": 129.0 }, "geometry": { "type": "Point", "coordinates": [ 7.228184, 11.257199 ] } },
{ "type": "Feature", "properties": { "id": "S00519", "title": "Yeluta", "settlement_type": "Hamlet", "ward_code": "W006", "ward_name": "Okradu", "lga_name": "Idi-Oro", "target_population_under5": 45.0 }, "geometry": { "type": "Point", "coordinates": [ 7.260014, 11.264416 ] } },
{ "type": "Feature", "properties": { "id": "S00531", "title": "Yengomi", "settlement_type": "Hamlet", "ward_code": "W006", "ward_name": "Okradu", "lga_name": "Idi-Oro", "target_population_under5": 31.0 }, "geometry": { "type": "Point", "coordinates": [ 7.204985, 11.269194 ] } },
{ "type": "Feature", "properties": { "id": "S00421", "title": "Zadele-Gabas", "settlement_type": "Village", "ward_code": "W006", "ward_name": "Okradu", "lga_name": "Idi-Oro", "target_population_under5": 232.0 }, "geometry": { "type": "Point", "coordinates": [ 7.240745, 11.173339 ] } },
{ "type": "Feature", "properties": { "id": "S00433", "title": "Zajiyi", "settlement_type": "Urban block", "ward_code": "W006", "ward_name": "Okradu", "lga_name": "Idi-Oro", "target_population_under5": 244.0 }, "geometry": { "type": "Point", "coordinates": [ 7.195377, 11.206729 ] } },
{ "type": "Feature", "properties": { "id": "S00471", "title": "Zamari", "settlement_type": "Urban block", "ward_code": "W006", "ward_name": "Okradu", "lga_name": "Idi-Oro", "target_population_under5": 280.0 }, "geometry": { "type": "Point", "coordinates": [ 7.258859, 11.241392 ] } },
{ "type": "Feature", "properties": { "id": "S00486", "title": "Zanaru", "settlement_type": "Urban block", "ward_code": "W006", "ward_name": "Okradu", "lga_name": "Idi-Oro", "target_population_under5": 325.0 }, "geometry": { "type": "Point", "coordinates": [ 7.15484, 11.206267 ] } },
{ "type": "Feature", "properties": { "id": "S00475", "title": "Zarija", "settlement_type": "Hamlet", "ward_code": "W006", "ward_name": "Okradu", "lga_name": "Idi-Oro", "target_population_under5": 35.0 }, "geometry": { "type": "Point", "coordinates": [ 7.204768, 11.355049 ] } },
{ "type": "Feature", "properties": { "id": "S00495", "title": "Zashashi", "settlement_type": "Village", "ward_code": "W006", "ward_name": "Okradu", "lga_name": "Idi-Oro", "target_population_under5": 247.0 }, "geometry": { "type": "Point", "coordinates": [ 7.249337, 11.169122 ] } },
{ "type": "Feature", "properties": { "id": "S00449", "title": "Zayoru", "settlement_type": "Village", "ward_code": "W006", "ward_name": "Okradu", "lga_name": "Idi-Oro", "target_population_under5": 168.0 }, "geometry": { "type": "Point", "coordinates": [ 7.281459, 11.18571 ] } },
{ "type": "Feature", "properties": { "id": "S00500", "title": "Zazana", "settlement_type": "Urban block", "ward_code": "W006", "ward_name": "Okradu", "lga_name": "Idi-Oro", "target_population_under5": 528.0 }, "geometry": { "type": "Point", "coordinates": [ 7.205802, 11.22368 ] } },
{ "type": "Feature", "properties": { "id": "S00254", "title": "Adkomi", "settlement_type": "Village", "ward_code": "W003", "ward_name": "Satita", "lga_name": "Idi-Oro", "target_population_under5": 62.0 }, "geometry": { "type": "Point", "coordinates": [ 7.371775, 11.105123 ] } },
{ "type": "Feature", "properties": { "id": "S00252", "title": "Admako", "settlement_type": "Settlement", "ward_code": "W003", "ward_name": "Satita", "lga_name": "Idi-Oro", "target_population_under5": 69.0 }, "geometry": { "type": "Point", "coordinates": [ 7.428989, 11.009129 ] } },
{ "type": "Feature", "properties": { "id": "S00278", "title": "Adnama", "settlement_type": "Hamlet", "ward_code": "W003", "ward_name": "Satita", "lga_name": "Idi-Oro", "target_population_under5": 24.0 }, "geometry": { "type": "Point", "coordinates": [ 7.266009, 11.110184 ] } },
{ "type": "Feature", "properties": { "id": "S00240", "title": "Adnashi", "settlement_type": "Hamlet", "ward_code": "W003", "ward_name": "Satita", "lga_name": "Idi-Oro", "target_population_under5": 73.0 }, "geometry": { "type": "Point", "coordinates": [ 7.179679, 10.987562 ] } },
{ "type": "Feature", "properties": { "id": "S00279", "title": "Adrana", "settlement_type": "Village", "ward_code": "W003", "ward_name": "Satita", "lga_name": "Idi-Oro", "target_population_under5": 251.0 }, "geometry": { "type": "Point", "coordinates": [ 7.207393, 11.025773 ] } },
{ "type": "Feature", "properties": { "id": "S00255", "title": "Adsashi", "settlement_type": "Village", "ward_code": "W003", "ward_name": "Satita", "lga_name": "Idi-Oro", "target_population_under5": 103.0 }, "geometry": { "type": "Point", "coordinates": [ 7.430698, 10.980203 ] } },
{ "type": "Feature", "properties": { "id": "S00284", "title": "Adtile", "settlement_type": "Village", "ward_code": "W003", "ward_name": "Satita", "lga_name": "Idi-Oro", "target_population_under5": 115.0 }, "geometry": { "type": "Point", "coordinates": [ 7.455408, 11.031074 ] } },
{ "type": "Feature", "properties": { "id": "S00317", "title": "Agmami", "settlement_type": "Hamlet", "ward_code": "W003", "ward_name": "Satita", "lga_name": "Idi-Oro", "target_population_under5": 77.0 }, "geometry": { "type": "Point", "coordinates": [ 7.36975, 11.131212 ] } },
{ "type": "Feature", "properties": { "id": "S00326", "title": "Agmashi", "settlement_type": "Hamlet", "ward_code": "W003", "ward_name": "Satita", "lga_name": "Idi-Oro", "target_population_under5": 28.0 }, "geometry": { "type": "Point", "coordinates": [ 7.461655, 10.997521 ] } },
{ "type": "Feature", "properties": { "id": "S00318", "title": "Agtsiru", "settlement_type": "Urban block", "ward_code": "W003", "ward_name": "Satita", "lga_name": "Idi-Oro", "target_population_under5": 545.0 }, "geometry": { "type": "Point", "coordinates": [ 7.227575, 10.983273 ] } },
{ "type": "Feature", "properties": { "id": "S00250", "title": "Bajifa", "settlement_type": "Settlement", "ward_code": "W003", "ward_name": "Satita", "lga_name": "Idi-Oro", "target_population_under5": 120.0 }, "geometry": { "type": "Point", "coordinates": [ 7.288481, 11.12125 ] } },
{ "type": "Feature", "properties": { "id": "S00311", "title": "Bajimi", "settlement_type": "Village", "ward_code": "W003", "ward_name": "Satita", "lga_name": "Idi-Oro", "target_population_under5": 184.0 }, "geometry": { "type": "Point", "coordinates": [ 7.243281, 10.997716 ] } },
{ "type": "Feature", "properties": { "id": "S00321", "title": "Bakota-Yamma", "settlement_type": "Village", "ward_code": "W003", "ward_name": "Satita", "lga_name": "Idi-Oro", "target_population_under5": 109.0 }, "geometry": { "type": "Point", "coordinates": [ 7.23939, 11.121376 ] } },
{ "type": "Feature", "properties": { "id": "S00327", "title": "Bawawa-Kofar", "settlement_type": "Hamlet", "ward_code": "W003", "ward_name": "Satita", "lga_name": "Idi-Oro", "target_population_under5": 15.0 }, "geometry": { "type": "Point", "coordinates": [ 7.435931, 11.041793 ] } },
{ "type": "Feature", "properties": { "id": "S00271", "title": "Bishana", "settlement_type": "Settlement", "ward_code": "W003", "ward_name": "Satita", "lga_name": "Idi-Oro", "target_population_under5": 165.0 }, "geometry": { "type": "Point", "coordinates": [ 7.226032, 10.992225 ] } },
{ "type": "Feature", "properties": { "id": "S00293", "title": "Biwawo", "settlement_type": "Village", "ward_code": "W003", "ward_name": "Satita", "lga_name": "Idi-Oro", "target_population_under5": 163.0 }, "geometry": { "type": "Point", "coordinates": [ 7.429449, 11.040967 ] } },
{ "type": "Feature", "properties": { "id": "S00272", "title": "Dalama", "settlement_type": "Hamlet", "ward_code": "W003", "ward_name": "Satita", "lga_name": "Idi-Oro", "target_population_under5": 73.0 }, "geometry": { "type": "Point", "coordinates": [ 7.341194, 11.036764 ] } },
{ "type": "Feature", "properties": { "id": "S00270", "title": "Damana", "settlement_type": "Hamlet", "ward_code": "W003", "ward_name": "Satita", "lga_name": "Idi-Oro", "target_population_under5": 24.0 }, "geometry": { "type": "Point", "coordinates": [ 7.409874, 11.121707 ] } },
{ "type": "Feature", "properties": { "id": "S00305", "title": "Darayi", "settlement_type": "Hamlet", "ward_code": "W003", "ward_name": "Satita", "lga_name": "Idi-Oro", "target_population_under5": 9.0 }, "geometry": { "type": "Point", "coordinates": [ 7.265269, 11.099681 ] } },
{ "type": "Feature", "properties": { "id": "S00237", "title": "Dashami-Kofar", "settlement_type": "Village", "ward_code": "W003", "ward_name": "Satita", "lga_name": "Idi-Oro", "target_population_under5": 127.0 }, "geometry": { "type": "Point", "coordinates": [ 7.427573, 10.985128 ] } },
{ "type": "Feature", "properties": { "id": "S00281", "title": "Datiwo", "settlement_type": "Settlement", "ward_code": "W003", "ward_name": "Satita", "lga_name": "Idi-Oro", "target_population_under5": 66.0 }, "geometry": { "type": "Point", "coordinates": [ 7.415138, 11.004518 ] } },
{ "type": "Feature", "properties": { "id": "S00256", "title": "Datsisa", "settlement_type": "Village", "ward_code": "W003", "ward_name": "Satita", "lga_name": "Idi-Oro", "target_population_under5": 262.0 }, "geometry": { "type": "Point", "coordinates": [ 7.206036, 10.99817 ] } },
{ "type": "Feature", "properties": { "id": "S00226", "title": "Dodemi", "settlement_type": "Village", "ward_code": "W003", "ward_name": "Satita", "lga_name": "Idi-Oro", "target_population_under5": 73.0 }, "geometry": { "type": "Point", "coordinates": [ 7.364403, 10.981514 ] } },
{ "type": "Feature", "properties": { "id": "S00228", "title": "Doduja", "settlement_type": "Settlement", "ward_code": "W003", "ward_name": "Satita", "lga_name": "Idi-Oro", "target_population_under5": 84.0 }, "geometry": { "type": "Point", "coordinates": [ 7.265373, 11.079524 ] } },
{ "type": "Feature", "properties": { "id": "S00298", "title": "Dokori", "settlement_type": "Hamlet", "ward_code": "W003", "ward_name": "Satita", "lga_name": "Idi-Oro", "target_population_under5": 21.0 }, "geometry": { "type": "Point", "coordinates": [ 7.443838, 11.038858 ] } },
{ "type": "Feature", "properties": { "id": "S00269", "title": "Dolata-Kofar", "settlement_type": "Village", "ward_code": "W003", "ward_name": "Satita", "lga_name": "Idi-Oro", "target_population_under5": 168.0 }, "geometry": { "type": "Point", "coordinates": [ 7.458337, 11.059705 ] } },
{ "type": "Feature", "properties": { "id": "S00287", "title": "Donadu-Gabas", "settlement_type": "Hamlet", "ward_code": "W003", "ward_name": "Satita", "lga_name": "Idi-Oro", "target_population_under5": 35.0 }, "geometry": { "type": "Point", "coordinates": [ 7.411746, 11.07906 ] } },
{ "type": "Feature", "properties": { "id": "S00264", "title": "Dozawa", "settlement_type": "Hamlet", "ward_code": "W003", "ward_name": "Satita", "lga_name": "Idi-Oro", "target_population_under5": 53.0 }, "geometry": { "type": "Point", "coordinates": [ 7.290061, 11.101094 ] } },
{ "type": "Feature", "properties": { "id": "S00223", "title": "Ekshafa", "settlement_type": "Urban block", "ward_code": "W003", "ward_name": "Satita", "lga_name": "Idi-Oro", "target_population_under5": 270.0 }, "geometry": { "type": "Point", "coordinates": [ 7.416548, 10.994777 ] } },
{ "type": "Feature", "properties": { "id": "S00235", "title": "Ekwawo", "settlement_type": "Urban block", "ward_code": "W003", "ward_name": "Satita", "lga_name": "Idi-Oro", "target_population_under5": 422.0 }, "geometry": { "type": "Point", "coordinates": [ 7.272188, 10.982645 ] } },
{ "type": "Feature", "properties": { "id": "S00277", "title": "Enbemi", "settlement_type": "Urban block", "ward_code": "W003", "ward_name": "Satita", "lga_name": "Idi-Oro", "target_population_under5": 771.0 }, "geometry": { "type": "Point", "coordinates": [ 7.456256, 11.004607 ] } },
{ "type": "Feature", "properties": { "id": "S00285", "title": "Enrishi-Tsakiya", "settlement_type": "Urban block", "ward_code": "W003", "ward_name": "Satita", "lga_name": "Idi-Oro", "target_population_under5": 229.0 }, "geometry": { "type": "Point", "coordinates": [ 7.44522, 11.015677 ] } },
{ "type": "Feature", "properties": { "id": "S00324", "title": "Ensayi", "settlement_type": "Village", "ward_code": "W003", "ward_name": "Satita", "lga_name": "Idi-Oro", "target_population_under5": 183.0 }, "geometry": { "type": "Point", "coordinates": [ 7.468999, 11.066591 ] } },
{ "type": "Feature", "properties": { "id": "S00299", "title": "Enshawa", "settlement_type": "Urban block", "ward_code": "W003", "ward_name": "Satita", "lga_name": "Idi-Oro", "target_population_under5": 431.0 }, "geometry": { "type": "Point", "coordinates": [ 7.209381, 11.069743 ] } },
{ "type": "Feature", "properties": { "id": "S00230", "title": "Entile-Yamma", "settlement_type": "Village", "ward_code": "W003", "ward_name": "Satita", "lga_name": "Idi-Oro", "target_population_under5": 52.0 }, "geometry": { "type": "Point", "coordinates": [ 7.441295, 11.038178 ] } },
{ "type": "Feature", "properties": { "id": "S00267", "title": "Entsini", "settlement_type": "Urban block", "ward_code": "W003", "ward_name": "Satita", "lga_name": "Idi-Oro", "target_population_under5": 502.0 }, "geometry": { "type": "Point", "coordinates": [ 7.43514, 11.006726 ] } },
{ "type": "Feature", "properties": { "id": "S00307", "title": "Fabako", "settlement_type": "Village", "ward_code": "W003", "ward_name": "Satita", "lga_name": "Idi-Oro", "target_population_under5": 133.0 }, "geometry": { "type": "Point", "coordinates": [ 7.266587, 11.10548 ] } },
{ "type": "Feature", "properties": { "id": "S00282", "title": "Fazaba", "settlement_type": "Settlement", "ward_code": "W003", "ward_name": "Satita", "lga_name": "Idi-Oro", "target_population_under5": 79.0 }, "geometry": { "type": "Point", "coordinates": [ 7.451318, 10.990426 ] } },
{ "type": "Feature", "properties": { "id": "S00244", "title": "Gubeta", "settlement_type": "Urban block", "ward_code": "W003", "ward_name": "Satita", "lga_name": "Idi-Oro", "target_population_under5": 370.0 }, "geometry": { "type": "Point", "coordinates": [ 7.237447, 10.977413 ] } },
{ "type": "Feature", "properties": { "id": "S00306", "title": "Gudele", "settlement_type": "Settlement", "ward_code": "W003", "ward_name": "Satita", "lga_name": "Idi-Oro", "target_population_under5": 68.0 }, "geometry": { "type": "Point", "coordinates": [ 7.409756, 11.058639 ] } },
{ "type": "Feature", "properties": { "id": "S00280", "title": "Gulasa-Sabo", "settlement_type": "Village", "ward_code": "W003", "ward_name": "Satita", "lga_name": "Idi-Oro", "target_population_under5": 34.0 }, "geometry": { "type": "Point", "coordinates": [ 7.211033, 10.972331 ] } },
{ "type": "Feature", "properties": { "id": "S00242", "title": "Gulushi", "settlement_type": "Settlement", "ward_code": "W003", "ward_name": "Satita", "lga_name": "Idi-Oro", "target_population_under5": 103.0 }, "geometry": { "type": "Point", "coordinates": [ 7.403844, 11.11196 ] } },
{ "type": "Feature", "properties": { "id": "S00224", "title": "Gusaru", "settlement_type": "Urban block", "ward_code": "W003", "ward_name": "Satita", "lga_name": "Idi-Oro", "target_population_under5": 889.0 }, "geometry": { "type": "Point", "coordinates": [ 7.428424, 10.99366 ] } },
{ "type": "Feature", "properties": { "id": "S00320", "title": "Gusawo", "settlement_type": "Village", "ward_code": "W003", "ward_name": "Satita", "lga_name": "Idi-Oro", "target_population_under5": 168.0 }, "geometry": { "type": "Point", "coordinates": [ 7.192477, 11.027902 ] } },
{ "type": "Feature", "properties": { "id": "S00261", "title": "Guwani-Kofar", "settlement_type": "Urban block", "ward_code": "W003", "ward_name": "Satita", "lga_name": "Idi-Oro", "target_population_under5": 945.0 }, "geometry": { "type": "Point", "coordinates": [ 7.214988, 11.029589 ] } },
{ "type": "Feature", "properties": { "id": "S00221", "title": "Habefa", "settlement_type": "Hamlet", "ward_code": "W003", "ward_name": "Satita", "lga_name": "Idi-Oro", "target_population_under5": 32.0 }, "geometry": { "type": "Point", "coordinates": [ 7.330549, 10.965434 ] } },
{ "type": "Feature", "properties": { "id": "S00315", "title": "Ibnari", "settlement_type": "Settlement", "ward_code": "W003", "ward_name": "Satita", "lga_name": "Idi-Oro", "target_population_under5": 59.0 }, "geometry": { "type": "Point", "coordinates": [ 7.469964, 11.021616 ] } },
{ "type": "Feature", "properties": { "id": "S00288", "title": "Ibtsija", "settlement_type": "Settlement", "ward_code": "W003", "ward_name": "Satita", "lga_name": "Idi-Oro", "target_population_under5": 59.0 }, "geometry": { "type": "Point", "coordinates": [ 7.381911, 11.072577 ] } },
{ "type": "Feature", "properties": { "id": "S00266", "title": "Irbata", "settlement_type": "Urban block", "ward_code": "W003", "ward_name": "Satita", "lga_name": "Idi-Oro", "target_population_under5": 720.0 }, "geometry": { "type": "Point", "coordinates": [ 7.438566, 11.004266 ] } },
{ "type": "Feature", "properties": { "id": "S00227", "title": "Irduru", "settlement_type": "Hamlet", "ward_code": "W003", "ward_name": "Satita", "lga_name": "Idi-Oro", "target_population_under5": 6.0 }, "geometry": { "type": "Point", "coordinates": [ 7.453766, 11.006332 ] } },
{ "type": "Feature", "properties": { "id": "S00286", "title": "Jijita", "settlement_type": "Hamlet", "ward_code": "W003", "ward_name": "Satita", "lga_name": "Idi-Oro", "target_population_under5": 74.0 }, "geometry": { "type": "Point", "coordinates": [ 7.366581, 11.102769 ] } },
{ "type": "Feature", "properties": { "id": "S00304", "title": "Jilusa", "settlement_type": "Village", "ward_code": "W003", "ward_name": "Satita", "lga_name": "Idi-Oro", "target_population_under5": 88.0 }, "geometry": { "type": "Point", "coordinates": [ 7.254513, 10.973781 ] } },
{ "type": "Feature", "properties": { "id": "S00239", "title": "Jimaja", "settlement_type": "Village", "ward_code": "W003", "ward_name": "Satita", "lga_name": "Idi-Oro", "target_population_under5": 206.0 }, "geometry": { "type": "Point", "coordinates": [ 7.229021, 11.0078 ] } },
{ "type": "Feature", "properties": { "id": "S00276", "title": "Jinata", "settlement_type": "Village", "ward_code": "W003", "ward_name": "Satita", "lga_name": "Idi-Oro", "target_population_under5": 93.0 }, "geometry": { "type": "Point", "coordinates": [ 7.299211, 11.062987 ] } },
{ "type": "Feature", "properties": { "id": "S00325", "title": "Kamadu", "settlement_type": "Village", "ward_code": "W003", "ward_name": "Satita", "lga_name": "Idi-Oro", "target_population_under5": 50.0 }, "geometry": { "type": "Point", "coordinates": [ 7.220152, 10.969853 ] } },
{ "type": "Feature", "properties": { "id": "S00273", "title": "Kamata", "settlement_type": "Urban block", "ward_code": "W003", "ward_name": "Satita", "lga_name": "Idi-Oro", "target_population_under5": 139.0 }, "geometry": { "type": "Point", "coordinates": [ 7.271782, 11.003609 ] } },
{ "type": "Feature", "properties": { "id": "S00234", "title": "Karawa", "settlement_type": "Village", "ward_code": "W003", "ward_name": "Satita", "lga_name": "Idi-Oro", "target_population_under5": 71.0 }, "geometry": { "type": "Point", "coordinates": [ 7.415467, 11.101245 ] } },
{ "type": "Feature", "properties": { "id": "S00310", "title": "Karitu", "settlement_type": "Village", "ward_code": "W003", "ward_name": "Satita", "lga_name": "Idi-Oro", "target_population_under5": 246.0 }, "geometry": { "type": "Point", "coordinates": [ 7.422673, 10.983563 ] } },
{ "type": "Feature", "properties": { "id": "S00262", "title": "Kudewa-Kofar", "settlement_type": "Hamlet", "ward_code": "W003", "ward_name": "Satita", "lga_name": "Idi-Oro", "target_population_under5": 48.0 }, "geometry": { "type": "Point", "coordinates": [ 7.250187, 11.117289 ] } },
{ "type": "Feature", "properties": { "id": "S00292", "title": "Kukodu", "settlement_type": "Village", "ward_code": "W003", "ward_name": "Satita", "lga_name": "Idi-Oro", "target_population_under5": 277.0 }, "geometry": { "type": "Point", "coordinates": [ 7.20831, 11.047314 ] } },
{ "type": "Feature", "properties": { "id": "S00323", "title": "Kulale", "settlement_type": "Village", "ward_code": "W003", "ward_name": "Satita", "lga_name": "Idi-Oro", "target_population_under5": 85.0 }, "geometry": { "type": "Point", "coordinates": [ 7.372969, 11.122507 ] } },
{ "type": "Feature", "properties": { "id": "S00247", "title": "Lobadu", "settlement_type": "Settlement", "ward_code": "W003", "ward_name": "Satita", "lga_name": "Idi-Oro", "target_population_under5": 81.0 }, "geometry": { "type": "Point", "coordinates": [ 7.210089, 11.008765 ] } },
{ "type": "Feature", "properties": { "id": "S00259", "title": "Lobani-Tudun", "settlement_type": "Settlement", "ward_code": "W003", "ward_name": "Satita", "lga_name": "Idi-Oro", "target_population_under5": 26.0 }, "geometry": { "type": "Point", "coordinates": [ 7.448475, 10.998757 ] } },
{ "type": "Feature", "properties": { "id": "S00231", "title": "Lonaba", "settlement_type": "Village", "ward_code": "W003", "ward_name": "Satita", "lga_name": "Idi-Oro", "target_population_under5": 108.0 }, "geometry": { "type": "Point", "coordinates": [ 7.438777, 11.028321 ] } },
{ "type": "Feature", "properties": { "id": "S00289", "title": "Lozawa", "settlement_type": "Settlement", "ward_code": "W003", "ward_name": "Satita", "lga_name": "Idi-Oro", "target_population_under5": 96.0 }, "geometry": { "type": "Point", "coordinates": [ 7.22623, 11.030926 ] } },
{ "type": "Feature", "properties": { "id": "S00316", "title": "Mabaru", "settlement_type": "Hamlet", "ward_code": "W003", "ward_name": "Satita", "lga_name": "Idi-Oro", "target_population_under5": 52.0 }, "geometry": { "type": "Point", "coordinates": [ 7.253816, 11.127691 ] } },
{ "type": "Feature", "properties": { "id": "S00249", "title": "Manadu", "settlement_type": "Hamlet", "ward_code": "W003", "ward_name": "Satita", "lga_name": "Idi-Oro", "target_population_under5": 75.0 }, "geometry": { "type": "Point", "coordinates": [ 7.443855, 11.009757 ] } },
{ "type": "Feature", "properties": { "id": "S00222", "title": "Nuduta", "settlement_type": "Hamlet", "ward_code": "W003", "ward_name": "Satita", "lga_name": "Idi-Oro", "target_population_under5": 23.0 }, "geometry": { "type": "Point", "coordinates": [ 7.465561, 11.015925 ] } },
{ "type": "Feature", "properties": { "id": "S00265", "title": "Okrina", "settlement_type": "Urban block", "ward_code": "W003", "ward_name": "Satita", "lga_name": "Idi-Oro", "target_population_under5": 408.0 }, "geometry": { "type": "Point", "coordinates": [ 7.38623, 10.971843 ] } },
{ "type": "Feature", "properties": { "id": "S00232", "title": "Olbawo", "settlement_type": "Urban block", "ward_code": "W003", "ward_name": "Satita", "lga_name": "Idi-Oro", "target_population_under5": 343.0 }, "geometry": { "type": "Point", "coordinates": [ 7.21854, 10.998028 ] } },
{ "type": "Feature", "properties": { "id": "S00238", "title": "Olkoshi", "settlement_type": "Urban block", "ward_code": "W003", "ward_name": "Satita", "lga_name": "Idi-Oro", "target_population_under5": 131.0 }, "geometry": { "type": "Point", "coordinates": [ 7.438268, 11.10261 ] } },
{ "type": "Feature", "properties": { "id": "S00300", "title": "Olluyi", "settlement_type": "Settlement", "ward_code": "W003", "ward_name": "Satita", "lga_name": "Idi-Oro", "target_population_under5": 74.0 }, "geometry": { "type": "Point", "coordinates": [ 7.258265, 10.990615 ] } },
{ "type": "Feature", "properties": { "id": "S00274", "title": "Olnaba-Sabo", "settlement_type": "Urban block", "ward_code": "W003", "ward_name": "Satita", "lga_name": "Idi-Oro", "target_population_under5": 970.0 }, "geometry": { "type": "Point", "coordinates": [ 7.183011, 10.997913 ] } },
{ "type": "Feature", "properties": { "id": "S00283", "title": "Olnata", "settlement_type": "Hamlet", "ward_code": "W003", "ward_name": "Satita", "lga_name": "Idi-Oro", "target_population_under5": 24.0 }, "geometry": { "type": "Point", "coordinates": [ 7.247416, 10.97444 ] } },
{ "type": "Feature", "properties": { "id": "S00290", "title": "Olnayi", "settlement_type": "Village", "ward_code": "W003", "ward_name": "Satita", "lga_name": "Idi-Oro", "target_population_under5": 47.0 }, "geometry": { "type": "Point", "coordinates": [ 7.377468, 11.110334 ] } },
{ "type": "Feature", "properties": { "id": "S00319", "title": "Rikoshi", "settlement_type": "Urban block", "ward_code": "W003", "ward_name": "Satita", "lga_name": "Idi-Oro", "target_population_under5": 757.0 }, "geometry": { "type": "Point", "coordinates": [ 7.449792, 11.051997 ] } },
{ "type": "Feature", "properties": { "id": "S00312", "title": "Rilafa", "settlement_type": "Village", "ward_code": "W003", "ward_name": "Satita", "lga_name": "Idi-Oro", "target_population_under5": 188.0 }, "geometry": { "type": "Point", "coordinates": [ 7.223659, 10.991164 ] } },
{ "type": "Feature", "properties": { "id": "S00291", "title": "Riluna", "settlement_type": "Hamlet", "ward_code": "W003", "ward_name": "Satita", "lga_name": "Idi-Oro", "target_population_under5": 13.0 }, "geometry": { "type": "Point", "coordinates": [ 7.457975, 11.029928 ] } },
{ "type": "Feature", "properties": { "id": "S00246", "title": "Rimafa-Kudu", "settlement_type": "Urban block", "ward_code": "W003", "ward_name": "Satita", "lga_name": "Idi-Oro", "target_population_under5": 567.0 }, "geometry": { "type": "Point", "coordinates": [ 7.253182, 10.981263 ] } },
{ "type": "Feature", "properties": { "id": "S00225", "title": "Rinaja", "settlement_type": "Village", "ward_code": "W003", "ward_name": "Satita", "lga_name": "Idi-Oro", "target_population_under5": 112.0 }, "geometry": { "type": "Point", "coordinates": [ 7.365768, 11.096557 ] } },
{ "type": "Feature", "properties": { "id": "S00245", "title": "Ritsima-Tsakiya", "settlement_type": "Hamlet", "ward_code": "W003", "ward_name": "Satita", "lga_name": "Idi-Oro", "target_population_under5": 87.0 }, "geometry": { "type": "Point", "coordinates": [ 7.422686, 11.031244 ] } },
{ "type": "Feature", "properties": { "id": "S00263", "title": "Sabaru", "settlement_type": "Hamlet", "ward_code": "W003", "ward_name": "Satita", "lga_name": "Idi-Oro", "target_population_under5": 60.0 }, "geometry": { "type": "Point", "coordinates": [ 7.366212, 11.109088 ] } },
{ "type": "Feature", "properties": { "id": "S00248", "title": "Suderu", "settlement_type": "Hamlet", "ward_code": "W003", "ward_name": "Satita", "lga_name": "Idi-Oro", "target_population_under5": 86.0 }, "geometry": { "type": "Point", "coordinates": [ 7.242758, 11.04221 ] } },
{ "type": "Feature", "properties": { "id": "S00313", "title": "Suduwo", "settlement_type": "Village", "ward_code": "W003", "ward_name": "Satita", "lga_name": "Idi-Oro", "target_population_under5": 169.0 }, "geometry": { "type": "Point", "coordinates": [ 7.26032, 10.979019 ] } },
{ "type": "Feature", "properties": { "id": "S00253", "title": "Sukosa", "settlement_type": "Village", "ward_code": "W003", "ward_name": "Satita", "lga_name": "Idi-Oro", "target_population_under5": 182.0 }, "geometry": { "type": "Point", "coordinates": [ 7.22908, 11.066524 ] } },
{ "type": "Feature", "properties": { "id": "S00309", "title": "Sulade", "settlement_type": "Village", "ward_code": "W003", "ward_name": "Satita", "lga_name": "Idi-Oro", "target_population_under5": 95.0 }, "geometry": { "type": "Point", "coordinates": [ 7.226176, 10.996478 ] } },
{ "type": "Feature", "properties": { "id": "S00243", "title": "Surifa", "settlement_type": "Settlement", "ward_code": "W003", "ward_name": "Satita", "lga_name": "Idi-Oro", "target_population_under5": 61.0 }, "geometry": { "type": "Point", "coordinates": [ 7.389459, 11.077727 ] } },
{ "type": "Feature", "properties": { "id": "S00251", "title": "Susama", "settlement_type": "Urban block", "ward_code": "W003", "ward_name": "Satita", "lga_name": "Idi-Oro", "target_population_under5": 165.0 }, "geometry": { "type": "Point", "coordinates": [ 7.395988, 11.100397 ] } },
{ "type": "Feature", "properties": { "id": "S00314", "title": "Suyoko", "settlement_type": "Village", "ward_code": "W003", "ward_name": "Satita", "lga_name": "Idi-Oro", "target_population_under5": 78.0 }, "geometry": { "type": "Point", "coordinates": [ 7.259548, 11.12708 ] } },
{ "type": "Feature", "properties": { "id": "S00295", "title": "Tabewa-Tudun", "settlement_type": "Village", "ward_code": "W003", "ward_name": "Satita", "lga_name": "Idi-Oro", "target_population_under5": 239.0 }, "geometry": { "type": "Point", "coordinates": [ 7.420875, 11.090051 ] } },
{ "type": "Feature", "properties": { "id": "S00260", "title": "Tadedu", "settlement_type": "Village", "ward_code": "W003", "ward_name": "Satita", "lga_name": "Idi-Oro", "target_population_under5": 25.0 }, "geometry": { "type": "Point", "coordinates": [ 7.435299, 10.996173 ] } },
{ "type": "Feature", "properties": { "id": "S00229", "title": "Tajija", "settlement_type": "Hamlet", "ward_code": "W003", "ward_name": "Satita", "lga_name": "Idi-Oro", "target_population_under5": 22.0 }, "geometry": { "type": "Point", "coordinates": [ 7.386991, 11.087803 ] } },
{ "type": "Feature", "properties": { "id": "S00328", "title": "Tamami-Kofar", "settlement_type": "Village", "ward_code": "W003", "ward_name": "Satita", "lga_name": "Idi-Oro", "target_population_under5": 109.0 }, "geometry": { "type": "Point", "coordinates": [ 7.468283, 11.034947 ] } },
{ "type": "Feature", "properties": { "id": "S00308", "title": "Umjiwa-Kudu", "settlement_type": "Hamlet", "ward_code": "W003", "ward_name": "Satita", "lga_name": "Idi-Oro", "target_population_under5": 23.0 }, "geometry": { "type": "Point", "coordinates": [ 7.455776, 11.03287 ] } },
{ "type": "Feature", "properties": { "id": "S00303", "title": "Umkoru", "settlement_type": "Village", "ward_code": "W003", "ward_name": "Satita", "lga_name": "Idi-Oro", "target_population_under5": 129.0 }, "geometry": { "type": "Point", "coordinates": [ 7.245708, 11.10832 ] } },
{ "type": "Feature", "properties": { "id": "S00297", "title": "Umnata", "settlement_type": "Hamlet", "ward_code": "W003", "ward_name": "Satita", "lga_name": "Idi-Oro", "target_population_under5": 61.0 }, "geometry": { "type": "Point", "coordinates": [ 7.217397, 10.972632 ] } },
{ "type": "Feature", "properties": { "id": "S00241", "title": "Umnawo", "settlement_type": "Hamlet", "ward_code": "W003", "ward_name": "Satita", "lga_name": "Idi-Oro", "target_population_under5": 36.0 }, "geometry": { "type": "Point", "coordinates": [ 7.241088, 11.010484 ] } },
{ "type": "Feature", "properties": { "id": "S00296", "title": "Uzbata", "settlement_type": "Village", "ward_code": "W003", "ward_name": "Satita", "lga_name": "Idi-Oro", "target_population_under5": 102.0 }, "geometry": { "type": "Point", "coordinates": [ 7.245885, 11.041682 ] } },
{ "type": "Feature", "properties": { "id": "S00268", "title": "Uzkowo", "settlement_type": "Urban block", "ward_code": "W003", "ward_name": "Satita", "lga_name": "Idi-Oro", "target_population_under5": 378.0 }, "geometry": { "type": "Point", "coordinates": [ 7.239608, 10.999979 ] } },
{ "type": "Feature", "properties": { "id": "S00294", "title": "Uzlako", "settlement_type": "Settlement", "ward_code": "W003", "ward_name": "Satita", "lga_name": "Idi-Oro", "target_population_under5": 91.0 }, "geometry": { "type": "Point", "coordinates": [ 7.271927, 10.976346 ] } },
{ "type": "Feature", "properties": { "id": "S00258", "title": "Uzmashi", "settlement_type": "Settlement", "ward_code": "W003", "ward_name": "Satita", "lga_name": "Idi-Oro", "target_population_under5": 169.0 }, "geometry": { "type": "Point", "coordinates": [ 7.221958, 10.991247 ] } },
{ "type": "Feature", "properties": { "id": "S00257", "title": "Uzyori", "settlement_type": "Urban block", "ward_code": "W003", "ward_name": "Satita", "lga_name": "Idi-Oro", "target_population_under5": 403.0 }, "geometry": { "type": "Point", "coordinates": [ 7.217871, 10.957419 ] } },
{ "type": "Feature", "properties": { "id": "S00275", "title": "Uzyosa-Kudu", "settlement_type": "Hamlet", "ward_code": "W003", "ward_name": "Satita", "lga_name": "Idi-Oro", "target_population_under5": 12.0 }, "geometry": { "type": "Point", "coordinates": [ 7.198245, 10.9876 ] } },
{ "type": "Feature", "properties": { "id": "S00233", "title": "Yengole-Gabas", "settlement_type": "Hamlet", "ward_code": "W003", "ward_name": "Satita", "lga_name": "Idi-Oro", "target_population_under5": null }, "geometry": { "type": "Point", "coordinates": [ 7.250355, 11.094596 ] } },
{ "type": "Feature", "properties": { "id": "S00236", "title": "Yetija", "settlement_type": "Settlement", "ward_code": "W003", "ward_name": "Satita", "lga_name": "Idi-Oro", "target_population_under5": 14.0 }, "geometry": { "type": "Point", "coordinates": [ 7.278567, 11.106206 ] } },
{ "type": "Feature", "properties": { "id": "S00301", "title": "Yetsiwa", "settlement_type": "Village", "ward_code": "W003", "ward_name": "Satita", "lga_name": "Idi-Oro", "target_population_under5": 65.0 }, "geometry": { "type": "Point", "coordinates": [ 7.430603, 10.99948 ] } },
{ "type": "Feature", "properties": { "id": "S00322", "title": "Yezaba", "settlement_type": "Village", "ward_code": "W003", "ward_name": "Satita", "lga_name": "Idi-Oro", "target_population_under5": 126.0 }, "geometry": { "type": "Point", "coordinates": [ 7.411106, 11.036257 ] } },
{ "type": "Feature", "properties": { "id": "S00302", "title": "Zabayi-Yamma", "settlement_type": "Village", "ward_code": "W003", "ward_name": "Satita", "lga_name": "Idi-Oro", "target_population_under5": 261.0 }, "geometry": { "type": "Point", "coordinates": [ 7.21624, 11.008435 ] } },
{ "type": "Feature", "properties": { "id": "S00694", "title": "Addudu", "settlement_type": "Village", "ward_code": "W008", "ward_name": "Umyosa", "lga_name": "Idi-Oro", "target_population_under5": 173.0 }, "geometry": { "type": "Point", "coordinates": [ 7.359225, 10.857187 ] } },
{ "type": "Feature", "properties": { "id": "S00688", "title": "Adjiwo", "settlement_type": "Hamlet", "ward_code": "W008", "ward_name": "Umyosa", "lga_name": "Idi-Oro", "target_population_under5": 6.0 }, "geometry": { "type": "Point", "coordinates": [ 7.442974, 10.955766 ] } },
{ "type": "Feature", "properties": { "id": "S00663", "title": "Adlari-Kofar", "settlement_type": "Hamlet", "ward_code": "W008", "ward_name": "Umyosa", "lga_name": "Idi-Oro", "target_population_under5": 26.0 }, "geometry": { "type": "Point", "coordinates": [ 7.193367, 10.928889 ] } },
{ "type": "Feature", "properties": { "id": "S00764", "title": "Adshasa", "settlement_type": "Settlement", "ward_code": "W008", "ward_name": "Umyosa", "lga_name": "Idi-Oro", "target_population_under5": 184.0 }, "geometry": { "type": "Point", "coordinates": [ 7.238616, 10.917946 ] } },
{ "type": "Feature", "properties": { "id": "S00667", "title": "Adyole", "settlement_type": "Village", "ward_code": "W008", "ward_name": "Umyosa", "lga_name": "Idi-Oro", "target_population_under5": 58.0 }, "geometry": { "type": "Point", "coordinates": [ 7.323871, 10.860991 ] } },
{ "type": "Feature", "properties": { "id": "S00683", "title": "Agbadu", "settlement_type": "Urban block", "ward_code": "W008", "ward_name": "Umyosa", "lga_name": "Idi-Oro", "target_population_under5": 130.0 }, "geometry": { "type": "Point", "coordinates": [ 7.329075, 10.863018 ] } },
{ "type": "Feature", "properties": { "id": "S00678", "title": "Aglama", "settlement_type": "Urban block", "ward_code": "W008", "ward_name": "Umyosa", "lga_name": "Idi-Oro", "target_population_under5": 278.0 }, "geometry": { "type": "Point", "coordinates": [ 7.44241, 10.959312 ] } },
{ "type": "Feature", "properties": { "id": "S00697", "title": "Agngoba", "settlement_type": "Village", "ward_code": "W008", "ward_name": "Umyosa", "lga_name": "Idi-Oro", "target_population_under5": 187.0 }, "geometry": { "type": "Point", "coordinates": [ 7.444948, 10.956667 ] } },
{ "type": "Feature", "properties": { "id": "S00753", "title": "Agwama", "settlement_type": "Village", "ward_code": "W008", "ward_name": "Umyosa", "lga_name": "Idi-Oro", "target_population_under5": 88.0 }, "geometry": { "type": "Point", "coordinates": [ 7.313721, 10.954666 ] } },
{ "type": "Feature", "properties": { "id": "S00733", "title": "Agzari", "settlement_type": "Urban block", "ward_code": "W008", "ward_name": "Umyosa", "lga_name": "Idi-Oro", "target_population_under5": 523.0 }, "geometry": { "type": "Point", "coordinates": [ 7.190205, 10.909051 ] } },
{ "type": "Feature", "properties": { "id": "S00728", "title": "Badesa", "settlement_type": "Urban block", "ward_code": "W008", "ward_name": "Umyosa", "lga_name": "Idi-Oro", "target_population_under5": 729.0 }, "geometry": { "type": "Point", "coordinates": [ 7.434042, 10.949903 ] } },
{ "type": "Feature", "properties": { "id": "S00714", "title": "Bajita", "settlement_type": "Hamlet", "ward_code": "W008", "ward_name": "Umyosa", "lga_name": "Idi-Oro", "target_population_under5": 50.0 }, "geometry": { "type": "Point", "coordinates": [ 7.434619, 10.944433 ] } },
{ "type": "Feature", "properties": { "id": "S00687", "title": "Batsisa", "settlement_type": "Hamlet", "ward_code": "W008", "ward_name": "Umyosa", "lga_name": "Idi-Oro", "target_population_under5": 24.0 }, "geometry": { "type": "Point", "coordinates": [ 7.367433, 10.870089 ] } },
{ "type": "Feature", "properties": { "id": "S00740", "title": "Bayomi", "settlement_type": "Village", "ward_code": "W008", "ward_name": "Umyosa", "lga_name": "Idi-Oro", "target_population_under5": 206.0 }, "geometry": { "type": "Point", "coordinates": [ 7.210121, 10.922048 ] } },
{ "type": "Feature", "properties": { "id": "S00703", "title": "Bikota", "settlement_type": "Village", "ward_code": "W008", "ward_name": "Umyosa", "lga_name": "Idi-Oro", "target_population_under5": 146.0 }, "geometry": { "type": "Point", "coordinates": [ 7.428571, 10.956978 ] } },
{ "type": "Feature", "properties": { "id": "S00702", "title": "Bilaba", "settlement_type": "Village", "ward_code": "W008", "ward_name": "Umyosa", "lga_name": "Idi-Oro", "target_population_under5": 134.0 }, "geometry": { "type": "Point", "coordinates": [ 7.257556, 10.886695 ] } },
{ "type": "Feature", "properties": { "id": "S00776", "title": "Biluwo-Yamma", "settlement_type": "Village", "ward_code": "W008", "ward_name": "Umyosa", "lga_name": "Idi-Oro", "target_population_under5": 73.0 }, "geometry": { "type": "Point", "coordinates": [ 7.395232, 10.958627 ] } },
{ "type": "Feature", "properties": { "id": "S00700", "title": "Birari", "settlement_type": "Hamlet", "ward_code": "W008", "ward_name": "Umyosa", "lga_name": "Idi-Oro", "target_population_under5": 23.0 }, "geometry": { "type": "Point", "coordinates": [ 7.181931, 10.918442 ] } },
{ "type": "Feature", "properties": { "id": "S00699", "title": "Biriko", "settlement_type": "Village", "ward_code": "W008", "ward_name": "Umyosa", "lga_name": "Idi-Oro", "target_population_under5": 80.0 }, "geometry": { "type": "Point", "coordinates": [ 7.32048, 10.818151 ] } },
{ "type": "Feature", "properties": { "id": "S00741", "title": "Bitsiko", "settlement_type": "Urban block", "ward_code": "W008", "ward_name": "Umyosa", "lga_name": "Idi-Oro", "target_population_under5": 476.0 }, "geometry": { "type": "Point", "coordinates": [ 7.166539, 10.924379 ] } },
{ "type": "Feature", "properties": { "id": "S00705", "title": "Dajiwa", "settlement_type": "Village", "ward_code": "W008", "ward_name": "Umyosa", "lga_name": "Idi-Oro", "target_population_under5": 155.0 }, "geometry": { "type": "Point", "coordinates": [ 7.206492, 10.928996 ] } },
{ "type": "Feature", "properties": { "id": "S00746", "title": "Daluru-Arewa", "settlement_type": "Hamlet", "ward_code": "W008", "ward_name": "Umyosa", "lga_name": "Idi-Oro", "target_population_under5": 29.0 }, "geometry": { "type": "Point", "coordinates": [ 7.224977, 10.910618 ] } },
{ "type": "Feature", "properties": { "id": "S00695", "title": "Darana", "settlement_type": "Hamlet", "ward_code": "W008", "ward_name": "Umyosa", "lga_name": "Idi-Oro", "target_population_under5": 18.0 }, "geometry": { "type": "Point", "coordinates": [ 7.355398, 10.888683 ] } },
{ "type": "Feature", "properties": { "id": "S00666", "title": "Datita", "settlement_type": "Hamlet", "ward_code": "W008", "ward_name": "Umyosa", "lga_name": "Idi-Oro", "target_population_under5": 41.0 }, "geometry": { "type": "Point", "coordinates": [ 7.387812, 10.94372 ] } },
{ "type": "Feature", "properties": { "id": "S00763", "title": "Dazako", "settlement_type": "Village", "ward_code": "W008", "ward_name": "Umyosa", "lga_name": "Idi-Oro", "target_population_under5": 293.0 }, "geometry": { "type": "Point", "coordinates": [ 7.425445, 10.928942 ] } },
{ "type": "Feature", "properties": { "id": "S00684", "title": "Dobaja", "settlement_type": "Village", "ward_code": "W008", "ward_name": "Umyosa", "lga_name": "Idi-Oro", "target_population_under5": 91.0 }, "geometry": { "type": "Point", "coordinates": [ 7.423676, 10.934728 ] } },
{ "type": "Feature", "properties": { "id": "S00713", "title": "Dojimi", "settlement_type": "Hamlet", "ward_code": "W008", "ward_name": "Umyosa", "lga_name": "Idi-Oro", "target_population_under5": 20.0 }, "geometry": { "type": "Point", "coordinates": [ 7.220007, 10.935882 ] } },
{ "type": "Feature", "properties": { "id": "S00710", "title": "Ekluyi-Kofar", "settlement_type": "Village", "ward_code": "W008", "ward_name": "Umyosa", "lga_name": "Idi-Oro", "target_population_under5": 45.0 }, "geometry": { "type": "Point", "coordinates": [ 7.357978, 10.89852 ] } },
{ "type": "Feature", "properties": { "id": "S00762", "title": "Enduta", "settlement_type": "Village", "ward_code": "W008", "ward_name": "Umyosa", "lga_name": "Idi-Oro", "target_population_under5": 32.0 }, "geometry": { "type": "Point", "coordinates": [ 7.355781, 10.834656 ] } },
{ "type": "Feature", "properties": { "id": "S00786", "title": "Enkoru-Yamma", "settlement_type": "Hamlet", "ward_code": "W008", "ward_name": "Umyosa", "lga_name": "Idi-Oro", "target_population_under5": 76.0 }, "geometry": { "type": "Point", "coordinates": [ 7.418616, 10.953641 ] } },
{ "type": "Feature", "properties": { "id": "S00664", "title": "Enlaru", "settlement_type": "Urban block", "ward_code": "W008", "ward_name": "Umyosa", "lga_name": "Idi-Oro", "target_population_under5": 180.0 }, "geometry": { "type": "Point", "coordinates": [ 7.207956, 10.908941 ] } },
{ "type": "Feature", "properties": { "id": "S00748", "title": "Enngoko", "settlement_type": "Village", "ward_code": "W008", "ward_name": "Umyosa", "lga_name": "Idi-Oro", "target_population_under5": 37.0 }, "geometry": { "type": "Point", "coordinates": [ 7.250883, 10.943067 ] } },
{ "type": "Feature", "properties": { "id": "S00725", "title": "Entita", "settlement_type": "Village", "ward_code": "W008", "ward_name": "Umyosa", "lga_name": "Idi-Oro", "target_population_under5": 129.0 }, "geometry": { "type": "Point", "coordinates": [ 7.418632, 10.962345 ] } },
{ "type": "Feature", "properties": { "id": "S00719", "title": "Entsima", "settlement_type": "Hamlet", "ward_code": "W008", "ward_name": "Umyosa", "lga_name": "Idi-Oro", "target_population_under5": 50.0 }, "geometry": { "type": "Point", "coordinates": [ 7.227793, 10.939008 ] } },
{ "type": "Feature", "properties": { "id": "S00676", "title": "Entsina-Kofar", "settlement_type": "Village", "ward_code": "W008", "ward_name": "Umyosa", "lga_name": "Idi-Oro", "target_population_under5": 56.0 }, "geometry": { "type": "Point", "coordinates": [ 7.404341, 10.90401 ] } },
{ "type": "Feature", "properties": { "id": "S00745", "title": "Enyoba", "settlement_type": "Hamlet", "ward_code": "W008", "ward_name": "Umyosa", "lga_name": "Idi-Oro", "target_population_under5": 33.0 }, "geometry": { "type": "Point", "coordinates": [ 7.242207, 10.891844 ] } },
{ "type": "Feature", "properties": { "id": "S00686", "title": "Enyosa", "settlement_type": "Hamlet", "ward_code": "W008", "ward_name": "Umyosa", "lga_name": "Idi-Oro", "target_population_under5": 37.0 }, "geometry": { "type": "Point", "coordinates": [ 7.427714, 10.946292 ] } },
{ "type": "Feature", "properties": { "id": "S00775", "title": "Fabawo", "settlement_type": "Hamlet", "ward_code": "W008", "ward_name": "Umyosa", "lga_name": "Idi-Oro", "target_population_under5": 50.0 }, "geometry": { "type": "Point", "coordinates": [ 7.33066, 10.858822 ] } },
{ "type": "Feature", "properties": { "id": "S00706", "title": "Faduwa", "settlement_type": "Urban block", "ward_code": "W008", "ward_name": "Umyosa", "lga_name": "Idi-Oro", "target_population_under5": 643.0 }, "geometry": { "type": "Point", "coordinates": [ 7.260547, 10.940304 ] } },
{ "type": "Feature", "properties": { "id": "S00701", "title": "Fajile", "settlement_type": "Village", "ward_code": "W008", "ward_name": "Umyosa", "lga_name": "Idi-Oro", "target_population_under5": 236.0 }, "geometry": { "type": "Point", "coordinates": [ 7.419953, 10.942019 ] } },
{ "type": "Feature", "properties": { "id": "S00677", "title": "Falushi", "settlement_type": "Hamlet", "ward_code": "W008", "ward_name": "Umyosa", "lga_name": "Idi-Oro", "target_population_under5": 34.0 }, "geometry": { "type": "Point", "coordinates": [ 7.366522, 10.856075 ] } },
{ "type": "Feature", "properties": { "id": "S00744", "title": "Famatu", "settlement_type": "Village", "ward_code": "W008", "ward_name": "Umyosa", "lga_name": "Idi-Oro", "target_population_under5": 192.0 }, "geometry": { "type": "Point", "coordinates": [ 7.426904, 10.961768 ] } },
{ "type": "Feature", "properties": { "id": "S00674", "title": "Fasaru", "settlement_type": "Urban block", "ward_code": "W008", "ward_name": "Umyosa", "lga_name": "Idi-Oro", "target_population_under5": 744.0 }, "geometry": { "type": "Point", "coordinates": [ 7.19803, 10.930676 ] } },
{ "type": "Feature", "properties": { "id": "S00736", "title": "Fashaba", "settlement_type": "Village", "ward_code": "W008", "ward_name": "Umyosa", "lga_name": "Idi-Oro", "target_population_under5": 178.0 }, "geometry": { "type": "Point", "coordinates": [ 7.259218, 10.939031 ] } },
{ "type": "Feature", "properties": { "id": "S00685", "title": "Fazaja-Sabo", "settlement_type": "Settlement", "ward_code": "W008", "ward_name": "Umyosa", "lga_name": "Idi-Oro", "target_population_under5": 56.0 }, "geometry": { "type": "Point", "coordinates": [ 7.36539, 10.858397 ] } },
{ "type": "Feature", "properties": { "id": "S00712", "title": "Gulako", "settlement_type": "Urban block", "ward_code": "W008", "ward_name": "Umyosa", "lga_name": "Idi-Oro", "target_population_under5": 463.0 }, "geometry": { "type": "Point", "coordinates": [ 7.440981, 10.949535 ] } },
{ "type": "Feature", "properties": { "id": "S00679", "title": "Gulawa-Tudun", "settlement_type": "Village", "ward_code": "W008", "ward_name": "Umyosa", "lga_name": "Idi-Oro", "target_population_under5": 120.0 }, "geometry": { "type": "Point", "coordinates": [ 7.217175, 10.922914 ] } },
{ "type": "Feature", "properties": { "id": "S00668", "title": "Gunatu-Gabas", "settlement_type": "Village", "ward_code": "W008", "ward_name": "Umyosa", "lga_name": "Idi-Oro", "target_population_under5": 93.0 }, "geometry": { "type": "Point", "coordinates": [ 7.432312, 10.966143 ] } },
{ "type": "Feature", "properties": { "id": "S00680", "title": "Gurata", "settlement_type": "Village", "ward_code": "W008", "ward_name": "Umyosa", "lga_name": "Idi-Oro", "target_population_under5": 124.0 }, "geometry": { "type": "Point", "coordinates": [ 7.330844, 10.856631 ] } },
{ "type": "Feature", "properties": { "id": "S00784", "title": "Hababa", "settlement_type": "Hamlet", "ward_code": "W008", "ward_name": "Umyosa", "lga_name": "Idi-Oro", "target_population_under5": 29.0 }, "geometry": { "type": "Point", "coordinates": [ 7.220192, 10.912078 ] } },
{ "type": "Feature", "properties": { "id": "S00739", "title": "Hakoko", "settlement_type": "Settlement", "ward_code": "W008", "ward_name": "Umyosa", "lga_name": "Idi-Oro", "target_population_under5": 63.0 }, "geometry": { "type": "Point", "coordinates": [ 7.195232, 10.917596 ] } },
{ "type": "Feature", "properties": { "id": "S00767", "title": "Halule", "settlement_type": "Village", "ward_code": "W008", "ward_name": "Umyosa", "lga_name": "Idi-Oro", "target_population_under5": 79.0 }, "geometry": { "type": "Point", "coordinates": [ 7.194576, 10.905744 ] } },
{ "type": "Feature", "properties": { "id": "S00729", "title": "Hamata", "settlement_type": "Settlement", "ward_code": "W008", "ward_name": "Umyosa", "lga_name": "Idi-Oro", "target_population_under5": 36.0 }, "geometry": { "type": "Point", "coordinates": [ 7.248852, 10.868526 ] } },
{ "type": "Feature", "properties": { "id": "S00672", "title": "Hangodu-Kudu", "settlement_type": "Urban block", "ward_code": "W008", "ward_name": "Umyosa", "lga_name": "Idi-Oro", "target_population_under5": 387.0 }, "geometry": { "type": "Point", "coordinates": [ 7.322456, 10.853215 ] } },
{ "type": "Feature", "properties": { "id": "S00698", "title": "Hasani", "settlement_type": "Village", "ward_code": "W008", "ward_name": "Umyosa", "lga_name": "Idi-Oro", "target_population_under5": 85.0 }, "geometry": { "type": "Point", "coordinates": [ 7.253007, 10.925885 ] } },
{ "type": "Feature", "properties": { "id": "S00721", "title": "Ibdema", "settlement_type": "Urban block", "ward_code": "W008", "ward_name": "Umyosa", "lga_name": "Idi-Oro", "target_population_under5": 686.0 }, "geometry": { "type": "Point", "coordinates": [ 7.435787, 10.950314 ] } },
{ "type": "Feature", "properties": { "id": "S00754", "title": "Ibduja", "settlement_type": "Urban block", "ward_code": "W008", "ward_name": "Umyosa", "lga_name": "Idi-Oro", "target_population_under5": 254.0 }, "geometry": { "type": "Point", "coordinates": [ 7.435084, 10.952799 ] } },
{ "type": "Feature", "properties": { "id": "S00757", "title": "Ibkodu", "settlement_type": "Hamlet", "ward_code": "W008", "ward_name": "Umyosa", "lga_name": "Idi-Oro", "target_population_under5": 13.0 }, "geometry": { "type": "Point", "coordinates": [ 7.426184, 10.972645 ] } },
{ "type": "Feature", "properties": { "id": "S00722", "title": "Irjitu-Kofar", "settlement_type": "Village", "ward_code": "W008", "ward_name": "Umyosa", "lga_name": "Idi-Oro", "target_population_under5": 160.0 }, "geometry": { "type": "Point", "coordinates": [ 7.417512, 10.935453 ] } },
{ "type": "Feature", "properties": { "id": "S00696", "title": "Irngosa", "settlement_type": "Hamlet", "ward_code": "W008", "ward_name": "Umyosa", "lga_name": "Idi-Oro", "target_population_under5": 59.0 }, "geometry": { "type": "Point", "coordinates": [ 7.424209, 10.969162 ] } },
{ "type": "Feature", "properties": { "id": "S00772", "title": "Irrako", "settlement_type": "Settlement", "ward_code": "W008", "ward_name": "Umyosa", "lga_name": "Idi-Oro", "target_population_under5": 75.0 }, "geometry": { "type": "Point", "coordinates": [ 7.413838, 10.940992 ] } },
{ "type": "Feature", "properties": { "id": "S00665", "title": "Irsale", "settlement_type": "Hamlet", "ward_code": "W008", "ward_name": "Umyosa", "lga_name": "Idi-Oro", "target_population_under5": 41.0 }, "geometry": { "type": "Point", "coordinates": [ 7.161797, 10.923225 ] } },
{ "type": "Feature", "properties": { "id": "S00723", "title": "Irtsiru", "settlement_type": "Settlement", "ward_code": "W008", "ward_name": "Umyosa", "lga_name": "Idi-Oro", "target_population_under5": 106.0 }, "geometry": { "type": "Point", "coordinates": [ 7.43685, 10.964865 ] } },
{ "type": "Feature", "properties": { "id": "S00682", "title": "Irzari", "settlement_type": "Village", "ward_code": "W008", "ward_name": "Umyosa", "lga_name": "Idi-Oro", "target_population_under5": 113.0 }, "geometry": { "type": "Point", "coordinates": [ 7.300808, 10.946128 ] } },
{ "type": "Feature", "properties": { "id": "S00662", "title": "Jibena", "settlement_type": "Village", "ward_code": "W008", "ward_name": "Umyosa", "lga_name": "Idi-Oro", "target_population_under5": 166.0 }, "geometry": { "type": "Point", "coordinates": [ 7.204619, 10.913538 ] } },
{ "type": "Feature", "properties": { "id": "S00681", "title": "Jimadu", "settlement_type": "Village", "ward_code": "W008", "ward_name": "Umyosa", "lga_name": "Idi-Oro", "target_population_under5": 109.0 }, "geometry": { "type": "Point", "coordinates": [ 7.38405, 10.944467 ] } },
{ "type": "Feature", "properties": { "id": "S00752", "title": "Jitile", "settlement_type": "Village", "ward_code": "W008", "ward_name": "Umyosa", "lga_name": "Idi-Oro", "target_population_under5": 173.0 }, "geometry": { "type": "Point", "coordinates": [ 7.41703, 10.969849 ] } },
{ "type": "Feature", "properties": { "id": "S00720", "title": "Jiwale", "settlement_type": "Hamlet", "ward_code": "W008", "ward_name": "Umyosa", "lga_name": "Idi-Oro", "target_population_under5": 29.0 }, "geometry": { "type": "Point", "coordinates": [ 7.338246, 10.935312 ] } },
{ "type": "Feature", "properties": { "id": "S00779", "title": "Katsimi", "settlement_type": "Village", "ward_code": "W008", "ward_name": "Umyosa", "lga_name": "Idi-Oro", "target_population_under5": 103.0 }, "geometry": { "type": "Point", "coordinates": [ 7.429117, 10.970925 ] } },
{ "type": "Feature", "properties": { "id": "S00673", "title": "Kawaja", "settlement_type": "Urban block", "ward_code": "W008", "ward_name": "Umyosa", "lga_name": "Idi-Oro", "target_population_under5": 136.0 }, "geometry": { "type": "Point", "coordinates": [ 7.422547, 10.939668 ] } },
{ "type": "Feature", "properties": { "id": "S00709", "title": "Kayomi", "settlement_type": "Hamlet", "ward_code": "W008", "ward_name": "Umyosa", "lga_name": "Idi-Oro", "target_population_under5": 25.0 }, "geometry": { "type": "Point", "coordinates": [ 7.405195, 10.957698 ] } },
{ "type": "Feature", "properties": { "id": "S00692", "title": "Kurana", "settlement_type": "Village", "ward_code": "W008", "ward_name": "Umyosa", "lga_name": "Idi-Oro", "target_population_under5": 71.0 }, "geometry": { "type": "Point", "coordinates": [ 7.183049, 10.929155 ] } },
{ "type": "Feature", "properties": { "id": "S00751", "title": "Kusayi", "settlement_type": "Urban block", "ward_code": "W008", "ward_name": "Umyosa", "lga_name": "Idi-Oro", "target_population_under5": 346.0 }, "geometry": { "type": "Point", "coordinates": [ 7.19895, 10.935172 ] } },
{ "type": "Feature", "properties": { "id": "S00769", "title": "Kushata", "settlement_type": "Village", "ward_code": "W008", "ward_name": "Umyosa", "lga_name": "Idi-Oro", "target_population_under5": 93.0 }, "geometry": { "type": "Point", "coordinates": [ 7.394149, 10.962742 ] } },
{ "type": "Feature", "properties": { "id": "S00755", "title": "Kutsile", "settlement_type": "Village", "ward_code": "W008", "ward_name": "Umyosa", "lga_name": "Idi-Oro", "target_population_under5": 253.0 }, "geometry": { "type": "Point", "coordinates": [ 7.325127, 10.915601 ] } },
{ "type": "Feature", "properties": { "id": "S00691", "title": "Kuwashi", "settlement_type": "Hamlet", "ward_code": "W008", "ward_name": "Umyosa", "lga_name": "Idi-Oro", "target_population_under5": 31.0 }, "geometry": { "type": "Point", "coordinates": [ 7.296419, 10.952955 ] } },
{ "type": "Feature", "properties": { "id": "S00765", "title": "Lomashi", "settlement_type": "Hamlet", "ward_code": "W008", "ward_name": "Umyosa", "lga_name": "Idi-Oro", "target_population_under5": 38.0 }, "geometry": { "type": "Point", "coordinates": [ 7.209285, 10.905162 ] } },
{ "type": "Feature", "properties": { "id": "S00670", "title": "Lotsina", "settlement_type": "Hamlet", "ward_code": "W008", "ward_name": "Umyosa", "lga_name": "Idi-Oro", "target_population_under5": 31.0 }, "geometry": { "type": "Point", "coordinates": [ 7.20311, 10.916034 ] } },
{ "type": "Feature", "properties": { "id": "S00785", "title": "Makowo-Kofar", "settlement_type": "Settlement", "ward_code": "W008", "ward_name": "Umyosa", "lga_name": "Idi-Oro", "target_population_under5": 169.0 }, "geometry": { "type": "Point", "coordinates": [ 7.414008, 10.961798 ] } },
{ "type": "Feature", "properties": { "id": "S00737", "title": "Maludu", "settlement_type": "Village", "ward_code": "W008", "ward_name": "Umyosa", "lga_name": "Idi-Oro", "target_population_under5": 56.0 }, "geometry": { "type": "Point", "coordinates": [ 7.205216, 10.93231 ] } },
{ "type": "Feature", "properties": { "id": "S00773", "title": "Mashadu", "settlement_type": "Urban block", "ward_code": "W008", "ward_name": "Umyosa", "lga_name": "Idi-Oro", "target_population_under5": 752.0 }, "geometry": { "type": "Point", "coordinates": [ 7.398607, 10.953553 ] } },
{ "type": "Feature", "properties": { "id": "S00671", "title": "Mazatu", "settlement_type": "Urban block", "ward_code": "W008", "ward_name": "Umyosa", "lga_name": "Idi-Oro", "target_population_under5": 483.0 }, "geometry": { "type": "Point", "coordinates": [ 7.181704, 10.904153 ] } },
{ "type": "Feature", "properties": { "id": "S00787", "title": "Nudede", "settlement_type": "Urban block", "ward_code": "W008", "ward_name": "Umyosa", "lga_name": "Idi-Oro", "target_population_under5": 474.0 }, "geometry": { "type": "Point", "coordinates": [ 7.428279, 10.943432 ] } },
{ "type": "Feature", "properties": { "id": "S00690", "title": "Nulade-Sabo", "settlement_type": "Village", "ward_code": "W008", "ward_name": "Umyosa", "lga_name": "Idi-Oro", "target_population_under5": 45.0 }, "geometry": { "type": "Point", "coordinates": [ 7.348624, 10.865647 ] } },
{ "type": "Feature", "properties": { "id": "S00717", "title": "Nurari", "settlement_type": "Village", "ward_code": "W008", "ward_name": "Umyosa", "lga_name": "Idi-Oro", "target_population_under5": 142.0 }, "geometry": { "type": "Point", "coordinates": [ 7.23542, 10.811179 ] } },
{ "type": "Feature", "properties": { "id": "S00669", "title": "Nushafa", "settlement_type": "Urban block", "ward_code": "W008", "ward_name": "Umyosa", "lga_name": "Idi-Oro", "target_population_under5": 1178.0 }, "geometry": { "type": "Point", "coordinates": [ 7.434637, 10.950419 ] } },
{ "type": "Feature", "properties": { "id": "S00783", "title": "Nuyoko", "settlement_type": "Hamlet", "ward_code": "W008", "ward_name": "Umyosa", "lga_name": "Idi-Oro", "target_population_under5": 8.0 }, "geometry": { "type": "Point", "coordinates": [ 7.381792, 10.952522 ] } },
{ "type": "Feature", "properties": { "id": "S00738", "title": "Nuzashi", "settlement_type": "Hamlet", "ward_code": "W008", "ward_name": "Umyosa", "lga_name": "Idi-Oro", "target_population_under5": 43.0 }, "geometry": { "type": "Point", "coordinates": [ 7.409595, 10.966843 ] } },
{ "type": "Feature", "properties": { "id": "S00758", "title": "Oktsiyi", "settlement_type": "Hamlet", "ward_code": "W008", "ward_name": "Umyosa", "lga_name": "Idi-Oro", "target_population_under5": 95.0 }, "geometry": { "type": "Point", "coordinates": [ 7.188718, 10.910275 ] } },
{ "type": "Feature", "properties": { "id": "S00724", "title": "Okwale", "settlement_type": "Village", "ward_code": "W008", "ward_name": "Umyosa", "lga_name": "Idi-Oro", "target_population_under5": 99.0 }, "geometry": { "type": "Point", "coordinates": [ 7.428093, 10.975174 ] } },
{ "type": "Feature", "properties": { "id": "S00750", "title": "Oldede-Yamma", "settlement_type": "Urban block", "ward_code": "W008", "ward_name": "Umyosa", "lga_name": "Idi-Oro", "target_population_under5": 347.0 }, "geometry": { "type": "Point", "coordinates": [ 7.306757, 10.915594 ] } },
{ "type": "Feature", "properties": { "id": "S00661", "title": "Oldema", "settlement_type": "Village", "ward_code": "W008", "ward_name": "Umyosa", "lga_name": "Idi-Oro", "target_population_under5": 123.0 }, "geometry": { "type": "Point", "coordinates": [ 7.22508, 10.93345 ] } },
{ "type": "Feature", "properties": { "id": "S00760", "title": "Olluri", "settlement_type": "Village", "ward_code": "W008", "ward_name": "Umyosa", "lga_name": "Idi-Oro", "target_population_under5": 131.0 }, "geometry": { "type": "Point", "coordinates": [ 7.432979, 10.962736 ] } },
{ "type": "Feature", "properties": { "id": "S00770", "title": "Olrari", "settlement_type": "Village", "ward_code": "W008", "ward_name": "Umyosa", "lga_name": "Idi-Oro", "target_population_under5": 50.0 }, "geometry": { "type": "Point", "coordinates": [ 7.412826, 10.930553 ] } },
{ "type": "Feature", "properties": { "id": "S00780", "title": "Oltsini", "settlement_type": "Urban block", "ward_code": "W008", "ward_name": "Umyosa", "lga_name": "Idi-Oro", "target_population_under5": 349.0 }, "geometry": { "type": "Point", "coordinates": [ 7.443641, 10.948738 ] } },
{ "type": "Feature", "properties": { "id": "S00689", "title": "Olwatu", "settlement_type": "Urban block", "ward_code": "W008", "ward_name": "Umyosa", "lga_name": "Idi-Oro", "target_population_under5": 158.0 }, "geometry": { "type": "Point", "coordinates": [ 7.329201, 10.847348 ] } },
{ "type": "Feature", "properties": { "id": "S00771", "title": "Rideru", "settlement_type": "Village", "ward_code": "W008", "ward_name": "Umyosa", "lga_name": "Idi-Oro", "target_population_under5": 128.0 }, "geometry": { "type": "Point", "coordinates": [ 7.444273, 10.968617 ] } },
{ "type": "Feature", "properties": { "id": "S00768", "title": "Rilami", "settlement_type": "Hamlet", "ward_code": "W008", "ward_name": "Umyosa", "lga_name": "Idi-Oro", "target_population_under5": 29.0 }, "geometry": { "type": "Point", "coordinates": [ 7.191164, 10.916615 ] } },
{ "type": "Feature", "properties": { "id": "S00734", "title": "Riluko", "settlement_type": "Urban block", "ward_code": "W008", "ward_name": "Umyosa", "lga_name": "Idi-Oro", "target_population_under5": 692.0 }, "geometry": { "type": "Point", "coordinates": [ 7.363861, 10.902883 ] } },
{ "type": "Feature", "properties": { "id": "S00782", "title": "Ringoshi-Arewa", "settlement_type": "Village", "ward_code": "W008", "ward_name": "Umyosa", "lga_name": "Idi-Oro", "target_population_under5": 92.0 }, "geometry": { "type": "Point", "coordinates": [ 7.412075, 10.957875 ] } },
{ "type": "Feature", "properties": { "id": "S00660", "title": "Riratu", "settlement_type": "Settlement", "ward_code": "W008", "ward_name": "Umyosa", "lga_name": "Idi-Oro", "target_population_under5": 118.0 }, "geometry": { "type": "Point", "coordinates": [ 7.206494, 10.936414 ] } },
{ "type": "Feature", "properties": { "id": "S00730", "title": "Sasari", "settlement_type": "Hamlet", "ward_code": "W008", "ward_name": "Umyosa", "lga_name": "Idi-Oro", "target_population_under5": 13.0 }, "geometry": { "type": "Point", "coordinates": [ 7.181232, 10.906748 ] } },
{ "type": "Feature", "properties": { "id": "S00749", "title": "Subadu", "settlement_type": "Hamlet", "ward_code": "W008", "ward_name": "Umyosa", "lga_name": "Idi-Oro", "target_population_under5": 51.0 }, "geometry": { "type": "Point", "coordinates": [ 7.171044, 10.915329 ] } },
{ "type": "Feature", "properties": { "id": "S00774", "title": "Susako", "settlement_type": "Settlement", "ward_code": "W008", "ward_name": "Umyosa", "lga_name": "Idi-Oro", "target_population_under5": 97.0 }, "geometry": { "type": "Point", "coordinates": [ 7.392983, 10.927698 ] } },
{ "type": "Feature", "properties": { "id": "S00747", "title": "Sutsiwo-Kudu", "settlement_type": "Hamlet", "ward_code": "W008", "ward_name": "Umyosa", "lga_name": "Idi-Oro", "target_population_under5": 56.0 }, "geometry": { "type": "Point", "coordinates": [ 7.388858, 10.928733 ] } },
{ "type": "Feature", "properties": { "id": "S00693", "title": "Tangosa-Tudun", "settlement_type": "Settlement", "ward_code": "W008", "ward_name": "Umyosa", "lga_name": "Idi-Oro", "target_population_under5": 66.0 }, "geometry": { "type": "Point", "coordinates": [ 7.441226, 10.957425 ] } },
{ "type": "Feature", "properties": { "id": "S00726", "title": "Tasale", "settlement_type": "Hamlet", "ward_code": "W008", "ward_name": "Umyosa", "lga_name": "Idi-Oro", "target_population_under5": 13.0 }, "geometry": { "type": "Point", "coordinates": [ 7.183499, 10.918202 ] } },
{ "type": "Feature", "properties": { "id": "S00756", "title": "Tasata", "settlement_type": "Village", "ward_code": "W008", "ward_name": "Umyosa", "lga_name": "Idi-Oro", "target_population_under5": 64.0 }, "geometry": { "type": "Point", "coordinates": [ 7.41651, 10.939477 ] } },
{ "type": "Feature", "properties": { "id": "S00716", "title": "Tasayi-Tudun", "settlement_type": "Settlement", "ward_code": "W008", "ward_name": "Umyosa", "lga_name": "Idi-Oro", "target_population_under5": 163.0 }, "geometry": { "type": "Point", "coordinates": [ 7.398066, 10.935836 ] } },
{ "type": "Feature", "properties": { "id": "S00759", "title": "Tatsishi", "settlement_type": "Urban block", "ward_code": "W008", "ward_name": "Umyosa", "lga_name": "Idi-Oro", "target_population_under5": 409.0 }, "geometry": { "type": "Point", "coordinates": [ 7.414458, 10.971537 ] } },
{ "type": "Feature", "properties": { "id": "S00742", "title": "Tawana", "settlement_type": "Village", "ward_code": "W008", "ward_name": "Umyosa", "lga_name": "Idi-Oro", "target_population_under5": 149.0 }, "geometry": { "type": "Point", "coordinates": [ 7.184732, 10.927088 ] } },
{ "type": "Feature", "properties": { "id": "S00707", "title": "Umdena", "settlement_type": "Urban block", "ward_code": "W008", "ward_name": "Umyosa", "lga_name": "Idi-Oro", "target_population_under5": 631.0 }, "geometry": { "type": "Point", "coordinates": [ 7.259456, 10.882921 ] } },
{ "type": "Feature", "properties": { "id": "S00777", "title": "Umdule", "settlement_type": "Hamlet", "ward_code": "W008", "ward_name": "Umyosa", "lga_name": "Idi-Oro", "target_population_under5": 3.0 }, "geometry": { "type": "Point", "coordinates": [ 7.446501, 10.963328 ] } },
{ "type": "Feature", "properties": { "id": "S00715", "title": "Umnaja", "settlement_type": "Village", "ward_code": "W008", "ward_name": "Umyosa", "lga_name": "Idi-Oro", "target_population_under5": 75.0 }, "geometry": { "type": "Point", "coordinates": [ 7.407274, 10.908007 ] } },
{ "type": "Feature", "properties": { "id": "S00766", "title": "Umngosa", "settlement_type": "Hamlet", "ward_code": "W008", "ward_name": "Umyosa", "lga_name": "Idi-Oro", "target_population_under5": 14.0 }, "geometry": { "type": "Point", "coordinates": [ 7.195256, 10.913514 ] } },
{ "type": "Feature", "properties": { "id": "S00743", "title": "Umshade-Sabo", "settlement_type": "Urban block", "ward_code": "W008", "ward_name": "Umyosa", "lga_name": "Idi-Oro", "target_population_under5": 416.0 }, "geometry": { "type": "Point", "coordinates": [ 7.33697, 10.873212 ] } },
{ "type": "Feature", "properties": { "id": "S00778", "title": "Umtija", "settlement_type": "Urban block", "ward_code": "W008", "ward_name": "Umyosa", "lga_name": "Idi-Oro", "target_population_under5": 364.0 }, "geometry": { "type": "Point", "coordinates": [ 7.440979, 10.953429 ] } },
{ "type": "Feature", "properties": { "id": "S00727", "title": "Uzmasa", "settlement_type": "Hamlet", "ward_code": "W008", "ward_name": "Umyosa", "lga_name": "Idi-Oro", "target_population_under5": 41.0 }, "geometry": { "type": "Point", "coordinates": [ 7.416014, 10.968359 ] } },
{ "type": "Feature", "properties": { "id": "S00731", "title": "Uzshawa", "settlement_type": "Hamlet", "ward_code": "W008", "ward_name": "Umyosa", "lga_name": "Idi-Oro", "target_population_under5": 43.0 }, "geometry": { "type": "Point", "coordinates": [ 7.345282, 10.877389 ] } },
{ "type": "Feature", "properties": { "id": "S00711", "title": "Waduja", "settlement_type": "Hamlet", "ward_code": "W008", "ward_name": "Umyosa", "lga_name": "Idi-Oro", "target_population_under5": 81.0 }, "geometry": { "type": "Point", "coordinates": [ 7.430167, 10.966938 ] } },
{ "type": "Feature", "properties": { "id": "S00704", "title": "Walatu", "settlement_type": "Urban block", "ward_code": "W008", "ward_name": "Umyosa", "lga_name": "Idi-Oro", "target_population_under5": 820.0 }, "geometry": { "type": "Point", "coordinates": [ 7.377345, 10.86471 ] } },
{ "type": "Feature", "properties": { "id": "S00718", "title": "Yedufa", "settlement_type": "Settlement", "ward_code": "W008", "ward_name": "Umyosa", "lga_name": "Idi-Oro", "target_population_under5": 47.0 }, "geometry": { "type": "Point", "coordinates": [ 7.364313, 10.846278 ] } },
{ "type": "Feature", "properties": { "id": "S00761", "title": "Yekota", "settlement_type": "Settlement", "ward_code": "W008", "ward_name": "Umyosa", "lga_name": "Idi-Oro", "target_population_under5": 99.0 }, "geometry": { "type": "Point", "coordinates": [ 7.421014, 10.975248 ] } },
{ "type": "Feature", "properties": { "id": "S00781", "title": "Yetsifa-Kofar", "settlement_type": "Village", "ward_code": "W008", "ward_name": "Umyosa", "lga_name": "Idi-Oro", "target_population_under5": 71.0 }, "geometry": { "type": "Point", "coordinates": [ 7.214658, 10.915732 ] } },
{ "type": "Feature", "properties": { "id": "S00675", "title": "Zabafa", "settlement_type": "Village", "ward_code": "W008", "ward_name": "Umyosa", "lga_name": "Idi-Oro", "target_population_under5": 92.0 }, "geometry": { "type": "Point", "coordinates": [ 7.412267, 10.937438 ] } },
{ "type": "Feature", "properties": { "id": "S00708", "title": "Zaberu", "settlement_type": "Urban block", "ward_code": "W008", "ward_name": "Umyosa", "lga_name": "Idi-Oro", "target_population_under5": 458.0 }, "geometry": { "type": "Point", "coordinates": [ 7.255844, 10.819167 ] } },
{ "type": "Feature", "properties": { "id": "S00735", "title": "Zaduko-Arewa", "settlement_type": "Village", "ward_code": "W008", "ward_name": "Umyosa", "lga_name": "Idi-Oro", "target_population_under5": 76.0 }, "geometry": { "type": "Point", "coordinates": [ 7.221134, 10.92922 ] } },
{ "type": "Feature", "properties": { "id": "S00732", "title": "Zakotu", "settlement_type": "Village", "ward_code": "W008", "ward_name": "Umyosa", "lga_name": "Idi-Oro", "target_population_under5": 61.0 }, "geometry": { "type": "Point", "coordinates": [ 7.384885, 10.962635 ] } },
{ "type": "Feature", "properties": { "id": "S02077", "title": "Adyoko-Sabo", "settlement_type": "Village", "ward_code": "W032", "ward_name": "Bisani-Gabas", "lga_name": "Ilela", "target_population_under5": 43.0 }, "geometry": { "type": "Point", "coordinates": [ 8.083206, 10.850233 ] } },
{ "type": "Feature", "properties": { "id": "S02078", "title": "Adzaja", "settlement_type": "Village", "ward_code": "W032", "ward_name": "Bisani-Gabas", "lga_name": "Ilela", "target_population_under5": 96.0 }, "geometry": { "type": "Point", "coordinates": [ 8.086299, 10.909424 ] } },
{ "type": "Feature", "properties": { "id": "S02087", "title": "Agbami", "settlement_type": "Village", "ward_code": "W032", "ward_name": "Bisani-Gabas", "lga_name": "Ilela", "target_population_under5": 64.0 }, "geometry": { "type": "Point", "coordinates": [ 8.069402, 10.867176 ] } },
{ "type": "Feature", "properties": { "id": "S02064", "title": "Agdena", "settlement_type": "Village", "ward_code": "W032", "ward_name": "Bisani-Gabas", "lga_name": "Ilela", "target_population_under5": null }, "geometry": { "type": "Point", "coordinates": [ 8.06447, 10.852198 ] } },
{ "type": "Feature", "properties": { "id": "S02085", "title": "Agngotu", "settlement_type": "Village", "ward_code": "W032", "ward_name": "Bisani-Gabas", "lga_name": "Ilela", "target_population_under5": 69.0 }, "geometry": { "type": "Point", "coordinates": [ 8.068673, 10.847444 ] } },
{ "type": "Feature", "properties": { "id": "S02097", "title": "Agsale", "settlement_type": "Hamlet", "ward_code": "W032", "ward_name": "Bisani-Gabas", "lga_name": "Ilela", "target_population_under5": 18.0 }, "geometry": { "type": "Point", "coordinates": [ 8.04979, 10.8942 ] } },
{ "type": "Feature", "properties": { "id": "S02086", "title": "Agsayi", "settlement_type": "Village", "ward_code": "W032", "ward_name": "Bisani-Gabas", "lga_name": "Ilela", "target_population_under5": 38.0 }, "geometry": { "type": "Point", "coordinates": [ 8.105741, 10.9151 ] } },
{ "type": "Feature", "properties": { "id": "S02091", "title": "Balari", "settlement_type": "Village", "ward_code": "W032", "ward_name": "Bisani-Gabas", "lga_name": "Ilela", "target_population_under5": 33.0 }, "geometry": { "type": "Point", "coordinates": [ 8.073558, 10.933459 ] } },
{ "type": "Feature", "properties": { "id": "S02084", "title": "Bijitu", "settlement_type": "Village", "ward_code": "W032", "ward_name": "Bisani-Gabas", "lga_name": "Ilela", "target_population_under5": 27.0 }, "geometry": { "type": "Point", "coordinates": [ 8.124489, 10.843281 ] } },
{ "type": "Feature", "properties": { "id": "S02054", "title": "Biwasa", "settlement_type": "Village", "ward_code": "W032", "ward_name": "Bisani-Gabas", "lga_name": "Ilela", "target_population_under5": 73.0 }, "geometry": { "type": "Point", "coordinates": [ 8.073073, 10.862936 ] } },
{ "type": "Feature", "properties": { "id": "S02070", "title": "Dokoshi", "settlement_type": "Village", "ward_code": "W032", "ward_name": "Bisani-Gabas", "lga_name": "Ilela", "target_population_under5": 89.0 }, "geometry": { "type": "Point", "coordinates": [ 8.08542, 10.83767 ] } },
{ "type": "Feature", "properties": { "id": "S02099", "title": "Dozama", "settlement_type": "Village", "ward_code": "W032", "ward_name": "Bisani-Gabas", "lga_name": "Ilela", "target_population_under5": 40.0 }, "geometry": { "type": "Point", "coordinates": [ 8.163037, 10.940193 ] } },
{ "type": "Feature", "properties": { "id": "S02076", "title": "Ekdeba", "settlement_type": "Village", "ward_code": "W032", "ward_name": "Bisani-Gabas", "lga_name": "Ilela", "target_population_under5": 57.0 }, "geometry": { "type": "Point", "coordinates": [ 8.085994, 10.904518 ] } },
{ "type": "Feature", "properties": { "id": "S02096", "title": "Ekjisa", "settlement_type": "Village", "ward_code": "W032", "ward_name": "Bisani-Gabas", "lga_name": "Ilela", "target_population_under5": 32.0 }, "geometry": { "type": "Point", "coordinates": [ 8.097047, 10.866061 ] } },
{ "type": "Feature", "properties": { "id": "S02082", "title": "Enbana", "settlement_type": "Village", "ward_code": "W032", "ward_name": "Bisani-Gabas", "lga_name": "Ilela", "target_population_under5": 29.0 }, "geometry": { "type": "Point", "coordinates": [ 8.080087, 10.906488 ] } },
{ "type": "Feature", "properties": { "id": "S02053", "title": "Fajiyi", "settlement_type": "Village", "ward_code": "W032", "ward_name": "Bisani-Gabas", "lga_name": "Ilela", "target_population_under5": 25.0 }, "geometry": { "type": "Point", "coordinates": [ 8.073978, 10.853268 ] } },
{ "type": "Feature", "properties": { "id": "S02079", "title": "Gukowo", "settlement_type": "Settlement", "ward_code": "W032", "ward_name": "Bisani-Gabas", "lga_name": "Ilela", "target_population_under5": 34.0 }, "geometry": { "type": "Point", "coordinates": [ 8.097808, 10.919832 ] } },
{ "type": "Feature", "properties": { "id": "S02093", "title": "Guzayi", "settlement_type": "Settlement", "ward_code": "W032", "ward_name": "Bisani-Gabas", "lga_name": "Ilela", "target_population_under5": 48.0 }, "geometry": { "type": "Point", "coordinates": [ 8.056846, 10.844355 ] } },
{ "type": "Feature", "properties": { "id": "S02049", "title": "Habefa-Tudun", "settlement_type": "Hamlet", "ward_code": "W032", "ward_name": "Bisani-Gabas", "lga_name": "Ilela", "target_population_under5": 12.0 }, "geometry": { "type": "Point", "coordinates": [ 8.058445, 10.898215 ] } },
{ "type": "Feature", "properties": { "id": "S02081", "title": "Halale", "settlement_type": "Village", "ward_code": "W032", "ward_name": "Bisani-Gabas", "lga_name": "Ilela", "target_population_under5": 62.0 }, "geometry": { "type": "Point", "coordinates": [ 8.096698, 10.853796 ] } },
{ "type": "Feature", "properties": { "id": "S02067", "title": "Haluma-Yamma", "settlement_type": "Settlement", "ward_code": "W032", "ward_name": "Bisani-Gabas", "lga_name": "Ilela", "target_population_under5": 22.0 }, "geometry": { "type": "Point", "coordinates": [ 8.091338, 10.882931 ] } },
{ "type": "Feature", "properties": { "id": "S02080", "title": "Ibjisa-Tudun", "settlement_type": "Hamlet", "ward_code": "W032", "ward_name": "Bisani-Gabas", "lga_name": "Ilela", "target_population_under5": 4.0 }, "geometry": { "type": "Point", "coordinates": [ 8.106844, 10.938469 ] } },
{ "type": "Feature", "properties": { "id": "S02094", "title": "Ibkoko", "settlement_type": "Hamlet", "ward_code": "W032", "ward_name": "Bisani-Gabas", "lga_name": "Ilela", "target_population_under5": 12.0 }, "geometry": { "type": "Point", "coordinates": [ 8.0734, 10.856121 ] } },
{ "type": "Feature", "properties": { "id": "S02055", "title": "Ibkole-Sabo", "settlement_type": "Settlement", "ward_code": "W032", "ward_name": "Bisani-Gabas", "lga_name": "Ilela", "target_population_under5": 63.0 }, "geometry": { "type": "Point", "coordinates": [ 8.098381, 10.841367 ] } },
{ "type": "Feature", "properties": { "id": "S02074", "title": "Jingode", "settlement_type": "Settlement", "ward_code": "W032", "ward_name": "Bisani-Gabas", "lga_name": "Ilela", "target_population_under5": 18.0 }, "geometry": { "type": "Point", "coordinates": [ 7.991996749463848, 10.914919 ] } },
{ "type": "Feature", "properties": { "id": "S02071", "title": "Kawako", "settlement_type": "Village", "ward_code": "W032", "ward_name": "Bisani-Gabas", "lga_name": "Ilela", "target_population_under5": 65.0 }, "geometry": { "type": "Point", "coordinates": [ 8.093868, 10.916696 ] } },
{ "type": "Feature", "properties": { "id": "S02088", "title": "Kurawa", "settlement_type": "Village", "ward_code": "W032", "ward_name": "Bisani-Gabas", "lga_name": "Ilela", "target_population_under5": 87.0 }, "geometry": { "type": "Point", "coordinates": [ 8.061102, 10.821475 ] } },
{ "type": "Feature", "properties": { "id": "S02057", "title": "Kushafa", "settlement_type": "Village", "ward_code": "W032", "ward_name": "Bisani-Gabas", "lga_name": "Ilela", "target_population_under5": 57.0 }, "geometry": { "type": "Point", "coordinates": [ 8.068989, 10.833535 ] } },
{ "type": "Feature", "properties": { "id": "S02072", "title": "Kutisa", "settlement_type": "Hamlet", "ward_code": "W032", "ward_name": "Bisani-Gabas", "lga_name": "Ilela", "target_population_under5": 20.0 }, "geometry": { "type": "Point", "coordinates": [ 8.089241, 10.897511 ] } },
{ "type": "Feature", "properties": { "id": "S02058", "title": "Kuyoshi", "settlement_type": "Village", "ward_code": "W032", "ward_name": "Bisani-Gabas", "lga_name": "Ilela", "target_population_under5": 38.0 }, "geometry": { "type": "Point", "coordinates": [ 8.098504, 10.917447 ] } },
{ "type": "Feature", "properties": { "id": "S02089", "title": "Kuzasa", "settlement_type": "Hamlet", "ward_code": "W032", "ward_name": "Bisani-Gabas", "lga_name": "Ilela", "target_population_under5": 12.0 }, "geometry": { "type": "Point", "coordinates": [ 8.073848, 10.948158 ] } },
{ "type": "Feature", "properties": { "id": "S02062", "title": "Longosa", "settlement_type": "Village", "ward_code": "W032", "ward_name": "Bisani-Gabas", "lga_name": "Ilela", "target_population_under5": 57.0 }, "geometry": { "type": "Point", "coordinates": [ 8.052803, 10.894353 ] } },
{ "type": "Feature", "properties": { "id": "S02073", "title": "Losaru", "settlement_type": "Hamlet", "ward_code": "W032", "ward_name": "Bisani-Gabas", "lga_name": "Ilela", "target_population_under5": 27.0 }, "geometry": { "type": "Point", "coordinates": [ 8.085616, 10.861903 ] } },
{ "type": "Feature", "properties": { "id": "S02066", "title": "Mabeko", "settlement_type": "Village", "ward_code": "W032", "ward_name": "Bisani-Gabas", "lga_name": "Ilela", "target_population_under5": 99.0 }, "geometry": { "type": "Point", "coordinates": [ 8.143933, 10.879718 ] } },
{ "type": "Feature", "properties": { "id": "S02092", "title": "Matsitu", "settlement_type": "Hamlet", "ward_code": "W032", "ward_name": "Bisani-Gabas", "lga_name": "Ilela", "target_population_under5": 9.0 }, "geometry": { "type": "Point", "coordinates": [ 8.108255, 10.92126 ] } },
{ "type": "Feature", "properties": { "id": "S02068", "title": "Nuraba-Yamma", "settlement_type": "Settlement", "ward_code": "W032", "ward_name": "Bisani-Gabas", "lga_name": "Ilela", "target_population_under5": 49.0 }, "geometry": { "type": "Point", "coordinates": [ 8.093215, 10.894587 ] } },
{ "type": "Feature", "properties": { "id": "S02060", "title": "Okshawa", "settlement_type": "Settlement", "ward_code": "W032", "ward_name": "Bisani-Gabas", "lga_name": "Ilela", "target_population_under5": 40.0 }, "geometry": { "type": "Point", "coordinates": [ 8.119353, 10.893777 ] } },
{ "type": "Feature", "properties": { "id": "S02052", "title": "Oktsiru", "settlement_type": "Village", "ward_code": "W032", "ward_name": "Bisani-Gabas", "lga_name": "Ilela", "target_population_under5": 6.0 }, "geometry": { "type": "Point", "coordinates": [ 8.090124, 10.848661 ] } },
{ "type": "Feature", "properties": { "id": "S02063", "title": "Oldeni", "settlement_type": "Village", "ward_code": "W032", "ward_name": "Bisani-Gabas", "lga_name": "Ilela", "target_population_under5": 126.0 }, "geometry": { "type": "Point", "coordinates": [ 8.096186, 10.896002 ] } },
{ "type": "Feature", "properties": { "id": "S02083", "title": "Olshadu", "settlement_type": "Village", "ward_code": "W032", "ward_name": "Bisani-Gabas", "lga_name": "Ilela", "target_population_under5": 105.0 }, "geometry": { "type": "Point", "coordinates": [ 8.067164, 10.855422 ] } },
{ "type": "Feature", "properties": { "id": "S02090", "title": "Oltimi", "settlement_type": "Hamlet", "ward_code": "W032", "ward_name": "Bisani-Gabas", "lga_name": "Ilela", "target_population_under5": 39.0 }, "geometry": { "type": "Point", "coordinates": [ 8.05619, 10.855773 ] } },
{ "type": "Feature", "properties": { "id": "S02059", "title": "Ritimi", "settlement_type": "Village", "ward_code": "W032", "ward_name": "Bisani-Gabas", "lga_name": "Ilela", "target_population_under5": 41.0 }, "geometry": { "type": "Point", "coordinates": [ 8.10807, 10.9545 ] } },
{ "type": "Feature", "properties": { "id": "S02098", "title": "Sangole", "settlement_type": "Village", "ward_code": "W032", "ward_name": "Bisani-Gabas", "lga_name": "Ilela", "target_population_under5": 15.0 }, "geometry": { "type": "Point", "coordinates": [ 8.059082, 10.895863 ] } },
{ "type": "Feature", "properties": { "id": "S02050", "title": "Suwale-Yamma", "settlement_type": "Hamlet", "ward_code": "W032", "ward_name": "Bisani-Gabas", "lga_name": "Ilela", "target_population_under5": 10.0 }, "geometry": { "type": "Point", "coordinates": [ 8.074325, 10.853374 ] } },
{ "type": "Feature", "properties": { "id": "S02051", "title": "Tashako", "settlement_type": "Village", "ward_code": "W032", "ward_name": "Bisani-Gabas", "lga_name": "Ilela", "target_population_under5": 33.0 }, "geometry": { "type": "Point", "coordinates": [ 8.068506, 10.83438 ] } },
{ "type": "Feature", "properties": { "id": "S02095", "title": "Umbena-Kofar", "settlement_type": "Village", "ward_code": "W032", "ward_name": "Bisani-Gabas", "lga_name": "Ilela", "target_population_under5": 9.0 }, "geometry": { "type": "Point", "coordinates": [ 8.088977, 10.867634 ] } },
{ "type": "Feature", "properties": { "id": "S02069", "title": "Umlaja", "settlement_type": "Urban block", "ward_code": "W032", "ward_name": "Bisani-Gabas", "lga_name": "Ilela", "target_population_under5": 122.0 }, "geometry": { "type": "Point", "coordinates": [ 8.077728, 10.86164 ] } },
{ "type": "Feature", "properties": { "id": "S02075", "title": "Uzzaru", "settlement_type": "Village", "ward_code": "W032", "ward_name": "Bisani-Gabas", "lga_name": "Ilela", "target_population_under5": 135.0 }, "geometry": { "type": "Point", "coordinates": [ 8.164051, 10.932919 ] } },
{ "type": "Feature", "properties": { "id": "S02061", "title": "Yebami", "settlement_type": "Village", "ward_code": "W032", "ward_name": "Bisani-Gabas", "lga_name": "Ilela", "target_population_under5": 62.0 }, "geometry": { "type": "Point", "coordinates": [ 8.066636, 10.857531 ] } },
{ "type": "Feature", "properties": { "id": "S02056", "title": "Yejija", "settlement_type": "Hamlet", "ward_code": "W032", "ward_name": "Bisani-Gabas", "lga_name": "Ilela", "target_population_under5": 41.0 }, "geometry": { "type": "Point", "coordinates": [ 8.060829, 10.838748 ] } },
{ "type": "Feature", "properties": { "id": "S02065", "title": "Zadedu", "settlement_type": "Village", "ward_code": "W032", "ward_name": "Bisani-Gabas", "lga_name": "Ilela", "target_population_under5": 73.0 }, "geometry": { "type": "Point", "coordinates": [ 8.089436, 10.834826 ] } },
{ "type": "Feature", "properties": { "id": "S02219", "title": "Adbaru-Gabas", "settlement_type": "Village", "ward_code": "W035", "ward_name": "Dazata", "lga_name": "Ilela", "target_population_under5": 68.0 }, "geometry": { "type": "Point", "coordinates": [ 8.256229, 10.982751 ] } },
{ "type": "Feature", "properties": { "id": "S02266", "title": "Agdewa", "settlement_type": "Hamlet", "ward_code": "W035", "ward_name": "Dazata", "lga_name": "Ilela", "target_population_under5": 29.0 }, "geometry": { "type": "Point", "coordinates": [ 8.28085, 11.084057 ] } },
{ "type": "Feature", "properties": { "id": "S02218", "title": "Agkoni", "settlement_type": "Village", "ward_code": "W035", "ward_name": "Dazata", "lga_name": "Ilela", "target_population_under5": 100.0 }, "geometry": { "type": "Point", "coordinates": [ 8.221053, 11.030542 ] } },
{ "type": "Feature", "properties": { "id": "S02236", "title": "Agmata", "settlement_type": "Village", "ward_code": "W035", "ward_name": "Dazata", "lga_name": "Ilela", "target_population_under5": 93.0 }, "geometry": { "type": "Point", "coordinates": [ 8.229598, 11.054249 ] } },
{ "type": "Feature", "properties": { "id": "S02259", "title": "Batiko-Kofar", "settlement_type": "Village", "ward_code": "W035", "ward_name": "Dazata", "lga_name": "Ilela", "target_population_under5": 60.0 }, "geometry": { "type": "Point", "coordinates": [ 8.217483, 11.080943 ] } },
{ "type": "Feature", "properties": { "id": "S02274", "title": "Batsiri", "settlement_type": "Village", "ward_code": "W035", "ward_name": "Dazata", "lga_name": "Ilela", "target_population_under5": 10.0 }, "geometry": { "type": "Point", "coordinates": [ 8.206803, 10.917527 ] } },
{ "type": "Feature", "properties": { "id": "S02239", "title": "Bilule", "settlement_type": "Village", "ward_code": "W035", "ward_name": "Dazata", "lga_name": "Ilela", "target_population_under5": 56.0 }, "geometry": { "type": "Point", "coordinates": [ 8.254148, 11.102379 ] } },
{ "type": "Feature", "properties": { "id": "S02242", "title": "Binaba", "settlement_type": "Village", "ward_code": "W035", "ward_name": "Dazata", "lga_name": "Ilela", "target_population_under5": 26.0 }, "geometry": { "type": "Point", "coordinates": [ 8.284201, 10.934896 ] } },
{ "type": "Feature", "properties": { "id": "S02272", "title": "Bishata", "settlement_type": "Hamlet", "ward_code": "W035", "ward_name": "Dazata", "lga_name": "Ilela", "target_population_under5": 45.0 }, "geometry": { "type": "Point", "coordinates": [ 8.255241, 11.041272 ] } },
{ "type": "Feature", "properties": { "id": "S02269", "title": "Dasayi", "settlement_type": "Urban block", "ward_code": "W035", "ward_name": "Dazata", "lga_name": "Ilela", "target_population_under5": 176.0 }, "geometry": { "type": "Point", "coordinates": [ 8.217203, 11.069291 ] } },
{ "type": "Feature", "properties": { "id": "S02220", "title": "Dawayi", "settlement_type": "Village", "ward_code": "W035", "ward_name": "Dazata", "lga_name": "Ilela", "target_population_under5": 37.0 }, "geometry": { "type": "Point", "coordinates": [ 8.275307, 10.962582 ] } },
{ "type": "Feature", "properties": { "id": "S02229", "title": "Dotiru", "settlement_type": "Village", "ward_code": "W035", "ward_name": "Dazata", "lga_name": "Ilela", "target_population_under5": 87.0 }, "geometry": { "type": "Point", "coordinates": [ 8.245577, 11.108016 ] } },
{ "type": "Feature", "properties": { "id": "S02251", "title": "Ekdeta", "settlement_type": "Settlement", "ward_code": "W035", "ward_name": "Dazata", "lga_name": "Ilela", "target_population_under5": 46.0 }, "geometry": { "type": "Point", "coordinates": [ 8.224388, 11.007572 ] } },
{ "type": "Feature", "properties": { "id": "S02261", "title": "Ekmani", "settlement_type": "Village", "ward_code": "W035", "ward_name": "Dazata", "lga_name": "Ilela", "target_population_under5": 43.0 }, "geometry": { "type": "Point", "coordinates": [ 8.290395, 10.939619 ] } },
{ "type": "Feature", "properties": { "id": "S02271", "title": "Ekwatu-Sabo", "settlement_type": "Hamlet", "ward_code": "W035", "ward_name": "Dazata", "lga_name": "Ilela", "target_population_under5": 28.0 }, "geometry": { "type": "Point", "coordinates": [ 8.232913, 11.021104 ] } },
{ "type": "Feature", "properties": { "id": "S02235", "title": "Ekzako", "settlement_type": "Hamlet", "ward_code": "W035", "ward_name": "Dazata", "lga_name": "Ilela", "target_population_under5": 14.0 }, "geometry": { "type": "Point", "coordinates": [ 8.236984, 10.959514 ] } },
{ "type": "Feature", "properties": { "id": "S02257", "title": "Enmaba", "settlement_type": "Hamlet", "ward_code": "W035", "ward_name": "Dazata", "lga_name": "Ilela", "target_population_under5": 20.0 }, "geometry": { "type": "Point", "coordinates": [ 8.261279, 10.947076 ] } },
{ "type": "Feature", "properties": { "id": "S02247", "title": "Enmayi", "settlement_type": "Urban block", "ward_code": "W035", "ward_name": "Dazata", "lga_name": "Ilela", "target_population_under5": 27.0 }, "geometry": { "type": "Point", "coordinates": [ 8.266386, 11.014897 ] } },
{ "type": "Feature", "properties": { "id": "S02248", "title": "Famaja-Kudu", "settlement_type": "Urban block", "ward_code": "W035", "ward_name": "Dazata", "lga_name": "Ilela", "target_population_under5": 238.0 }, "geometry": { "type": "Point", "coordinates": [ 8.214066, 11.063238 ] } },
{ "type": "Feature", "properties": { "id": "S02241", "title": "Fariwo", "settlement_type": "Settlement", "ward_code": "W035", "ward_name": "Dazata", "lga_name": "Ilela", "target_population_under5": 15.0 }, "geometry": { "type": "Point", "coordinates": [ 8.161594, 11.078043 ] } },
{ "type": "Feature", "properties": { "id": "S02234", "title": "Fashami", "settlement_type": "Urban block", "ward_code": "W035", "ward_name": "Dazata", "lga_name": "Ilela", "target_population_under5": 248.0 }, "geometry": { "type": "Point", "coordinates": [ 8.232052, 11.034091 ] } },
{ "type": "Feature", "properties": { "id": "S02256", "title": "Gukotu", "settlement_type": "Hamlet", "ward_code": "W035", "ward_name": "Dazata", "lga_name": "Ilela", "target_population_under5": 26.0 }, "geometry": { "type": "Point", "coordinates": [ 8.252813, 11.007921 ] } },
{ "type": "Feature", "properties": { "id": "S02226", "title": "Gurawo-Kofar", "settlement_type": "Hamlet", "ward_code": "W035", "ward_name": "Dazata", "lga_name": "Ilela", "target_population_under5": 18.0 }, "geometry": { "type": "Point", "coordinates": [ 8.236012, 11.013082 ] } },
{ "type": "Feature", "properties": { "id": "S02265", "title": "Hanale", "settlement_type": "Village", "ward_code": "W035", "ward_name": "Dazata", "lga_name": "Ilela", "target_population_under5": 137.0 }, "geometry": { "type": "Point", "coordinates": [ 8.229618, 10.976547 ] } },
{ "type": "Feature", "properties": { "id": "S02246", "title": "Ibngoru", "settlement_type": "Hamlet", "ward_code": "W035", "ward_name": "Dazata", "lga_name": "Ilela", "target_population_under5": 15.0 }, "geometry": { "type": "Point", "coordinates": [ 8.210854, 11.034902 ] } },
{ "type": "Feature", "properties": { "id": "S02276", "title": "Ibsade", "settlement_type": "Village", "ward_code": "W035", "ward_name": "Dazata", "lga_name": "Ilela", "target_population_under5": 47.0 }, "geometry": { "type": "Point", "coordinates": [ 8.230861, 11.030236 ] } },
{ "type": "Feature", "properties": { "id": "S02254", "title": "Irbale", "settlement_type": "Settlement", "ward_code": "W035", "ward_name": "Dazata", "lga_name": "Ilela", "target_population_under5": 72.0 }, "geometry": { "type": "Point", "coordinates": [ 8.230162, 10.959671 ] } },
{ "type": "Feature", "properties": { "id": "S02237", "title": "Irlaba", "settlement_type": "Village", "ward_code": "W035", "ward_name": "Dazata", "lga_name": "Ilela", "target_population_under5": 87.0 }, "geometry": { "type": "Point", "coordinates": [ 8.22947, 11.010683 ] } },
{ "type": "Feature", "properties": { "id": "S02231", "title": "Kaderi", "settlement_type": "Village", "ward_code": "W035", "ward_name": "Dazata", "lga_name": "Ilela", "target_population_under5": 105.0 }, "geometry": { "type": "Point", "coordinates": [ 8.264733, 11.003366 ] } },
{ "type": "Feature", "properties": { "id": "S02240", "title": "Kalani", "settlement_type": "Village", "ward_code": "W035", "ward_name": "Dazata", "lga_name": "Ilela", "target_population_under5": 30.0 }, "geometry": { "type": "Point", "coordinates": [ 8.231297, 11.066301 ] } },
{ "type": "Feature", "properties": { "id": "S02268", "title": "Kanako-Gabas", "settlement_type": "Hamlet", "ward_code": "W035", "ward_name": "Dazata", "lga_name": "Ilela", "target_population_under5": 37.0 }, "geometry": { "type": "Point", "coordinates": [ 8.244022, 11.008221 ] } },
{ "type": "Feature", "properties": { "id": "S02277", "title": "Kubade", "settlement_type": "Hamlet", "ward_code": "W035", "ward_name": "Dazata", "lga_name": "Ilela", "target_population_under5": 11.0 }, "geometry": { "type": "Point", "coordinates": [ 8.113246, 11.021197 ] } },
{ "type": "Feature", "properties": { "id": "S02263", "title": "Kukoko", "settlement_type": "Village", "ward_code": "W035", "ward_name": "Dazata", "lga_name": "Ilela", "target_population_under5": 24.0 }, "geometry": { "type": "Point", "coordinates": [ 8.28077, 10.944633 ] } },
{ "type": "Feature", "properties": { "id": "S02275", "title": "Kumani", "settlement_type": "Village", "ward_code": "W035", "ward_name": "Dazata", "lga_name": "Ilela", "target_population_under5": 16.0 }, "geometry": { "type": "Point", "coordinates": [ 8.236639, 11.010255 ] } },
{ "type": "Feature", "properties": { "id": "S02243", "title": "Kunadu", "settlement_type": "Village", "ward_code": "W035", "ward_name": "Dazata", "lga_name": "Ilela", "target_population_under5": 115.0 }, "geometry": { "type": "Point", "coordinates": [ 8.248473, 11.011429 ] } },
{ "type": "Feature", "properties": { "id": "S02225", "title": "Loduni", "settlement_type": "Village", "ward_code": "W035", "ward_name": "Dazata", "lga_name": "Ilela", "target_population_under5": 15.0 }, "geometry": { "type": "Point", "coordinates": [ 8.258246, 11.003884 ] } },
{ "type": "Feature", "properties": { "id": "S02245", "title": "Nuduma-Tsakiya", "settlement_type": "Village", "ward_code": "W035", "ward_name": "Dazata", "lga_name": "Ilela", "target_population_under5": 24.0 }, "geometry": { "type": "Point", "coordinates": [ 8.278036, 10.931459 ] } },
{ "type": "Feature", "properties": { "id": "S02267", "title": "Nudushi", "settlement_type": "Hamlet", "ward_code": "W035", "ward_name": "Dazata", "lga_name": "Ilela", "target_population_under5": 3.0 }, "geometry": { "type": "Point", "coordinates": [ 8.281401, 10.955391 ] } },
{ "type": "Feature", "properties": { "id": "S02260", "title": "Nunana", "settlement_type": "Village", "ward_code": "W035", "ward_name": "Dazata", "lga_name": "Ilela", "target_population_under5": 84.0 }, "geometry": { "type": "Point", "coordinates": [ 8.310102, 10.992787 ] } },
{ "type": "Feature", "properties": { "id": "S02270", "title": "Nushade", "settlement_type": "Village", "ward_code": "W035", "ward_name": "Dazata", "lga_name": "Ilela", "target_population_under5": 66.0 }, "geometry": { "type": "Point", "coordinates": [ 8.262213, 10.999055 ] } },
{ "type": "Feature", "properties": { "id": "S02273", "title": "Oljidu", "settlement_type": "Hamlet", "ward_code": "W035", "ward_name": "Dazata", "lga_name": "Ilela", "target_population_under5": 32.0 }, "geometry": { "type": "Point", "coordinates": [ 8.28091, 10.953697 ] } },
{ "type": "Feature", "properties": { "id": "S02221", "title": "Olyotu", "settlement_type": "Hamlet", "ward_code": "W035", "ward_name": "Dazata", "lga_name": "Ilela", "target_population_under5": 17.0 }, "geometry": { "type": "Point", "coordinates": [ 8.275528, 11.038074 ] } },
{ "type": "Feature", "properties": { "id": "S02264", "title": "Sulayi", "settlement_type": "Hamlet", "ward_code": "W035", "ward_name": "Dazata", "lga_name": "Ilela", "target_population_under5": 14.0 }, "geometry": { "type": "Point", "coordinates": [ 8.169993, 10.947426 ] } },
{ "type": "Feature", "properties": { "id": "S02232", "title": "Suyoko-Tudun", "settlement_type": "Hamlet", "ward_code": "W035", "ward_name": "Dazata", "lga_name": "Ilela", "target_population_under5": 20.0 }, "geometry": { "type": "Point", "coordinates": [ 8.163913, 11.010225 ] } },
{ "type": "Feature", "properties": { "id": "S02222", "title": "Suzatu", "settlement_type": "Hamlet", "ward_code": "W035", "ward_name": "Dazata", "lga_name": "Ilela", "target_population_under5": 35.0 }, "geometry": { "type": "Point", "coordinates": [ 8.321809, 11.052772 ] } },
{ "type": "Feature", "properties": { "id": "S02258", "title": "Takoja-Arewa", "settlement_type": "Settlement", "ward_code": "W035", "ward_name": "Dazata", "lga_name": "Ilela", "target_population_under5": 50.0 }, "geometry": { "type": "Point", "coordinates": [ 8.211828, 10.993687 ] } },
{ "type": "Feature", "properties": { "id": "S02227", "title": "Talafa", "settlement_type": "Village", "ward_code": "W035", "ward_name": "Dazata", "lga_name": "Ilela", "target_population_under5": 18.0 }, "geometry": { "type": "Point", "coordinates": [ 8.28919, 10.953719 ] } },
{ "type": "Feature", "properties": { "id": "S02244", "title": "Tarimi", "settlement_type": "Village", "ward_code": "W035", "ward_name": "Dazata", "lga_name": "Ilela", "target_population_under5": 62.0 }, "geometry": { "type": "Point", "coordinates": [ 8.246159, 11.068355 ] } },
{ "type": "Feature", "properties": { "id": "S02224", "title": "Tasata-Sabo", "settlement_type": "Village", "ward_code": "W035", "ward_name": "Dazata", "lga_name": "Ilela", "target_population_under5": 79.0 }, "geometry": { "type": "Point", "coordinates": [ 8.20898, 11.046126 ] } },
{ "type": "Feature", "properties": { "id": "S02253", "title": "Umdesa", "settlement_type": "Hamlet", "ward_code": "W035", "ward_name": "Dazata", "lga_name": "Ilela", "target_population_under5": 17.0 }, "geometry": { "type": "Point", "coordinates": [ 8.14897, 10.977829 ] } },
{ "type": "Feature", "properties": { "id": "S02255", "title": "Uzbasa", "settlement_type": "Village", "ward_code": "W035", "ward_name": "Dazata", "lga_name": "Ilela", "target_population_under5": 42.0 }, "geometry": { "type": "Point", "coordinates": [ 8.289439, 10.944334 ] } },
{ "type": "Feature", "properties": { "id": "S02233", "title": "Uzjiko-Kudu", "settlement_type": "Hamlet", "ward_code": "W035", "ward_name": "Dazata", "lga_name": "Ilela", "target_population_under5": 13.0 }, "geometry": { "type": "Point", "coordinates": [ 8.205802, 11.014068 ] } },
{ "type": "Feature", "properties": { "id": "S02252", "title": "Uzmaja-Kudu", "settlement_type": "Village", "ward_code": "W035", "ward_name": "Dazata", "lga_name": "Ilela", "target_population_under5": 41.0 }, "geometry": { "type": "Point", "coordinates": [ 8.30584, 11.006282 ] } },
{ "type": "Feature", "properties": { "id": "S02230", "title": "Uznari", "settlement_type": "Village", "ward_code": "W035", "ward_name": "Dazata", "lga_name": "Ilela", "target_population_under5": 80.0 }, "geometry": { "type": "Point", "coordinates": [ 8.231968, 11.02274 ] } },
{ "type": "Feature", "properties": { "id": "S02223", "title": "Uzshami", "settlement_type": "Village", "ward_code": "W035", "ward_name": "Dazata", "lga_name": "Ilela", "target_population_under5": 99.0 }, "geometry": { "type": "Point", "coordinates": [ 8.301976, 10.983567 ] } },
{ "type": "Feature", "properties": { "id": "S02217", "title": "Washashi", "settlement_type": "Settlement", "ward_code": "W035", "ward_name": "Dazata", "lga_name": "Ilela", "target_population_under5": 44.0 }, "geometry": { "type": "Point", "coordinates": [ 8.213475, 11.022468 ] } },
{ "type": "Feature", "properties": { "id": "S02250", "title": "Yerako-Sabo", "settlement_type": "Village", "ward_code": "W035", "ward_name": "Dazata", "lga_name": "Ilela", "target_population_under5": 83.0 }, "geometry": { "type": "Point", "coordinates": [ 8.264756, 10.94034 ] } },
{ "type": "Feature", "properties": { "id": "S02262", "title": "Zalana", "settlement_type": "Village", "ward_code": "W035", "ward_name": "Dazata", "lga_name": "Ilela", "target_population_under5": 34.0 }, "geometry": { "type": "Point", "coordinates": [ 8.272034, 11.006939 ] } },
{ "type": "Feature", "properties": { "id": "S02249", "title": "Zangota-Tudun", "settlement_type": "Village", "ward_code": "W035", "ward_name": "Dazata", "lga_name": "Ilela", "target_population_under5": 77.0 }, "geometry": { "type": "Point", "coordinates": [ 8.238792, 11.013661 ] } },
{ "type": "Feature", "properties": { "id": "S02238", "title": "Zashatu", "settlement_type": "Village", "ward_code": "W035", "ward_name": "Dazata", "lga_name": "Ilela", "target_population_under5": 53.0 }, "geometry": { "type": "Point", "coordinates": [ 8.191533, 10.977353 ] } },
{ "type": "Feature", "properties": { "id": "S02228", "title": "Zatsiri-Sabo", "settlement_type": "Village", "ward_code": "W035", "ward_name": "Dazata", "lga_name": "Ilela", "target_population_under5": 23.0 }, "geometry": { "type": "Point", "coordinates": [ 8.245711, 11.010859 ] } },
{ "type": "Feature", "properties": { "id": "S02520", "title": "Addutu", "settlement_type": "Urban block", "ward_code": "W040", "ward_name": "Gujiri", "lga_name": "Ilela", "target_population_under5": 973.0 }, "geometry": { "type": "Point", "coordinates": [ 8.390023, 11.190318 ] } },
{ "type": "Feature", "properties": { "id": "S02523", "title": "Adkowa-Gabas", "settlement_type": "Village", "ward_code": "W040", "ward_name": "Gujiri", "lga_name": "Ilela", "target_population_under5": 41.0 }, "geometry": { "type": "Point", "coordinates": [ 8.290204, 11.192941 ] } },
{ "type": "Feature", "properties": { "id": "S02510", "title": "Adlude", "settlement_type": "Village", "ward_code": "W040", "ward_name": "Gujiri", "lga_name": "Ilela", "target_population_under5": 37.0 }, "geometry": { "type": "Point", "coordinates": [ 8.402551, 11.203558 ] } },
{ "type": "Feature", "properties": { "id": "S02473", "title": "Adride-Tudun", "settlement_type": "Hamlet", "ward_code": "W040", "ward_name": "Gujiri", "lga_name": "Ilela", "target_population_under5": 6.0 }, "geometry": { "type": "Point", "coordinates": [ 8.401016, 11.202739 ] } },
{ "type": "Feature", "properties": { "id": "S02517", "title": "Agduwa", "settlement_type": "Village", "ward_code": "W040", "ward_name": "Gujiri", "lga_name": "Ilela", "target_population_under5": 30.0 }, "geometry": { "type": "Point", "coordinates": [ 8.300819, 11.193716 ] } },
{ "type": "Feature", "properties": { "id": "S02488", "title": "Agzayi-Gabas", "settlement_type": "Village", "ward_code": "W040", "ward_name": "Gujiri", "lga_name": "Ilela", "target_population_under5": 82.0 }, "geometry": { "type": "Point", "coordinates": [ 8.419023, 11.231337 ] } },
{ "type": "Feature", "properties": { "id": "S02499", "title": "Babako", "settlement_type": "Village", "ward_code": "W040", "ward_name": "Gujiri", "lga_name": "Ilela", "target_population_under5": 68.0 }, "geometry": { "type": "Point", "coordinates": [ 8.375182, 11.192016 ] } },
{ "type": "Feature", "properties": { "id": "S02484", "title": "Bazako", "settlement_type": "Village", "ward_code": "W040", "ward_name": "Gujiri", "lga_name": "Ilela", "target_population_under5": 30.0 }, "geometry": { "type": "Point", "coordinates": [ 8.30983, 11.189222 ] } },
{ "type": "Feature", "properties": { "id": "S02498", "title": "Bidude-Kudu", "settlement_type": "Settlement", "ward_code": "W040", "ward_name": "Gujiri", "lga_name": "Ilela", "target_population_under5": 26.0 }, "geometry": { "type": "Point", "coordinates": [ 8.393156, 11.217793 ] } },
{ "type": "Feature", "properties": { "id": "S02496", "title": "Dadushi", "settlement_type": "Hamlet", "ward_code": "W040", "ward_name": "Gujiri", "lga_name": "Ilela", "target_population_under5": 18.0 }, "geometry": { "type": "Point", "coordinates": [ 8.379787, 11.123853 ] } },
{ "type": "Feature", "properties": { "id": "S02486", "title": "Dakofa-Yamma", "settlement_type": "Village", "ward_code": "W040", "ward_name": "Gujiri", "lga_name": "Ilela", "target_population_under5": 73.0 }, "geometry": { "type": "Point", "coordinates": [ 8.293309, 11.143606 ] } },
{ "type": "Feature", "properties": { "id": "S02481", "title": "Dakoko", "settlement_type": "Hamlet", "ward_code": "W040", "ward_name": "Gujiri", "lga_name": "Ilela", "target_population_under5": 28.0 }, "geometry": { "type": "Point", "coordinates": [ 8.37048, 11.238101 ] } },
{ "type": "Feature", "properties": { "id": "S02478", "title": "Darako", "settlement_type": "Village", "ward_code": "W040", "ward_name": "Gujiri", "lga_name": "Ilela", "target_population_under5": 16.0 }, "geometry": { "type": "Point", "coordinates": [ 8.345946, 11.206444 ] } },
{ "type": "Feature", "properties": { "id": "S02504", "title": "Dolade-Tudun", "settlement_type": "Hamlet", "ward_code": "W040", "ward_name": "Gujiri", "lga_name": "Ilela", "target_population_under5": 10.0 }, "geometry": { "type": "Point", "coordinates": [ 8.317204, 11.156682 ] } },
{ "type": "Feature", "properties": { "id": "S02494", "title": "Domale", "settlement_type": "Village", "ward_code": "W040", "ward_name": "Gujiri", "lga_name": "Ilela", "target_population_under5": 27.0 }, "geometry": { "type": "Point", "coordinates": [ 8.334285, 11.213958 ] } },
{ "type": "Feature", "properties": { "id": "S02489", "title": "Dotisa", "settlement_type": "Village", "ward_code": "W040", "ward_name": "Gujiri", "lga_name": "Ilela", "target_population_under5": 54.0 }, "geometry": { "type": "Point", "coordinates": [ 8.319548, 11.205499 ] } },
{ "type": "Feature", "properties": { "id": "S02483", "title": "Eklami-Gabas", "settlement_type": "Village", "ward_code": "W040", "ward_name": "Gujiri", "lga_name": "Ilela", "target_population_under5": 134.0 }, "geometry": { "type": "Point", "coordinates": [ 8.295173, 11.190005 ] } },
{ "type": "Feature", "properties": { "id": "S02513", "title": "Ekmako", "settlement_type": "Hamlet", "ward_code": "W040", "ward_name": "Gujiri", "lga_name": "Ilela", "target_population_under5": 25.0 }, "geometry": { "type": "Point", "coordinates": [ 8.40681, 11.21643 ] } },
{ "type": "Feature", "properties": { "id": "S02505", "title": "Ekngotu-Kudu", "settlement_type": "Village", "ward_code": "W040", "ward_name": "Gujiri", "lga_name": "Ilela", "target_population_under5": 113.0 }, "geometry": { "type": "Point", "coordinates": [ 8.394197, 11.03041 ] } },
{ "type": "Feature", "properties": { "id": "S02506", "title": "Ekrishi-Tudun", "settlement_type": "Settlement", "ward_code": "W040", "ward_name": "Gujiri", "lga_name": "Ilela", "target_population_under5": 45.0 }, "geometry": { "type": "Point", "coordinates": [ 8.301695, 11.175034 ] } },
{ "type": "Feature", "properties": { "id": "S02485", "title": "Enyode", "settlement_type": "Hamlet", "ward_code": "W040", "ward_name": "Gujiri", "lga_name": "Ilela", "target_population_under5": 14.0 }, "geometry": { "type": "Point", "coordinates": [ 8.289817, 11.168638 ] } },
{ "type": "Feature", "properties": { "id": "S02516", "title": "Fajimi", "settlement_type": "Settlement", "ward_code": "W040", "ward_name": "Gujiri", "lga_name": "Ilela", "target_population_under5": 83.0 }, "geometry": { "type": "Point", "coordinates": [ 8.322651, 11.196615 ] } },
{ "type": "Feature", "properties": { "id": "S02514", "title": "Gulutu", "settlement_type": "Settlement", "ward_code": "W040", "ward_name": "Gujiri", "lga_name": "Ilela", "target_population_under5": 26.0 }, "geometry": { "type": "Point", "coordinates": [ 8.303063, 11.199654 ] } },
{ "type": "Feature", "properties": { "id": "S02493", "title": "Guyosa", "settlement_type": "Village", "ward_code": "W040", "ward_name": "Gujiri", "lga_name": "Ilela", "target_population_under5": 80.0 }, "geometry": { "type": "Point", "coordinates": [ 8.393414, 11.218966 ] } },
{ "type": "Feature", "properties": { "id": "S02475", "title": "Haluko", "settlement_type": "Village", "ward_code": "W040", "ward_name": "Gujiri", "lga_name": "Ilela", "target_population_under5": 51.0 }, "geometry": { "type": "Point", "coordinates": [ 8.291432, 11.168319 ] } },
{ "type": "Feature", "properties": { "id": "S02518", "title": "Hanaja", "settlement_type": "Settlement", "ward_code": "W040", "ward_name": "Gujiri", "lga_name": "Ilela", "target_population_under5": 57.0 }, "geometry": { "type": "Point", "coordinates": [ 8.28292, 11.211132 ] } },
{ "type": "Feature", "properties": { "id": "S02503", "title": "Harashi", "settlement_type": "Settlement", "ward_code": "W040", "ward_name": "Gujiri", "lga_name": "Ilela", "target_population_under5": 15.0 }, "geometry": { "type": "Point", "coordinates": [ 8.392489, 11.194898 ] } },
{ "type": "Feature", "properties": { "id": "S02474", "title": "Ibbale", "settlement_type": "Village", "ward_code": "W040", "ward_name": "Gujiri", "lga_name": "Ilela", "target_population_under5": 66.0 }, "geometry": { "type": "Point", "coordinates": [ 8.324179, 11.140057 ] } },
{ "type": "Feature", "properties": { "id": "S02524", "title": "Ibjiba-Yamma", "settlement_type": "Village", "ward_code": "W040", "ward_name": "Gujiri", "lga_name": "Ilela", "target_population_under5": 15.0 }, "geometry": { "type": "Point", "coordinates": [ 8.319319, 11.161444 ] } },
{ "type": "Feature", "properties": { "id": "S02479", "title": "Irngodu", "settlement_type": "Settlement", "ward_code": "W040", "ward_name": "Gujiri", "lga_name": "Ilela", "target_population_under5": 50.0 }, "geometry": { "type": "Point", "coordinates": [ 8.382441, 11.161619 ] } },
{ "type": "Feature", "properties": { "id": "S02519", "title": "Kazami-Tsakiya", "settlement_type": "Settlement", "ward_code": "W040", "ward_name": "Gujiri", "lga_name": "Ilela", "target_population_under5": 16.0 }, "geometry": { "type": "Point", "coordinates": [ 8.37978, 11.205338 ] } },
{ "type": "Feature", "properties": { "id": "S02477", "title": "Lodefa-Tsakiya", "settlement_type": "Village", "ward_code": "W040", "ward_name": "Gujiri", "lga_name": "Ilela", "target_population_under5": 94.0 }, "geometry": { "type": "Point", "coordinates": [ 8.343932, 11.067854 ] } },
{ "type": "Feature", "properties": { "id": "S02522", "title": "Marami", "settlement_type": "Village", "ward_code": "W040", "ward_name": "Gujiri", "lga_name": "Ilela", "target_population_under5": 59.0 }, "geometry": { "type": "Point", "coordinates": [ 8.287345, 11.172919 ] } },
{ "type": "Feature", "properties": { "id": "S02500", "title": "Okduri-Tudun", "settlement_type": "Village", "ward_code": "W040", "ward_name": "Gujiri", "lga_name": "Ilela", "target_population_under5": 120.0 }, "geometry": { "type": "Point", "coordinates": [ 8.274625, 11.157703 ] } },
{ "type": "Feature", "properties": { "id": "S02487", "title": "Okkoba", "settlement_type": "Village", "ward_code": "W040", "ward_name": "Gujiri", "lga_name": "Ilela", "target_population_under5": 59.0 }, "geometry": { "type": "Point", "coordinates": [ 8.393554, 11.038528 ] } },
{ "type": "Feature", "properties": { "id": "S02476", "title": "Olrale", "settlement_type": "Village", "ward_code": "W040", "ward_name": "Gujiri", "lga_name": "Ilela", "target_population_under5": 132.0 }, "geometry": { "type": "Point", "coordinates": [ 8.384541, 11.195212 ] } },
{ "type": "Feature", "properties": { "id": "S02480", "title": "Rikodu", "settlement_type": "Village", "ward_code": "W040", "ward_name": "Gujiri", "lga_name": "Ilela", "target_population_under5": 111.0 }, "geometry": { "type": "Point", "coordinates": [ 8.306534, 11.197033 ] } },
{ "type": "Feature", "properties": { "id": "S02511", "title": "Riyoma", "settlement_type": "Village", "ward_code": "W040", "ward_name": "Gujiri", "lga_name": "Ilela", "target_population_under5": 49.0 }, "geometry": { "type": "Point", "coordinates": [ 8.371335, 11.208627 ] } },
{ "type": "Feature", "properties": { "id": "S02495", "title": "Sakodu", "settlement_type": "Village", "ward_code": "W040", "ward_name": "Gujiri", "lga_name": "Ilela", "target_population_under5": 126.0 }, "geometry": { "type": "Point", "coordinates": [ 8.403823, 11.195347 ] } },
{ "type": "Feature", "properties": { "id": "S02501", "title": "Sangota-Kofar", "settlement_type": "Hamlet", "ward_code": "W040", "ward_name": "Gujiri", "lga_name": "Ilela", "target_population_under5": 37.0 }, "geometry": { "type": "Point", "coordinates": [ 8.293389, 11.222075 ] } },
{ "type": "Feature", "properties": { "id": "S02509", "title": "Sarayi", "settlement_type": "Village", "ward_code": "W040", "ward_name": "Gujiri", "lga_name": "Ilela", "target_population_under5": 148.0 }, "geometry": { "type": "Point", "coordinates": [ 8.361428, 11.225112 ] } },
{ "type": "Feature", "properties": { "id": "S02502", "title": "Sasami", "settlement_type": "Village", "ward_code": "W040", "ward_name": "Gujiri", "lga_name": "Ilela", "target_population_under5": 40.0 }, "geometry": { "type": "Point", "coordinates": [ 8.392125, 11.188989 ] } },
{ "type": "Feature", "properties": { "id": "S02492", "title": "Sawaru", "settlement_type": "Village", "ward_code": "W040", "ward_name": "Gujiri", "lga_name": "Ilela", "target_population_under5": 48.0 }, "geometry": { "type": "Point", "coordinates": [ 8.298219, 11.109595 ] } },
{ "type": "Feature", "properties": { "id": "S02512", "title": "Suderi", "settlement_type": "Urban block", "ward_code": "W040", "ward_name": "Gujiri", "lga_name": "Ilela", "target_population_under5": 159.0 }, "geometry": { "type": "Point", "coordinates": [ 8.385691, 11.181207 ] } },
{ "type": "Feature", "properties": { "id": "S02490", "title": "Sujidu-Yamma", "settlement_type": "Settlement", "ward_code": "W040", "ward_name": "Gujiri", "lga_name": "Ilela", "target_population_under5": 20.0 }, "geometry": { "type": "Point", "coordinates": [ 8.305169, 11.211323 ] } },
{ "type": "Feature", "properties": { "id": "S02508", "title": "Sutishi", "settlement_type": "Hamlet", "ward_code": "W040", "ward_name": "Gujiri", "lga_name": "Ilela", "target_population_under5": 7.0 }, "geometry": { "type": "Point", "coordinates": [ 8.303803, 11.174078 ] } },
{ "type": "Feature", "properties": { "id": "S02521", "title": "Tamama", "settlement_type": "Settlement", "ward_code": "W040", "ward_name": "Gujiri", "lga_name": "Ilela", "target_population_under5": 47.0 }, "geometry": { "type": "Point", "coordinates": [ 8.385744, 11.21229 ] } },
{ "type": "Feature", "properties": { "id": "S02507", "title": "Uzjita", "settlement_type": "Village", "ward_code": "W040", "ward_name": "Gujiri", "lga_name": "Ilela", "target_population_under5": 60.0 }, "geometry": { "type": "Point", "coordinates": [ 8.285031, 11.212825 ] } },
{ "type": "Feature", "properties": { "id": "S02472", "title": "Uzmaja", "settlement_type": "Hamlet", "ward_code": "W040", "ward_name": "Gujiri", "lga_name": "Ilela", "target_population_under5": 14.0 }, "geometry": { "type": "Point", "coordinates": [ 8.326549, 11.213529 ] } },
{ "type": "Feature", "properties": { "id": "S02515", "title": "Uzrisa", "settlement_type": "Village", "ward_code": "W040", "ward_name": "Gujiri", "lga_name": "Ilela", "target_population_under5": 83.0 }, "geometry": { "type": "Point", "coordinates": [ 8.285649, 11.165159 ] } },
{ "type": "Feature", "properties": { "id": "S02497", "title": "Watsiko", "settlement_type": "Village", "ward_code": "W040", "ward_name": "Gujiri", "lga_name": "Ilela", "target_population_under5": 49.0 }, "geometry": { "type": "Point", "coordinates": [ 8.301438, 11.212452 ] } },
{ "type": "Feature", "properties": { "id": "S02491", "title": "Zadefa-Kudu", "settlement_type": "Village", "ward_code": "W040", "ward_name": "Gujiri", "lga_name": "Ilela", "target_population_under5": 77.0 }, "geometry": { "type": "Point", "coordinates": [ 8.317449, 11.17838 ] } },
{ "type": "Feature", "properties": { "id": "S02482", "title": "Zashata", "settlement_type": "Village", "ward_code": "W040", "ward_name": "Gujiri", "lga_name": "Ilela", "target_population_under5": 72.0 }, "geometry": { "type": "Point", "coordinates": [ 8.390614, 11.216713 ] } },
{ "type": "Feature", "properties": { "id": "S01663", "title": "Bishani", "settlement_type": "Hamlet", "ward_code": "W024", "ward_name": "Kuraba-Kofar", "lga_name": "Ilela", "target_population_under5": 25.0 }, "geometry": { "type": "Point", "coordinates": [ 7.804255, 10.787092 ] } },
{ "type": "Feature", "properties": { "id": "S01638", "title": "Dadeta", "settlement_type": "Village", "ward_code": "W024", "ward_name": "Kuraba-Kofar", "lga_name": "Ilela", "target_population_under5": 52.0 }, "geometry": { "type": "Point", "coordinates": [ 7.790494, 10.682809 ] } },
{ "type": "Feature", "properties": { "id": "S01660", "title": "Doduta", "settlement_type": "Village", "ward_code": "W024", "ward_name": "Kuraba-Kofar", "lga_name": "Ilela", "target_population_under5": 83.0 }, "geometry": { "type": "Point", "coordinates": [ 7.776431, 10.730748 ] } },
{ "type": "Feature", "properties": { "id": "S01655", "title": "Enwawa-Sabo", "settlement_type": "Village", "ward_code": "W024", "ward_name": "Kuraba-Kofar", "lga_name": "Ilela", "target_population_under5": 127.0 }, "geometry": { "type": "Point", "coordinates": [ 7.765686, 10.789717 ] } },
{ "type": "Feature", "properties": { "id": "S01649", "title": "Faduta", "settlement_type": "Village", "ward_code": "W024", "ward_name": "Kuraba-Kofar", "lga_name": "Ilela", "target_population_under5": 146.0 }, "geometry": { "type": "Point", "coordinates": [ 7.839741, 10.70031 ] } },
{ "type": "Feature", "properties": { "id": "S01637", "title": "Fatsisa", "settlement_type": "Hamlet", "ward_code": "W024", "ward_name": "Kuraba-Kofar", "lga_name": "Ilela", "target_population_under5": 30.0 }, "geometry": { "type": "Point", "coordinates": [ 7.777373, 10.782198 ] } },
{ "type": "Feature", "properties": { "id": "S01645", "title": "Fazale", "settlement_type": "Village", "ward_code": "W024", "ward_name": "Kuraba-Kofar", "lga_name": "Ilela", "target_population_under5": 63.0 }, "geometry": { "type": "Point", "coordinates": [ 7.785605, 10.742813 ] } },
{ "type": "Feature", "properties": { "id": "S01669", "title": "Ibshana", "settlement_type": "Hamlet", "ward_code": "W024", "ward_name": "Kuraba-Kofar", "lga_name": "Ilela", "target_population_under5": 7.0 }, "geometry": { "type": "Point", "coordinates": [ 7.72957, 10.747904 ] } },
{ "type": "Feature", "properties": { "id": "S01666", "title": "Irrayi", "settlement_type": "Hamlet", "ward_code": "W024", "ward_name": "Kuraba-Kofar", "lga_name": "Ilela", "target_population_under5": 3.0 }, "geometry": { "type": "Point", "coordinates": [ 7.820442, 10.764013 ] } },
{ "type": "Feature", "properties": { "id": "S01639", "title": "Irtiwo", "settlement_type": "Village", "ward_code": "W024", "ward_name": "Kuraba-Kofar", "lga_name": "Ilela", "target_population_under5": 120.0 }, "geometry": { "type": "Point", "coordinates": [ 7.812062, 10.734099 ] } },
{ "type": "Feature", "properties": { "id": "S01644", "title": "Irwaja", "settlement_type": "Hamlet", "ward_code": "W024", "ward_name": "Kuraba-Kofar", "lga_name": "Ilela", "target_population_under5": 11.0 }, "geometry": { "type": "Point", "coordinates": [ 7.775067, 10.77172 ] } },
{ "type": "Feature", "properties": { "id": "S01670", "title": "Jiluna", "settlement_type": "Village", "ward_code": "W024", "ward_name": "Kuraba-Kofar", "lga_name": "Ilela", "target_population_under5": 40.0 }, "geometry": { "type": "Point", "coordinates": [ 7.719991, 10.627951 ] } },
{ "type": "Feature", "properties": { "id": "S01640", "title": "Kabema", "settlement_type": "Village", "ward_code": "W024", "ward_name": "Kuraba-Kofar", "lga_name": "Ilela", "target_population_under5": 49.0 }, "geometry": { "type": "Point", "coordinates": [ 7.822274, 10.711958 ] } },
{ "type": "Feature", "properties": { "id": "S01648", "title": "Kamaru", "settlement_type": "Village", "ward_code": "W024", "ward_name": "Kuraba-Kofar", "lga_name": "Ilela", "target_population_under5": 89.0 }, "geometry": { "type": "Point", "coordinates": [ 7.800547, 10.681927 ] } },
{ "type": "Feature", "properties": { "id": "S01659", "title": "Kutsiba", "settlement_type": "Village", "ward_code": "W024", "ward_name": "Kuraba-Kofar", "lga_name": "Ilela", "target_population_under5": 17.0 }, "geometry": { "type": "Point", "coordinates": [ 7.78635, 10.767916 ] } },
{ "type": "Feature", "properties": { "id": "S01667", "title": "Kuyoyi", "settlement_type": "Hamlet", "ward_code": "W024", "ward_name": "Kuraba-Kofar", "lga_name": "Ilela", "target_population_under5": 19.0 }, "geometry": { "type": "Point", "coordinates": [ 7.82517, 10.751696 ] } },
{ "type": "Feature", "properties": { "id": "S01662", "title": "Longoba", "settlement_type": "Hamlet", "ward_code": "W024", "ward_name": "Kuraba-Kofar", "lga_name": "Ilela", "target_population_under5": 37.0 }, "geometry": { "type": "Point", "coordinates": [ 7.718324, 10.701253 ] } },
{ "type": "Feature", "properties": { "id": "S01642", "title": "Lotsiwo", "settlement_type": "Hamlet", "ward_code": "W024", "ward_name": "Kuraba-Kofar", "lga_name": "Ilela", "target_population_under5": 17.0 }, "geometry": { "type": "Point", "coordinates": [ 7.743074, 10.640285 ] } },
{ "type": "Feature", "properties": { "id": "S01654", "title": "Olmaba", "settlement_type": "Village", "ward_code": "W024", "ward_name": "Kuraba-Kofar", "lga_name": "Ilela", "target_population_under5": 102.0 }, "geometry": { "type": "Point", "coordinates": [ 7.829925, 10.69118 ] } },
{ "type": "Feature", "properties": { "id": "S01658", "title": "Rinashi", "settlement_type": "Village", "ward_code": "W024", "ward_name": "Kuraba-Kofar", "lga_name": "Ilela", "target_population_under5": 76.0 }, "geometry": { "type": "Point", "coordinates": [ 7.769053, 10.765009 ] } },
{ "type": "Feature", "properties": { "id": "S01657", "title": "Risashi", "settlement_type": "Village", "ward_code": "W024", "ward_name": "Kuraba-Kofar", "lga_name": "Ilela", "target_population_under5": 26.0 }, "geometry": { "type": "Point", "coordinates": [ 7.790544, 10.698507 ] } },
{ "type": "Feature", "properties": { "id": "S01656", "title": "Satsishi-Kudu", "settlement_type": "Hamlet", "ward_code": "W024", "ward_name": "Kuraba-Kofar", "lga_name": "Ilela", "target_population_under5": 40.0 }, "geometry": { "type": "Point", "coordinates": [ 7.798701, 10.748964 ] } },
{ "type": "Feature", "properties": { "id": "S01652", "title": "Sungota", "settlement_type": "Village", "ward_code": "W024", "ward_name": "Kuraba-Kofar", "lga_name": "Ilela", "target_population_under5": 65.0 }, "geometry": { "type": "Point", "coordinates": [ 7.814324, 10.684769 ] } },
{ "type": "Feature", "properties": { "id": "S01650", "title": "Suwaru", "settlement_type": "Hamlet", "ward_code": "W024", "ward_name": "Kuraba-Kofar", "lga_name": "Ilela", "target_population_under5": 27.0 }, "geometry": { "type": "Point", "coordinates": [ 7.778618, 10.745845 ] } },
{ "type": "Feature", "properties": { "id": "S01661", "title": "Taride", "settlement_type": "Village", "ward_code": "W024", "ward_name": "Kuraba-Kofar", "lga_name": "Ilela", "target_population_under5": 36.0 }, "geometry": { "type": "Point", "coordinates": [ 7.798454, 10.770761 ] } },
{ "type": "Feature", "properties": { "id": "S01636", "title": "Tazasa", "settlement_type": "Village", "ward_code": "W024", "ward_name": "Kuraba-Kofar", "lga_name": "Ilela", "target_population_under5": 71.0 }, "geometry": { "type": "Point", "coordinates": [ 7.777467, 10.774299 ] } },
{ "type": "Feature", "properties": { "id": "S01646", "title": "Umduta", "settlement_type": "Village", "ward_code": "W024", "ward_name": "Kuraba-Kofar", "lga_name": "Ilela", "target_population_under5": 121.0 }, "geometry": { "type": "Point", "coordinates": [ 7.790865, 10.776839 ] } },
{ "type": "Feature", "properties": { "id": "S01647", "title": "Umluba", "settlement_type": "Settlement", "ward_code": "W024", "ward_name": "Kuraba-Kofar", "lga_name": "Ilela", "target_population_under5": 47.0 }, "geometry": { "type": "Point", "coordinates": [ 7.833344, 10.703461 ] } },
{ "type": "Feature", "properties": { "id": "S01651", "title": "Umngona", "settlement_type": "Village", "ward_code": "W024", "ward_name": "Kuraba-Kofar", "lga_name": "Ilela", "target_population_under5": 64.0 }, "geometry": { "type": "Point", "coordinates": [ 7.772529, 10.805201 ] } },
{ "type": "Feature", "properties": { "id": "S01641", "title": "Uzkodu-Sabo", "settlement_type": "Village", "ward_code": "W024", "ward_name": "Kuraba-Kofar", "lga_name": "Ilela", "target_population_under5": 121.0 }, "geometry": { "type": "Point", "coordinates": [ 7.832893, 10.779991 ] } },
{ "type": "Feature", "properties": { "id": "S01668", "title": "Uzngomi", "settlement_type": "Village", "ward_code": "W024", "ward_name": "Kuraba-Kofar", "lga_name": "Ilela", "target_population_under5": 37.0 }, "geometry": { "type": "Point", "coordinates": [ 7.817669, 10.696938 ] } },
{ "type": "Feature", "properties": { "id": "S01665", "title": "Uzyoba", "settlement_type": "Hamlet", "ward_code": "W024", "ward_name": "Kuraba-Kofar", "lga_name": "Ilela", "target_population_under5": 44.0 }, "geometry": { "type": "Point", "coordinates": [ 7.815255, 10.688713 ] } },
{ "type": "Feature", "properties": { "id": "S01653", "title": "Warile", "settlement_type": "Village", "ward_code": "W024", "ward_name": "Kuraba-Kofar", "lga_name": "Ilela", "target_population_under5": 68.0 }, "geometry": { "type": "Point", "coordinates": [ 7.795295, 10.690472 ] } },
{ "type": "Feature", "properties": { "id": "S01643", "title": "Yengori", "settlement_type": "Village", "ward_code": "W024", "ward_name": "Kuraba-Kofar", "lga_name": "Ilela", "target_population_under5": 113.0 }, "geometry": { "type": "Point", "coordinates": [ 7.788318, 10.824884 ] } },
{ "type": "Feature", "properties": { "id": "S01664", "title": "Yetiri", "settlement_type": "Hamlet", "ward_code": "W024", "ward_name": "Kuraba-Kofar", "lga_name": "Ilela", "target_population_under5": 16.0 }, "geometry": { "type": "Point", "coordinates": [ 7.815808, 10.732881 ] } },
{ "type": "Feature", "properties": { "id": "S02278", "title": "Adduri", "settlement_type": "Urban block", "ward_code": "W036", "ward_name": "Mawako", "lga_name": "Ilela", "target_population_under5": 255.0 }, "geometry": { "type": "Point", "coordinates": [ 8.074167, 10.736342 ] } },
{ "type": "Feature", "properties": { "id": "S02303", "title": "Agbashi", "settlement_type": "Settlement", "ward_code": "W036", "ward_name": "Mawako", "lga_name": "Ilela", "target_population_under5": 62.0 }, "geometry": { "type": "Point", "coordinates": [ 8.107982, 10.747277 ] } },
{ "type": "Feature", "properties": { "id": "S02307", "title": "Agtitu-Tudun", "settlement_type": "Village", "ward_code": "W036", "ward_name": "Mawako", "lga_name": "Ilela", "target_population_under5": 73.0 }, "geometry": { "type": "Point", "coordinates": [ 8.167294, 10.661604 ] } },
{ "type": "Feature", "properties": { "id": "S02292", "title": "Banatu", "settlement_type": "Village", "ward_code": "W036", "ward_name": "Mawako", "lga_name": "Ilela", "target_population_under5": 57.0 }, "geometry": { "type": "Point", "coordinates": [ 8.103685, 10.726567 ] } },
{ "type": "Feature", "properties": { "id": "S02282", "title": "Bibaba-Kudu", "settlement_type": "Village", "ward_code": "W036", "ward_name": "Mawako", "lga_name": "Ilela", "target_population_under5": 75.0 }, "geometry": { "type": "Point", "coordinates": [ 8.131549, 10.763057 ] } },
{ "type": "Feature", "properties": { "id": "S02298", "title": "Biduma", "settlement_type": "Urban block", "ward_code": "W036", "ward_name": "Mawako", "lga_name": "Ilela", "target_population_under5": 135.0 }, "geometry": { "type": "Point", "coordinates": [ 8.161574, 10.734464 ] } },
{ "type": "Feature", "properties": { "id": "S02297", "title": "Domako", "settlement_type": "Village", "ward_code": "W036", "ward_name": "Mawako", "lga_name": "Ilela", "target_population_under5": 29.0 }, "geometry": { "type": "Point", "coordinates": [ 8.098016, 10.683474 ] } },
{ "type": "Feature", "properties": { "id": "S02306", "title": "Ekwasa", "settlement_type": "Village", "ward_code": "W036", "ward_name": "Mawako", "lga_name": "Ilela", "target_population_under5": 67.0 }, "geometry": { "type": "Point", "coordinates": [ 8.100279, 10.688251 ] } },
{ "type": "Feature", "properties": { "id": "S02293", "title": "Ekwata", "settlement_type": "Hamlet", "ward_code": "W036", "ward_name": "Mawako", "lga_name": "Ilela", "target_population_under5": 15.0 }, "geometry": { "type": "Point", "coordinates": [ 8.089437, 10.721728 ] } },
{ "type": "Feature", "properties": { "id": "S02283", "title": "Enbedu", "settlement_type": "Village", "ward_code": "W036", "ward_name": "Mawako", "lga_name": "Ilela", "target_population_under5": 68.0 }, "geometry": { "type": "Point", "coordinates": [ 8.036254686711377, 10.758374 ] } },
{ "type": "Feature", "properties": { "id": "S02299", "title": "Fadesa", "settlement_type": "Hamlet", "ward_code": "W036", "ward_name": "Mawako", "lga_name": "Ilela", "target_population_under5": 21.0 }, "geometry": { "type": "Point", "coordinates": [ 8.092804, 10.755626 ] } },
{ "type": "Feature", "properties": { "id": "S02285", "title": "Hasatu", "settlement_type": "Settlement", "ward_code": "W036", "ward_name": "Mawako", "lga_name": "Ilela", "target_population_under5": 54.0 }, "geometry": { "type": "Point", "coordinates": [ 8.142009, 10.792693 ] } },
{ "type": "Feature", "properties": { "id": "S02305", "title": "Ibsharu-Gabas", "settlement_type": "Hamlet", "ward_code": "W036", "ward_name": "Mawako", "lga_name": "Ilela", "target_population_under5": 17.0 }, "geometry": { "type": "Point", "coordinates": [ 8.130135, 10.747074 ] } },
{ "type": "Feature", "properties": { "id": "S02294", "title": "Irjimi", "settlement_type": "Hamlet", "ward_code": "W036", "ward_name": "Mawako", "lga_name": "Ilela", "target_population_under5": 7.0 }, "geometry": { "type": "Point", "coordinates": [ 8.115757, 10.757132 ] } },
{ "type": "Feature", "properties": { "id": "S02311", "title": "Kulaja", "settlement_type": "Village", "ward_code": "W036", "ward_name": "Mawako", "lga_name": "Ilela", "target_population_under5": 109.0 }, "geometry": { "type": "Point", "coordinates": [ 8.03067, 10.744063 ] } },
{ "type": "Feature", "properties": { "id": "S02300", "title": "Kurile-Gabas", "settlement_type": "Settlement", "ward_code": "W036", "ward_name": "Mawako", "lga_name": "Ilela", "target_population_under5": 93.0 }, "geometry": { "type": "Point", "coordinates": [ 8.083398, 10.696942 ] } },
{ "type": "Feature", "properties": { "id": "S02309", "title": "Kutima", "settlement_type": "Hamlet", "ward_code": "W036", "ward_name": "Mawako", "lga_name": "Ilela", "target_population_under5": 12.0 }, "geometry": { "type": "Point", "coordinates": [ 8.156282, 10.727973 ] } },
{ "type": "Feature", "properties": { "id": "S02301", "title": "Lodewo", "settlement_type": "Village", "ward_code": "W036", "ward_name": "Mawako", "lga_name": "Ilela", "target_population_under5": 99.0 }, "geometry": { "type": "Point", "coordinates": [ 8.158467, 10.747578 ] } },
{ "type": "Feature", "properties": { "id": "S02284", "title": "Malaba", "settlement_type": "Village", "ward_code": "W036", "ward_name": "Mawako", "lga_name": "Ilela", "target_population_under5": 67.0 }, "geometry": { "type": "Point", "coordinates": [ 8.100381, 10.696966 ] } },
{ "type": "Feature", "properties": { "id": "S02290", "title": "Malusa-Arewa", "settlement_type": "Village", "ward_code": "W036", "ward_name": "Mawako", "lga_name": "Ilela", "target_population_under5": 29.0 }, "geometry": { "type": "Point", "coordinates": [ 8.093093, 10.722216 ] } },
{ "type": "Feature", "properties": { "id": "S02302", "title": "Nuzako", "settlement_type": "Village", "ward_code": "W036", "ward_name": "Mawako", "lga_name": "Ilela", "target_population_under5": 78.0 }, "geometry": { "type": "Point", "coordinates": [ 8.170817, 10.751764 ] } },
{ "type": "Feature", "properties": { "id": "S02279", "title": "Okdefa", "settlement_type": "Village", "ward_code": "W036", "ward_name": "Mawako", "lga_name": "Ilela", "target_population_under5": 84.0 }, "geometry": { "type": "Point", "coordinates": [ 8.111726, 10.696295 ] } },
{ "type": "Feature", "properties": { "id": "S02281", "title": "Oktide", "settlement_type": "Village", "ward_code": "W036", "ward_name": "Mawako", "lga_name": "Ilela", "target_population_under5": 23.0 }, "geometry": { "type": "Point", "coordinates": [ 8.171737, 10.654469 ] } },
{ "type": "Feature", "properties": { "id": "S02287", "title": "Olbede", "settlement_type": "Hamlet", "ward_code": "W036", "ward_name": "Mawako", "lga_name": "Ilela", "target_population_under5": 8.0 }, "geometry": { "type": "Point", "coordinates": [ 8.198511, 10.781907 ] } },
{ "type": "Feature", "properties": { "id": "S02312", "title": "Olbewa", "settlement_type": "Hamlet", "ward_code": "W036", "ward_name": "Mawako", "lga_name": "Ilela", "target_population_under5": 17.0 }, "geometry": { "type": "Point", "coordinates": [ 8.089993, 10.708928 ] } },
{ "type": "Feature", "properties": { "id": "S02280", "title": "Olyoru", "settlement_type": "Village", "ward_code": "W036", "ward_name": "Mawako", "lga_name": "Ilela", "target_population_under5": 35.0 }, "geometry": { "type": "Point", "coordinates": [ 8.125907, 10.757832 ] } },
{ "type": "Feature", "properties": { "id": "S02291", "title": "Ringofa-Kofar", "settlement_type": "Village", "ward_code": "W036", "ward_name": "Mawako", "lga_name": "Ilela", "target_population_under5": 31.0 }, "geometry": { "type": "Point", "coordinates": [ 8.09385, 10.716059 ] } },
{ "type": "Feature", "properties": { "id": "S02286", "title": "Riwako", "settlement_type": "Village", "ward_code": "W036", "ward_name": "Mawako", "lga_name": "Ilela", "target_population_under5": 76.0 }, "geometry": { "type": "Point", "coordinates": [ 8.102526, 10.740177 ] } },
{ "type": "Feature", "properties": { "id": "S02310", "title": "Sarafa", "settlement_type": "Hamlet", "ward_code": "W036", "ward_name": "Mawako", "lga_name": "Ilela", "target_population_under5": 23.0 }, "geometry": { "type": "Point", "coordinates": [ 8.110903, 10.694785 ] } },
{ "type": "Feature", "properties": { "id": "S02308", "title": "Sudena", "settlement_type": "Settlement", "ward_code": "W036", "ward_name": "Mawako", "lga_name": "Ilela", "target_population_under5": 33.0 }, "geometry": { "type": "Point", "coordinates": [ 8.213759, 10.731288 ] } },
{ "type": "Feature", "properties": { "id": "S02296", "title": "Tamadu", "settlement_type": "Settlement", "ward_code": "W036", "ward_name": "Mawako", "lga_name": "Ilela", "target_population_under5": 41.0 }, "geometry": { "type": "Point", "coordinates": [ 8.188898, 10.751581 ] } },
{ "type": "Feature", "properties": { "id": "S02295", "title": "Uzmata-Kofar", "settlement_type": "Hamlet", "ward_code": "W036", "ward_name": "Mawako", "lga_name": "Ilela", "target_population_under5": 22.0 }, "geometry": { "type": "Point", "coordinates": [ 8.109552, 10.735146 ] } },
{ "type": "Feature", "properties": { "id": "S02289", "title": "Uzrifa", "settlement_type": "Settlement", "ward_code": "W036", "ward_name": "Mawako", "lga_name": "Ilela", "target_population_under5": 17.0 }, "geometry": { "type": "Point", "coordinates": [ 8.0845, 10.717831 ] } },
{ "type": "Feature", "properties": { "id": "S02288", "title": "Wanawo", "settlement_type": "Hamlet", "ward_code": "W036", "ward_name": "Mawako", "lga_name": "Ilela", "target_population_under5": 4.0 }, "geometry": { "type": "Point", "coordinates": [ 8.223589, 10.708479 ] } },
{ "type": "Feature", "properties": { "id": "S02304", "title": "Zashale-Yamma", "settlement_type": "Village", "ward_code": "W036", "ward_name": "Mawako", "lga_name": "Ilela", "target_population_under5": 35.0 }, "geometry": { "type": "Point", "coordinates": [ 8.148546, 10.731606 ] } },
{ "type": "Feature", "properties": { "id": "S02467", "title": "Agriwo", "settlement_type": "Village", "ward_code": "W039", "ward_name": "Nungoni-Arewa", "lga_name": "Ilela", "target_population_under5": 113.0 }, "geometry": { "type": "Point", "coordinates": [ 8.276743, 10.783282 ] } },
{ "type": "Feature", "properties": { "id": "S02455", "title": "Agsashi", "settlement_type": "Hamlet", "ward_code": "W039", "ward_name": "Nungoni-Arewa", "lga_name": "Ilela", "target_population_under5": 35.0 }, "geometry": { "type": "Point", "coordinates": [ 8.34161, 10.920662 ] } },
{ "type": "Feature", "properties": { "id": "S02461", "title": "Agyoshi", "settlement_type": "Settlement", "ward_code": "W039", "ward_name": "Nungoni-Arewa", "lga_name": "Ilela", "target_population_under5": 35.0 }, "geometry": { "type": "Point", "coordinates": [ 8.26029, 10.868584 ] } },
{ "type": "Feature", "properties": { "id": "S02446", "title": "Agzashi", "settlement_type": "Village", "ward_code": "W039", "ward_name": "Nungoni-Arewa", "lga_name": "Ilela", "target_population_under5": 43.0 }, "geometry": { "type": "Point", "coordinates": [ 8.268554, 10.834485 ] } },
{ "type": "Feature", "properties": { "id": "S02440", "title": "Dakosa", "settlement_type": "Village", "ward_code": "W039", "ward_name": "Nungoni-Arewa", "lga_name": "Ilela", "target_population_under5": 58.0 }, "geometry": { "type": "Point", "coordinates": [ 8.346238, 10.91443 ] } },
{ "type": "Feature", "properties": { "id": "S02464", "title": "Dosharu-Kofar", "settlement_type": "Village", "ward_code": "W039", "ward_name": "Nungoni-Arewa", "lga_name": "Ilela", "target_population_under5": 47.0 }, "geometry": { "type": "Point", "coordinates": [ 8.255754, 10.847437 ] } },
{ "type": "Feature", "properties": { "id": "S02462", "title": "Dowadu-Kudu", "settlement_type": "Village", "ward_code": "W039", "ward_name": "Nungoni-Arewa", "lga_name": "Ilela", "target_population_under5": 52.0 }, "geometry": { "type": "Point", "coordinates": [ 8.324557, 10.918764 ] } },
{ "type": "Feature", "properties": { "id": "S02441", "title": "Enjina", "settlement_type": "Village", "ward_code": "W039", "ward_name": "Nungoni-Arewa", "lga_name": "Ilela", "target_population_under5": 83.0 }, "geometry": { "type": "Point", "coordinates": [ 8.314895, 10.910853 ] } },
{ "type": "Feature", "properties": { "id": "S02471", "title": "Enyole", "settlement_type": "Hamlet", "ward_code": "W039", "ward_name": "Nungoni-Arewa", "lga_name": "Ilela", "target_population_under5": 43.0 }, "geometry": { "type": "Point", "coordinates": [ 8.275662, 10.857469 ] } },
{ "type": "Feature", "properties": { "id": "S02459", "title": "Enyota", "settlement_type": "Settlement", "ward_code": "W039", "ward_name": "Nungoni-Arewa", "lga_name": "Ilela", "target_population_under5": 28.0 }, "geometry": { "type": "Point", "coordinates": [ 8.289093, 10.837737 ] } },
{ "type": "Feature", "properties": { "id": "S02425", "title": "Fajifa", "settlement_type": "Village", "ward_code": "W039", "ward_name": "Nungoni-Arewa", "lga_name": "Ilela", "target_population_under5": 134.0 }, "geometry": { "type": "Point", "coordinates": [ 8.293433, 10.901941 ] } },
{ "type": "Feature", "properties": { "id": "S02431", "title": "Guduyi", "settlement_type": "Village", "ward_code": "W039", "ward_name": "Nungoni-Arewa", "lga_name": "Ilela", "target_population_under5": 30.0 }, "geometry": { "type": "Point", "coordinates": [ 8.37421, 10.916837 ] } },
{ "type": "Feature", "properties": { "id": "S02469", "title": "Guwari", "settlement_type": "Hamlet", "ward_code": "W039", "ward_name": "Nungoni-Arewa", "lga_name": "Ilela", "target_population_under5": 11.0 }, "geometry": { "type": "Point", "coordinates": [ 8.343515, 10.936809 ] } },
{ "type": "Feature", "properties": { "id": "S02443", "title": "Guzade", "settlement_type": "Village", "ward_code": "W039", "ward_name": "Nungoni-Arewa", "lga_name": "Ilela", "target_population_under5": 79.0 }, "geometry": { "type": "Point", "coordinates": [ 8.327625, 10.937379 ] } },
{ "type": "Feature", "properties": { "id": "S02453", "title": "Hanana", "settlement_type": "Village", "ward_code": "W039", "ward_name": "Nungoni-Arewa", "lga_name": "Ilela", "target_population_under5": 29.0 }, "geometry": { "type": "Point", "coordinates": [ 8.336625, 10.924729 ] } },
{ "type": "Feature", "properties": { "id": "S02436", "title": "Ibberi-Yamma", "settlement_type": "Village", "ward_code": "W039", "ward_name": "Nungoni-Arewa", "lga_name": "Ilela", "target_population_under5": 12.0 }, "geometry": { "type": "Point", "coordinates": [ 8.245854, 10.838786 ] } },
{ "type": "Feature", "properties": { "id": "S02465", "title": "Kasafa", "settlement_type": "Settlement", "ward_code": "W039", "ward_name": "Nungoni-Arewa", "lga_name": "Ilela", "target_population_under5": 64.0 }, "geometry": { "type": "Point", "coordinates": [ 8.335967, 10.934741 ] } },
{ "type": "Feature", "properties": { "id": "S02426", "title": "Kasayi", "settlement_type": "Village", "ward_code": "W039", "ward_name": "Nungoni-Arewa", "lga_name": "Ilela", "target_population_under5": 16.0 }, "geometry": { "type": "Point", "coordinates": [ 8.213918, 10.798482 ] } },
{ "type": "Feature", "properties": { "id": "S02424", "title": "Katiyi", "settlement_type": "Village", "ward_code": "W039", "ward_name": "Nungoni-Arewa", "lga_name": "Ilela", "target_population_under5": 83.0 }, "geometry": { "type": "Point", "coordinates": [ 8.304348, 10.935418 ] } },
{ "type": "Feature", "properties": { "id": "S02428", "title": "Kudumi-Kofar", "settlement_type": "Village", "ward_code": "W039", "ward_name": "Nungoni-Arewa", "lga_name": "Ilela", "target_population_under5": 174.0 }, "geometry": { "type": "Point", "coordinates": [ 8.308298, 10.906955 ] } },
{ "type": "Feature", "properties": { "id": "S02434", "title": "Kuridu", "settlement_type": "Village", "ward_code": "W039", "ward_name": "Nungoni-Arewa", "lga_name": "Ilela", "target_population_under5": 46.0 }, "geometry": { "type": "Point", "coordinates": [ 8.354765, 10.908542 ] } },
{ "type": "Feature", "properties": { "id": "S02452", "title": "Kushawa", "settlement_type": "Hamlet", "ward_code": "W039", "ward_name": "Nungoni-Arewa", "lga_name": "Ilela", "target_population_under5": 4.0 }, "geometry": { "type": "Point", "coordinates": [ 8.265685, 10.833964 ] } },
{ "type": "Feature", "properties": { "id": "S02437", "title": "Lowale", "settlement_type": "Village", "ward_code": "W039", "ward_name": "Nungoni-Arewa", "lga_name": "Ilela", "target_population_under5": 55.0 }, "geometry": { "type": "Point", "coordinates": [ 8.348971, 10.936532 ] } },
{ "type": "Feature", "properties": { "id": "S02454", "title": "Mashatu", "settlement_type": "Village", "ward_code": "W039", "ward_name": "Nungoni-Arewa", "lga_name": "Ilela", "target_population_under5": 26.0 }, "geometry": { "type": "Point", "coordinates": [ 8.369879, 10.922272 ] } },
{ "type": "Feature", "properties": { "id": "S02432", "title": "Nujina", "settlement_type": "Village", "ward_code": "W039", "ward_name": "Nungoni-Arewa", "lga_name": "Ilela", "target_population_under5": 117.0 }, "geometry": { "type": "Point", "coordinates": [ 8.367726, 10.925688 ] } },
{ "type": "Feature", "properties": { "id": "S02429", "title": "Nunani", "settlement_type": "Village", "ward_code": "W039", "ward_name": "Nungoni-Arewa", "lga_name": "Ilela", "target_population_under5": 162.0 }, "geometry": { "type": "Point", "coordinates": [ 8.272232, 10.841655 ] } },
{ "type": "Feature", "properties": { "id": "S02458", "title": "Nuzayi", "settlement_type": "Village", "ward_code": "W039", "ward_name": "Nungoni-Arewa", "lga_name": "Ilela", "target_population_under5": 48.0 }, "geometry": { "type": "Point", "coordinates": [ 8.337334, 10.917993 ] } },
{ "type": "Feature", "properties": { "id": "S02444", "title": "Okrani", "settlement_type": "Village", "ward_code": "W039", "ward_name": "Nungoni-Arewa", "lga_name": "Ilela", "target_population_under5": 151.0 }, "geometry": { "type": "Point", "coordinates": [ 8.349673, 10.932023 ] } },
{ "type": "Feature", "properties": { "id": "S02470", "title": "Ringodu-Yamma", "settlement_type": "Village", "ward_code": "W039", "ward_name": "Nungoni-Arewa", "lga_name": "Ilela", "target_population_under5": 13.0 }, "geometry": { "type": "Point", "coordinates": [ 8.248525, 10.85605 ] } },
{ "type": "Feature", "properties": { "id": "S02445", "title": "Risawa-Yamma", "settlement_type": "Village", "ward_code": "W039", "ward_name": "Nungoni-Arewa", "lga_name": "Ilela", "target_population_under5": 39.0 }, "geometry": { "type": "Point", "coordinates": [ 8.25922, 10.827732 ] } },
{ "type": "Feature", "properties": { "id": "S02439", "title": "Sashadu", "settlement_type": "Hamlet", "ward_code": "W039", "ward_name": "Nungoni-Arewa", "lga_name": "Ilela", "target_population_under5": 22.0 }, "geometry": { "type": "Point", "coordinates": [ 8.345559, 10.907824 ] } },
{ "type": "Feature", "properties": { "id": "S02430", "title": "Satiba", "settlement_type": "Hamlet", "ward_code": "W039", "ward_name": "Nungoni-Arewa", "lga_name": "Ilela", "target_population_under5": 5.0 }, "geometry": { "type": "Point", "coordinates": [ 8.306594, 10.833243 ] } },
{ "type": "Feature", "properties": { "id": "S02427", "title": "Sazana", "settlement_type": "Hamlet", "ward_code": "W039", "ward_name": "Nungoni-Arewa", "lga_name": "Ilela", "target_population_under5": 20.0 }, "geometry": { "type": "Point", "coordinates": [ 8.247179, 10.864717 ] } },
{ "type": "Feature", "properties": { "id": "S02447", "title": "Sazata", "settlement_type": "Village", "ward_code": "W039", "ward_name": "Nungoni-Arewa", "lga_name": "Ilela", "target_population_under5": 146.0 }, "geometry": { "type": "Point", "coordinates": [ 8.28254, 10.869705 ] } },
{ "type": "Feature", "properties": { "id": "S02450", "title": "Sudule", "settlement_type": "Village", "ward_code": "W039", "ward_name": "Nungoni-Arewa", "lga_name": "Ilela", "target_population_under5": 89.0 }, "geometry": { "type": "Point", "coordinates": [ 8.256891, 10.836535 ] } },
{ "type": "Feature", "properties": { "id": "S02466", "title": "Tadeko", "settlement_type": "Village", "ward_code": "W039", "ward_name": "Nungoni-Arewa", "lga_name": "Ilela", "target_population_under5": 80.0 }, "geometry": { "type": "Point", "coordinates": [ 8.279199, 10.840848 ] } },
{ "type": "Feature", "properties": { "id": "S02457", "title": "Takoma", "settlement_type": "Village", "ward_code": "W039", "ward_name": "Nungoni-Arewa", "lga_name": "Ilela", "target_population_under5": 43.0 }, "geometry": { "type": "Point", "coordinates": [ 8.222973, 10.904753 ] } },
{ "type": "Feature", "properties": { "id": "S02468", "title": "Umbetu-Sabo", "settlement_type": "Hamlet", "ward_code": "W039", "ward_name": "Nungoni-Arewa", "lga_name": "Ilela", "target_population_under5": 19.0 }, "geometry": { "type": "Point", "coordinates": [ 8.266831, 10.852341 ] } },
{ "type": "Feature", "properties": { "id": "S02460", "title": "Umnadu", "settlement_type": "Village", "ward_code": "W039", "ward_name": "Nungoni-Arewa", "lga_name": "Ilela", "target_population_under5": 26.0 }, "geometry": { "type": "Point", "coordinates": [ 8.245873, 10.840179 ] } },
{ "type": "Feature", "properties": { "id": "S02448", "title": "Umtsifa-Kofar", "settlement_type": "Village", "ward_code": "W039", "ward_name": "Nungoni-Arewa", "lga_name": "Ilela", "target_population_under5": 101.0 }, "geometry": { "type": "Point", "coordinates": [ 8.275666, 10.85616 ] } },
{ "type": "Feature", "properties": { "id": "S02449", "title": "Uzsayi", "settlement_type": "Hamlet", "ward_code": "W039", "ward_name": "Nungoni-Arewa", "lga_name": "Ilela", "target_population_under5": 15.0 }, "geometry": { "type": "Point", "coordinates": [ 8.234155, 10.835484 ] } },
{ "type": "Feature", "properties": { "id": "S02435", "title": "Uzwade", "settlement_type": "Settlement", "ward_code": "W039", "ward_name": "Nungoni-Arewa", "lga_name": "Ilela", "target_population_under5": 37.0 }, "geometry": { "type": "Point", "coordinates": [ 8.33893, 10.939092 ] } },
{ "type": "Feature", "properties": { "id": "S02463", "title": "Waduni", "settlement_type": "Village", "ward_code": "W039", "ward_name": "Nungoni-Arewa", "lga_name": "Ilela", "target_population_under5": 39.0 }, "geometry": { "type": "Point", "coordinates": [ 8.234024, 10.816212 ] } },
{ "type": "Feature", "properties": { "id": "S02451", "title": "Wajidu", "settlement_type": "Village", "ward_code": "W039", "ward_name": "Nungoni-Arewa", "lga_name": "Ilela", "target_population_under5": 53.0 }, "geometry": { "type": "Point", "coordinates": [ 8.352041, 10.877267 ] } },
{ "type": "Feature", "properties": { "id": "S02433", "title": "Warifa-Sabo", "settlement_type": "Village", "ward_code": "W039", "ward_name": "Nungoni-Arewa", "lga_name": "Ilela", "target_population_under5": 35.0 }, "geometry": { "type": "Point", "coordinates": [ 8.309299, 10.930682 ] } },
{ "type": "Feature", "properties": { "id": "S02438", "title": "Wasawo-Sabo", "settlement_type": "Village", "ward_code": "W039", "ward_name": "Nungoni-Arewa", "lga_name": "Ilela", "target_population_under5": 57.0 }, "geometry": { "type": "Point", "coordinates": [ 8.252277, 10.847987 ] } },
{ "type": "Feature", "properties": { "id": "S02442", "title": "Watsitu", "settlement_type": "Village", "ward_code": "W039", "ward_name": "Nungoni-Arewa", "lga_name": "Ilela", "target_population_under5": 28.0 }, "geometry": { "type": "Point", "coordinates": [ 8.346556, 10.900473 ] } },
{ "type": "Feature", "properties": { "id": "S02456", "title": "Wazawo", "settlement_type": "Hamlet", "ward_code": "W039", "ward_name": "Nungoni-Arewa", "lga_name": "Ilela", "target_population_under5": 23.0 }, "geometry": { "type": "Point", "coordinates": [ 8.248704, 10.848491 ] } },
{ "type": "Feature", "properties": { "id": "S01687", "title": "Agriko", "settlement_type": "Village", "ward_code": "W025", "ward_name": "Okriba", "lga_name": "Ilela", "target_population_under5": 79.0 }, "geometry": { "type": "Point", "coordinates": [ 7.811452, 11.116958 ] } },
{ "type": "Feature", "properties": { "id": "S01697", "title": "Birasa", "settlement_type": "Hamlet", "ward_code": "W025", "ward_name": "Okriba", "lga_name": "Ilela", "target_population_under5": 12.0 }, "geometry": { "type": "Point", "coordinates": [ 7.787632, 11.11935 ] } },
{ "type": "Feature", "properties": { "id": "S01698", "title": "Bitsini", "settlement_type": "Village", "ward_code": "W025", "ward_name": "Okriba", "lga_name": "Ilela", "target_population_under5": 57.0 }, "geometry": { "type": "Point", "coordinates": [ 7.80772, 11.111359 ] } },
{ "type": "Feature", "properties": { "id": "S01675", "title": "Dangowo-Gabas", "settlement_type": "Hamlet", "ward_code": "W025", "ward_name": "Okriba", "lga_name": "Ilela", "target_population_under5": 16.0 }, "geometry": { "type": "Point", "coordinates": [ 7.846773, 10.937955 ] } },
{ "type": "Feature", "properties": { "id": "S01696", "title": "Dawawo", "settlement_type": "Hamlet", "ward_code": "W025", "ward_name": "Okriba", "lga_name": "Ilela", "target_population_under5": 42.0 }, "geometry": { "type": "Point", "coordinates": [ 7.792653, 11.088083 ] } },
{ "type": "Feature", "properties": { "id": "S01683", "title": "Doduba", "settlement_type": "Urban block", "ward_code": "W025", "ward_name": "Okriba", "lga_name": "Ilela", "target_population_under5": 161.0 }, "geometry": { "type": "Point", "coordinates": [ 7.840818, 11.073782 ] } },
{ "type": "Feature", "properties": { "id": "S01701", "title": "Dowami", "settlement_type": "Village", "ward_code": "W025", "ward_name": "Okriba", "lga_name": "Ilela", "target_population_under5": 26.0 }, "geometry": { "type": "Point", "coordinates": [ 7.796873, 11.122636 ] } },
{ "type": "Feature", "properties": { "id": "S01690", "title": "Ekjidu", "settlement_type": "Village", "ward_code": "W025", "ward_name": "Okriba", "lga_name": "Ilela", "target_population_under5": 103.0 }, "geometry": { "type": "Point", "coordinates": [ 7.749829, 11.102081 ] } },
{ "type": "Feature", "properties": { "id": "S01688", "title": "Enkowa-Kudu", "settlement_type": "Settlement", "ward_code": "W025", "ward_name": "Okriba", "lga_name": "Ilela", "target_population_under5": 9.0 }, "geometry": { "type": "Point", "coordinates": [ 7.748121, 11.10551 ] } },
{ "type": "Feature", "properties": { "id": "S01679", "title": "Hawaru", "settlement_type": "Village", "ward_code": "W025", "ward_name": "Okriba", "lga_name": "Ilela", "target_population_under5": 151.0 }, "geometry": { "type": "Point", "coordinates": [ 7.821252, 11.044258 ] } },
{ "type": "Feature", "properties": { "id": "S01686", "title": "Ibmayi", "settlement_type": "Settlement", "ward_code": "W025", "ward_name": "Okriba", "lga_name": "Ilela", "target_population_under5": 25.0 }, "geometry": { "type": "Point", "coordinates": [ 7.829223, 11.022236 ] } },
{ "type": "Feature", "properties": { "id": "S01704", "title": "Ibzana", "settlement_type": "Settlement", "ward_code": "W025", "ward_name": "Okriba", "lga_name": "Ilela", "target_population_under5": 84.0 }, "geometry": { "type": "Point", "coordinates": [ 7.781227, 11.118662 ] } },
{ "type": "Feature", "properties": { "id": "S01693", "title": "Irbewa-Yamma", "settlement_type": "Village", "ward_code": "W025", "ward_name": "Okriba", "lga_name": "Ilela", "target_population_under5": 56.0 }, "geometry": { "type": "Point", "coordinates": [ 7.793549, 11.096979 ] } },
{ "type": "Feature", "properties": { "id": "S01692", "title": "Irngona", "settlement_type": "Village", "ward_code": "W025", "ward_name": "Okriba", "lga_name": "Ilela", "target_population_under5": 75.0 }, "geometry": { "type": "Point", "coordinates": [ 7.80167, 11.133904 ] } },
{ "type": "Feature", "properties": { "id": "S01705", "title": "Iryoma", "settlement_type": "Hamlet", "ward_code": "W025", "ward_name": "Okriba", "lga_name": "Ilela", "target_population_under5": 10.0 }, "geometry": { "type": "Point", "coordinates": [ 7.781209, 11.140365 ] } },
{ "type": "Feature", "properties": { "id": "S01677", "title": "Jibeyi-Arewa", "settlement_type": "Village", "ward_code": "W025", "ward_name": "Okriba", "lga_name": "Ilela", "target_population_under5": 40.0 }, "geometry": { "type": "Point", "coordinates": [ 7.797814, 11.108725 ] } },
{ "type": "Feature", "properties": { "id": "S01680", "title": "Jishari", "settlement_type": "Village", "ward_code": "W025", "ward_name": "Okriba", "lga_name": "Ilela", "target_population_under5": 86.0 }, "geometry": { "type": "Point", "coordinates": [ 7.77344, 11.114966 ] } },
{ "type": "Feature", "properties": { "id": "S01694", "title": "Kulana", "settlement_type": "Village", "ward_code": "W025", "ward_name": "Okriba", "lga_name": "Ilela", "target_population_under5": 46.0 }, "geometry": { "type": "Point", "coordinates": [ 7.806792, 11.127859 ] } },
{ "type": "Feature", "properties": { "id": "S01674", "title": "Kulani", "settlement_type": "Village", "ward_code": "W025", "ward_name": "Okriba", "lga_name": "Ilela", "target_population_under5": 64.0 }, "geometry": { "type": "Point", "coordinates": [ 7.822522, 11.081001 ] } },
{ "type": "Feature", "properties": { "id": "S01678", "title": "Longotu", "settlement_type": "Village", "ward_code": "W025", "ward_name": "Okriba", "lga_name": "Ilela", "target_population_under5": 41.0 }, "geometry": { "type": "Point", "coordinates": [ 7.810918, 11.0732 ] } },
{ "type": "Feature", "properties": { "id": "S01685", "title": "Majima", "settlement_type": "Hamlet", "ward_code": "W025", "ward_name": "Okriba", "lga_name": "Ilela", "target_population_under5": 6.0 }, "geometry": { "type": "Point", "coordinates": [ 7.792467, 11.109587 ] } },
{ "type": "Feature", "properties": { "id": "S01672", "title": "Oklafa", "settlement_type": "Village", "ward_code": "W025", "ward_name": "Okriba", "lga_name": "Ilela", "target_population_under5": 115.0 }, "geometry": { "type": "Point", "coordinates": [ 7.789596, 11.119154 ] } },
{ "type": "Feature", "properties": { "id": "S01681", "title": "Ritsisa", "settlement_type": "Hamlet", "ward_code": "W025", "ward_name": "Okriba", "lga_name": "Ilela", "target_population_under5": 34.0 }, "geometry": { "type": "Point", "coordinates": [ 7.795377, 11.061543 ] } },
{ "type": "Feature", "properties": { "id": "S01676", "title": "Riwadu", "settlement_type": "Hamlet", "ward_code": "W025", "ward_name": "Okriba", "lga_name": "Ilela", "target_population_under5": 16.0 }, "geometry": { "type": "Point", "coordinates": [ 7.728941, 11.053647 ] } },
{ "type": "Feature", "properties": { "id": "S01699", "title": "Sajiba-Tudun", "settlement_type": "Village", "ward_code": "W025", "ward_name": "Okriba", "lga_name": "Ilela", "target_population_under5": 35.0 }, "geometry": { "type": "Point", "coordinates": [ 7.819849, 11.053403 ] } },
{ "type": "Feature", "properties": { "id": "S01703", "title": "Sushayi", "settlement_type": "Village", "ward_code": "W025", "ward_name": "Okriba", "lga_name": "Ilela", "target_population_under5": 46.0 }, "geometry": { "type": "Point", "coordinates": [ 7.796383, 11.068063 ] } },
{ "type": "Feature", "properties": { "id": "S01689", "title": "Suzama", "settlement_type": "Village", "ward_code": "W025", "ward_name": "Okriba", "lga_name": "Ilela", "target_population_under5": 15.0 }, "geometry": { "type": "Point", "coordinates": [ 7.775054, 11.104465 ] } },
{ "type": "Feature", "properties": { "id": "S01695", "title": "Tatiri", "settlement_type": "Hamlet", "ward_code": "W025", "ward_name": "Okriba", "lga_name": "Ilela", "target_population_under5": 14.0 }, "geometry": { "type": "Point", "coordinates": [ 7.716396, 11.047631 ] } },
{ "type": "Feature", "properties": { "id": "S01673", "title": "Uzlaja", "settlement_type": "Village", "ward_code": "W025", "ward_name": "Okriba", "lga_name": "Ilela", "target_population_under5": 20.0 }, "geometry": { "type": "Point", "coordinates": [ 7.822701, 11.075851 ] } },
{ "type": "Feature", "properties": { "id": "S01684", "title": "Uzsani-Tudun", "settlement_type": "Hamlet", "ward_code": "W025", "ward_name": "Okriba", "lga_name": "Ilela", "target_population_under5": 11.0 }, "geometry": { "type": "Point", "coordinates": [ 7.780514, 11.108717 ] } },
{ "type": "Feature", "properties": { "id": "S01691", "title": "Uzshatu", "settlement_type": "Village", "ward_code": "W025", "ward_name": "Okriba", "lga_name": "Ilela", "target_population_under5": 60.0 }, "geometry": { "type": "Point", "coordinates": [ 7.792168, 11.114629 ] } },
{ "type": "Feature", "properties": { "id": "S01702", "title": "Wakomi", "settlement_type": "Settlement", "ward_code": "W025", "ward_name": "Okriba", "lga_name": "Ilela", "target_population_under5": 31.0 }, "geometry": { "type": "Point", "coordinates": [ 7.809002, 11.062698 ] } },
{ "type": "Feature", "properties": { "id": "S01700", "title": "Wasayi-Kofar", "settlement_type": "Settlement", "ward_code": "W025", "ward_name": "Okriba", "lga_name": "Ilela", "target_population_under5": 29.0 }, "geometry": { "type": "Point", "coordinates": [ 7.806569, 11.073819 ] } },
{ "type": "Feature", "properties": { "id": "S01682", "title": "Yedewo", "settlement_type": "Village", "ward_code": "W025", "ward_name": "Okriba", "lga_name": "Ilela", "target_population_under5": 60.0 }, "geometry": { "type": "Point", "coordinates": [ 7.850356, 11.026985 ] } },
{ "type": "Feature", "properties": { "id": "S01671", "title": "Zakode", "settlement_type": "Hamlet", "ward_code": "W025", "ward_name": "Okriba", "lga_name": "Ilela", "target_population_under5": 30.0 }, "geometry": { "type": "Point", "coordinates": [ 7.788556, 11.137155 ] } },
{ "type": "Feature", "properties": { "id": "S01706", "title": "Zamale", "settlement_type": "Village", "ward_code": "W025", "ward_name": "Okriba", "lga_name": "Ilela", "target_population_under5": 58.0 }, "geometry": { "type": "Point", "coordinates": [ 7.8118, 11.132845 ] } },
{ "type": "Feature", "properties": { "id": "S01377", "title": "Adrishi", "settlement_type": "Village", "ward_code": "W019", "ward_name": "Umzaba-Kofar", "lga_name": "Ilela", "target_population_under5": 94.0 }, "geometry": { "type": "Point", "coordinates": [ 7.578763, 10.975723 ] } },
{ "type": "Feature", "properties": { "id": "S01406", "title": "Adshako", "settlement_type": "Village", "ward_code": "W019", "ward_name": "Umzaba-Kofar", "lga_name": "Ilela", "target_population_under5": 24.0 }, "geometry": { "type": "Point", "coordinates": [ 7.707436, 10.854893 ] } },
{ "type": "Feature", "properties": { "id": "S01413", "title": "Agyona", "settlement_type": "Hamlet", "ward_code": "W019", "ward_name": "Umzaba-Kofar", "lga_name": "Ilela", "target_population_under5": 16.0 }, "geometry": { "type": "Point", "coordinates": [ 7.605308, 10.993907 ] } },
{ "type": "Feature", "properties": { "id": "S01417", "title": "Baride", "settlement_type": "Village", "ward_code": "W019", "ward_name": "Umzaba-Kofar", "lga_name": "Ilela", "target_population_under5": 14.0 }, "geometry": { "type": "Point", "coordinates": [ 7.595724, 11.029643 ] } },
{ "type": "Feature", "properties": { "id": "S01405", "title": "Batishi", "settlement_type": "Village", "ward_code": "W019", "ward_name": "Umzaba-Kofar", "lga_name": "Ilela", "target_population_under5": 19.0 }, "geometry": { "type": "Point", "coordinates": [ 7.617966, 10.987724 ] } },
{ "type": "Feature", "properties": { "id": "S01396", "title": "Bayowa-Kudu", "settlement_type": "Village", "ward_code": "W019", "ward_name": "Umzaba-Kofar", "lga_name": "Ilela", "target_population_under5": 33.0 }, "geometry": { "type": "Point", "coordinates": [ 7.671422, 10.821992 ] } },
{ "type": "Feature", "properties": { "id": "S01374", "title": "Bazaru", "settlement_type": "Hamlet", "ward_code": "W019", "ward_name": "Umzaba-Kofar", "lga_name": "Ilela", "target_population_under5": 36.0 }, "geometry": { "type": "Point", "coordinates": [ 7.791125, 10.947389 ] } },
{ "type": "Feature", "properties": { "id": "S01384", "title": "Bidudu", "settlement_type": "Urban block", "ward_code": "W019", "ward_name": "Umzaba-Kofar", "lga_name": "Ilela", "target_population_under5": 129.0 }, "geometry": { "type": "Point", "coordinates": [ 7.594472, 11.017414 ] } },
{ "type": "Feature", "properties": { "id": "S01383", "title": "Bikotu", "settlement_type": "Urban block", "ward_code": "W019", "ward_name": "Umzaba-Kofar", "lga_name": "Ilela", "target_population_under5": 202.0 }, "geometry": { "type": "Point", "coordinates": [ 7.703806, 10.850877 ] } },
{ "type": "Feature", "properties": { "id": "S01420", "title": "Biluru", "settlement_type": "Hamlet", "ward_code": "W019", "ward_name": "Umzaba-Kofar", "lga_name": "Ilela", "target_population_under5": 20.0 }, "geometry": { "type": "Point", "coordinates": [ 7.572132, 11.001429 ] } },
{ "type": "Feature", "properties": { "id": "S01380", "title": "Dalade", "settlement_type": "Urban block", "ward_code": "W019", "ward_name": "Umzaba-Kofar", "lga_name": "Ilela", "target_population_under5": 180.0 }, "geometry": { "type": "Point", "coordinates": [ 7.596642, 11.012734 ] } },
{ "type": "Feature", "properties": { "id": "S01400", "title": "Danayi", "settlement_type": "Hamlet", "ward_code": "W019", "ward_name": "Umzaba-Kofar", "lga_name": "Ilela", "target_population_under5": 9.0 }, "geometry": { "type": "Point", "coordinates": [ 7.691555, 10.851957 ] } },
{ "type": "Feature", "properties": { "id": "S01378", "title": "Dazasa", "settlement_type": "Hamlet", "ward_code": "W019", "ward_name": "Umzaba-Kofar", "lga_name": "Ilela", "target_population_under5": 12.0 }, "geometry": { "type": "Point", "coordinates": [ 7.628813, 11.033192 ] } },
{ "type": "Feature", "properties": { "id": "S01397", "title": "Doderu", "settlement_type": "Village", "ward_code": "W019", "ward_name": "Umzaba-Kofar", "lga_name": "Ilela", "target_population_under5": 48.0 }, "geometry": { "type": "Point", "coordinates": [ 7.587538, 10.997967 ] } },
{ "type": "Feature", "properties": { "id": "S01389", "title": "Doradu", "settlement_type": "Hamlet", "ward_code": "W019", "ward_name": "Umzaba-Kofar", "lga_name": "Ilela", "target_population_under5": 18.0 }, "geometry": { "type": "Point", "coordinates": [ 7.604064, 11.005583 ] } },
{ "type": "Feature", "properties": { "id": "S01422", "title": "Ekbaja", "settlement_type": "Village", "ward_code": "W019", "ward_name": "Umzaba-Kofar", "lga_name": "Ilela", "target_population_under5": 18.0 }, "geometry": { "type": "Point", "coordinates": [ 7.599224, 11.016291 ] } },
{ "type": "Feature", "properties": { "id": "S01393", "title": "Eksawa", "settlement_type": "Hamlet", "ward_code": "W019", "ward_name": "Umzaba-Kofar", "lga_name": "Ilela", "target_population_under5": 13.0 }, "geometry": { "type": "Point", "coordinates": [ 7.581005, 11.006662 ] } },
{ "type": "Feature", "properties": { "id": "S01386", "title": "Ektsija", "settlement_type": "Village", "ward_code": "W019", "ward_name": "Umzaba-Kofar", "lga_name": "Ilela", "target_population_under5": 42.0 }, "geometry": { "type": "Point", "coordinates": [ 7.570157, 10.999661 ] } },
{ "type": "Feature", "properties": { "id": "S01381", "title": "Endeta", "settlement_type": "Hamlet", "ward_code": "W019", "ward_name": "Umzaba-Kofar", "lga_name": "Ilela", "target_population_under5": 9.0 }, "geometry": { "type": "Point", "coordinates": [ 7.678038, 10.897675 ] } },
{ "type": "Feature", "properties": { "id": "S01414", "title": "Fatsina-Kofar", "settlement_type": "Settlement", "ward_code": "W019", "ward_name": "Umzaba-Kofar", "lga_name": "Ilela", "target_population_under5": 49.0 }, "geometry": { "type": "Point", "coordinates": [ 7.609814, 11.003492 ] } },
{ "type": "Feature", "properties": { "id": "S01411", "title": "Gutini", "settlement_type": "Settlement", "ward_code": "W019", "ward_name": "Umzaba-Kofar", "lga_name": "Ilela", "target_population_under5": 35.0 }, "geometry": { "type": "Point", "coordinates": [ 7.562944, 11.037024 ] } },
{ "type": "Feature", "properties": { "id": "S01372", "title": "Haduta", "settlement_type": "Hamlet", "ward_code": "W019", "ward_name": "Umzaba-Kofar", "lga_name": "Ilela", "target_population_under5": 6.0 }, "geometry": { "type": "Point", "coordinates": [ 7.683636, 10.864323 ] } },
{ "type": "Feature", "properties": { "id": "S01385", "title": "Hajiru", "settlement_type": "Village", "ward_code": "W019", "ward_name": "Umzaba-Kofar", "lga_name": "Ilela", "target_population_under5": 43.0 }, "geometry": { "type": "Point", "coordinates": [ 7.574191, 10.999905 ] } },
{ "type": "Feature", "properties": { "id": "S01390", "title": "Ibbewo", "settlement_type": "Village", "ward_code": "W019", "ward_name": "Umzaba-Kofar", "lga_name": "Ilela", "target_population_under5": 138.0 }, "geometry": { "type": "Point", "coordinates": [ 7.587352, 11.028897 ] } },
{ "type": "Feature", "properties": { "id": "S01419", "title": "Ibjiwo", "settlement_type": "Hamlet", "ward_code": "W019", "ward_name": "Umzaba-Kofar", "lga_name": "Ilela", "target_population_under5": 19.0 }, "geometry": { "type": "Point", "coordinates": [ 7.617537, 11.021196 ] } },
{ "type": "Feature", "properties": { "id": "S01416", "title": "Ibtifa-Sabo", "settlement_type": "Hamlet", "ward_code": "W019", "ward_name": "Umzaba-Kofar", "lga_name": "Ilela", "target_population_under5": 9.0 }, "geometry": { "type": "Point", "coordinates": [ 7.604199, 10.997142 ] } },
{ "type": "Feature", "properties": { "id": "S01398", "title": "Irbetu-Tsakiya", "settlement_type": "Village", "ward_code": "W019", "ward_name": "Umzaba-Kofar", "lga_name": "Ilela", "target_population_under5": 53.0 }, "geometry": { "type": "Point", "coordinates": [ 7.61991, 11.00405 ] } },
{ "type": "Feature", "properties": { "id": "S01382", "title": "Kazayi-Kudu", "settlement_type": "Village", "ward_code": "W019", "ward_name": "Umzaba-Kofar", "lga_name": "Ilela", "target_population_under5": 70.0 }, "geometry": { "type": "Point", "coordinates": [ 7.733434, 10.998425 ] } },
{ "type": "Feature", "properties": { "id": "S01391", "title": "Kuyoja-Tudun", "settlement_type": "Settlement", "ward_code": "W019", "ward_name": "Umzaba-Kofar", "lga_name": "Ilela", "target_population_under5": 14.0 }, "geometry": { "type": "Point", "coordinates": [ 7.602497, 10.994992 ] } },
{ "type": "Feature", "properties": { "id": "S01421", "title": "Lolari-Sabo", "settlement_type": "Village", "ward_code": "W019", "ward_name": "Umzaba-Kofar", "lga_name": "Ilela", "target_population_under5": 94.0 }, "geometry": { "type": "Point", "coordinates": [ 7.692035, 10.851546 ] } },
{ "type": "Feature", "properties": { "id": "S01375", "title": "Lotifa-Sabo", "settlement_type": "Hamlet", "ward_code": "W019", "ward_name": "Umzaba-Kofar", "lga_name": "Ilela", "target_population_under5": 29.0 }, "geometry": { "type": "Point", "coordinates": [ 7.691357, 10.970583 ] } },
{ "type": "Feature", "properties": { "id": "S01415", "title": "Nuluwa", "settlement_type": "Settlement", "ward_code": "W019", "ward_name": "Umzaba-Kofar", "lga_name": "Ilela", "target_population_under5": 49.0 }, "geometry": { "type": "Point", "coordinates": [ 7.578425, 11.009966 ] } },
{ "type": "Feature", "properties": { "id": "S01403", "title": "Nunawa-Kofar", "settlement_type": "Village", "ward_code": "W019", "ward_name": "Umzaba-Kofar", "lga_name": "Ilela", "target_population_under5": 21.0 }, "geometry": { "type": "Point", "coordinates": [ 7.71222, 10.858169 ] } },
{ "type": "Feature", "properties": { "id": "S01408", "title": "Nurimi-Tudun", "settlement_type": "Village", "ward_code": "W019", "ward_name": "Umzaba-Kofar", "lga_name": "Ilela", "target_population_under5": 44.0 }, "geometry": { "type": "Point", "coordinates": [ 7.692759, 10.853195 ] } },
{ "type": "Feature", "properties": { "id": "S01373", "title": "Nuyoru", "settlement_type": "Hamlet", "ward_code": "W019", "ward_name": "Umzaba-Kofar", "lga_name": "Ilela", "target_population_under5": 42.0 }, "geometry": { "type": "Point", "coordinates": [ 7.579996, 11.007027 ] } },
{ "type": "Feature", "properties": { "id": "S01423", "title": "Olbashi", "settlement_type": "Hamlet", "ward_code": "W019", "ward_name": "Umzaba-Kofar", "lga_name": "Ilela", "target_population_under5": 7.0 }, "geometry": { "type": "Point", "coordinates": [ 7.655922, 10.999758 ] } },
{ "type": "Feature", "properties": { "id": "S01379", "title": "Oldena", "settlement_type": "Settlement", "ward_code": "W019", "ward_name": "Umzaba-Kofar", "lga_name": "Ilela", "target_population_under5": 62.0 }, "geometry": { "type": "Point", "coordinates": [ 7.689303, 10.857919 ] } },
{ "type": "Feature", "properties": { "id": "S01409", "title": "Olshaba", "settlement_type": "Village", "ward_code": "W019", "ward_name": "Umzaba-Kofar", "lga_name": "Ilela", "target_population_under5": 31.0 }, "geometry": { "type": "Point", "coordinates": [ 7.70714, 10.885409 ] } },
{ "type": "Feature", "properties": { "id": "S01412", "title": "Rinasa", "settlement_type": "Settlement", "ward_code": "W019", "ward_name": "Umzaba-Kofar", "lga_name": "Ilela", "target_population_under5": 24.0 }, "geometry": { "type": "Point", "coordinates": [ 7.612382, 10.99315 ] } },
{ "type": "Feature", "properties": { "id": "S01387", "title": "Ritsima", "settlement_type": "Hamlet", "ward_code": "W019", "ward_name": "Umzaba-Kofar", "lga_name": "Ilela", "target_population_under5": 27.0 }, "geometry": { "type": "Point", "coordinates": [ 7.597933, 11.010327 ] } },
{ "type": "Feature", "properties": { "id": "S01407", "title": "Sasadu", "settlement_type": "Settlement", "ward_code": "W019", "ward_name": "Umzaba-Kofar", "lga_name": "Ilela", "target_population_under5": 45.0 }, "geometry": { "type": "Point", "coordinates": [ 7.713557, 10.864857 ] } },
{ "type": "Feature", "properties": { "id": "S01401", "title": "Suzani-Kudu", "settlement_type": "Hamlet", "ward_code": "W019", "ward_name": "Umzaba-Kofar", "lga_name": "Ilela", "target_population_under5": 24.0 }, "geometry": { "type": "Point", "coordinates": [ 7.709899, 10.834951 ] } },
{ "type": "Feature", "properties": { "id": "S01402", "title": "Taluyi", "settlement_type": "Hamlet", "ward_code": "W019", "ward_name": "Umzaba-Kofar", "lga_name": "Ilela", "target_population_under5": 6.0 }, "geometry": { "type": "Point", "coordinates": [ 7.580831, 11.00284 ] } },
{ "type": "Feature", "properties": { "id": "S01395", "title": "Tangodu-Gabas", "settlement_type": "Hamlet", "ward_code": "W019", "ward_name": "Umzaba-Kofar", "lga_name": "Ilela", "target_population_under5": 4.0 }, "geometry": { "type": "Point", "coordinates": [ 7.770767, 10.960857 ] } },
{ "type": "Feature", "properties": { "id": "S01371", "title": "Umriko-Kofar", "settlement_type": "Village", "ward_code": "W019", "ward_name": "Umzaba-Kofar", "lga_name": "Ilela", "target_population_under5": 44.0 }, "geometry": { "type": "Point", "coordinates": [ 7.645241, 10.984856 ] } },
{ "type": "Feature", "properties": { "id": "S01399", "title": "Umshashi", "settlement_type": "Hamlet", "ward_code": "W019", "ward_name": "Umzaba-Kofar", "lga_name": "Ilela", "target_population_under5": 15.0 }, "geometry": { "type": "Point", "coordinates": [ 7.567471, 11.025128 ] } },
{ "type": "Feature", "properties": { "id": "S01392", "title": "Uzjima", "settlement_type": "Village", "ward_code": "W019", "ward_name": "Umzaba-Kofar", "lga_name": "Ilela", "target_population_under5": 56.0 }, "geometry": { "type": "Point", "coordinates": [ 7.634425, 11.025009 ] } },
{ "type": "Feature", "properties": { "id": "S01394", "title": "Waduwo", "settlement_type": "Hamlet", "ward_code": "W019", "ward_name": "Umzaba-Kofar", "lga_name": "Ilela", "target_population_under5": 18.0 }, "geometry": { "type": "Point", "coordinates": [ 7.591493, 11.018727 ] } },
{ "type": "Feature", "properties": { "id": "S01410", "title": "Watsina", "settlement_type": "Hamlet", "ward_code": "W019", "ward_name": "Umzaba-Kofar", "lga_name": "Ilela", "target_population_under5": 25.0 }, "geometry": { "type": "Point", "coordinates": [ 7.690375, 10.865525 ] } },
{ "type": "Feature", "properties": { "id": "S01418", "title": "Wazaja", "settlement_type": "Settlement", "ward_code": "W019", "ward_name": "Umzaba-Kofar", "lga_name": "Ilela", "target_population_under5": 70.0 }, "geometry": { "type": "Point", "coordinates": [ 7.605772, 11.002496 ] } },
{ "type": "Feature", "properties": { "id": "S01388", "title": "Yetsita", "settlement_type": "Hamlet", "ward_code": "W019", "ward_name": "Umzaba-Kofar", "lga_name": "Ilela", "target_population_under5": 22.0 }, "geometry": { "type": "Point", "coordinates": [ 7.603484, 11.00357 ] } },
{ "type": "Feature", "properties": { "id": "S01376", "title": "Yewaba", "settlement_type": "Village", "ward_code": "W019", "ward_name": "Umzaba-Kofar", "lga_name": "Ilela", "target_population_under5": 36.0 }, "geometry": { "type": "Point", "coordinates": [ 7.726014, 10.849493 ] } },
{ "type": "Feature", "properties": { "id": "S01404", "title": "Zamani", "settlement_type": "Hamlet", "ward_code": "W019", "ward_name": "Umzaba-Kofar", "lga_name": "Ilela", "target_population_under5": 4.0 }, "geometry": { "type": "Point", "coordinates": [ 7.592319, 10.988128 ] } },
{ "type": "Feature", "properties": { "id": "S01837", "title": "Agngoko", "settlement_type": "Hamlet", "ward_code": "W028", "ward_name": "Wangoja", "lga_name": "Ilela", "target_population_under5": 10.0 }, "geometry": { "type": "Point", "coordinates": [ 7.886311, 10.865501 ] } },
{ "type": "Feature", "properties": { "id": "S01820", "title": "Agyoja", "settlement_type": "Hamlet", "ward_code": "W028", "ward_name": "Wangoja", "lga_name": "Ilela", "target_population_under5": 17.0 }, "geometry": { "type": "Point", "coordinates": [ 7.899446, 10.922209 ] } },
{ "type": "Feature", "properties": { "id": "S01799", "title": "Bajile", "settlement_type": "Urban block", "ward_code": "W028", "ward_name": "Wangoja", "lga_name": "Ilela", "target_population_under5": 158.0 }, "geometry": { "type": "Point", "coordinates": [ 7.886872, 10.856334 ] } },
{ "type": "Feature", "properties": { "id": "S01841", "title": "Barashi", "settlement_type": "Village", "ward_code": "W028", "ward_name": "Wangoja", "lga_name": "Ilela", "target_population_under5": 72.0 }, "geometry": { "type": "Point", "coordinates": [ 8.013383, 10.770882 ] } },
{ "type": "Feature", "properties": { "id": "S01819", "title": "Bibema", "settlement_type": "Village", "ward_code": "W028", "ward_name": "Wangoja", "lga_name": "Ilela", "target_population_under5": 109.0 }, "geometry": { "type": "Point", "coordinates": [ 7.932477, 10.876878 ] } },
{ "type": "Feature", "properties": { "id": "S01843", "title": "Biberi", "settlement_type": "Settlement", "ward_code": "W028", "ward_name": "Wangoja", "lga_name": "Ilela", "target_population_under5": 18.0 }, "geometry": { "type": "Point", "coordinates": [ 7.906586, 10.815524 ] } },
{ "type": "Feature", "properties": { "id": "S01800", "title": "Bijiwo", "settlement_type": "Village", "ward_code": "W028", "ward_name": "Wangoja", "lga_name": "Ilela", "target_population_under5": 37.0 }, "geometry": { "type": "Point", "coordinates": [ 7.90424, 10.855287 ] } },
{ "type": "Feature", "properties": { "id": "S01831", "title": "Bishashi", "settlement_type": "Village", "ward_code": "W028", "ward_name": "Wangoja", "lga_name": "Ilela", "target_population_under5": 21.0 }, "geometry": { "type": "Point", "coordinates": [ 7.990922, 10.795864 ] } },
{ "type": "Feature", "properties": { "id": "S01804", "title": "Bitsita-Kudu", "settlement_type": "Village", "ward_code": "W028", "ward_name": "Wangoja", "lga_name": "Ilela", "target_population_under5": 11.0 }, "geometry": { "type": "Point", "coordinates": [ 7.981542, 10.81566 ] } },
{ "type": "Feature", "properties": { "id": "S01826", "title": "Dotsiba-Kudu", "settlement_type": "Village", "ward_code": "W028", "ward_name": "Wangoja", "lga_name": "Ilela", "target_population_under5": 112.0 }, "geometry": { "type": "Point", "coordinates": [ 7.999263, 10.802743 ] } },
{ "type": "Feature", "properties": { "id": "S01823", "title": "Ekkoshi", "settlement_type": "Settlement", "ward_code": "W028", "ward_name": "Wangoja", "lga_name": "Ilela", "target_population_under5": 56.0 }, "geometry": { "type": "Point", "coordinates": [ 7.964271, 10.772803 ] } },
{ "type": "Feature", "properties": { "id": "S01795", "title": "Ennaba", "settlement_type": "Hamlet", "ward_code": "W028", "ward_name": "Wangoja", "lga_name": "Ilela", "target_population_under5": 14.0 }, "geometry": { "type": "Point", "coordinates": [ 7.887446, 10.882151 ] } },
{ "type": "Feature", "properties": { "id": "S01809", "title": "Enradu", "settlement_type": "Hamlet", "ward_code": "W028", "ward_name": "Wangoja", "lga_name": "Ilela", "target_population_under5": 37.0 }, "geometry": { "type": "Point", "coordinates": [ 7.980496, 10.80147 ] } },
{ "type": "Feature", "properties": { "id": "S01836", "title": "Famayi", "settlement_type": "Village", "ward_code": "W028", "ward_name": "Wangoja", "lga_name": "Ilela", "target_population_under5": 40.0 }, "geometry": { "type": "Point", "coordinates": [ 7.900222, 10.841189 ] } },
{ "type": "Feature", "properties": { "id": "S01821", "title": "Gukoshi", "settlement_type": "Settlement", "ward_code": "W028", "ward_name": "Wangoja", "lga_name": "Ilela", "target_population_under5": 35.0 }, "geometry": { "type": "Point", "coordinates": [ 7.982939, 10.785464 ] } },
{ "type": "Feature", "properties": { "id": "S01839", "title": "Gutsile", "settlement_type": "Village", "ward_code": "W028", "ward_name": "Wangoja", "lga_name": "Ilela", "target_population_under5": 50.0 }, "geometry": { "type": "Point", "coordinates": [ 7.883138, 10.861752 ] } },
{ "type": "Feature", "properties": { "id": "S01792", "title": "Guwawo", "settlement_type": "Village", "ward_code": "W028", "ward_name": "Wangoja", "lga_name": "Ilela", "target_population_under5": 117.0 }, "geometry": { "type": "Point", "coordinates": [ 8.031211, 10.920248 ] } },
{ "type": "Feature", "properties": { "id": "S01811", "title": "Hamani", "settlement_type": "Village", "ward_code": "W028", "ward_name": "Wangoja", "lga_name": "Ilela", "target_population_under5": 95.0 }, "geometry": { "type": "Point", "coordinates": [ 7.990572, 10.788017 ] } },
{ "type": "Feature", "properties": { "id": "S01796", "title": "Harini-Kudu", "settlement_type": "Village", "ward_code": "W028", "ward_name": "Wangoja", "lga_name": "Ilela", "target_population_under5": 92.0 }, "geometry": { "type": "Point", "coordinates": [ 7.99269, 10.81684 ] } },
{ "type": "Feature", "properties": { "id": "S01842", "title": "Ibdemi", "settlement_type": "Hamlet", "ward_code": "W028", "ward_name": "Wangoja", "lga_name": "Ilela", "target_population_under5": 4.0 }, "geometry": { "type": "Point", "coordinates": [ 7.930521, 10.812075 ] } },
{ "type": "Feature", "properties": { "id": "S01822", "title": "Ibduwo", "settlement_type": "Village", "ward_code": "W028", "ward_name": "Wangoja", "lga_name": "Ilela", "target_population_under5": 36.0 }, "geometry": { "type": "Point", "coordinates": [ 7.940678, 10.779548 ] } },
{ "type": "Feature", "properties": { "id": "S01812", "title": "Iryoja", "settlement_type": "Village", "ward_code": "W028", "ward_name": "Wangoja", "lga_name": "Ilela", "target_population_under5": 17.0 }, "geometry": { "type": "Point", "coordinates": [ 7.865366, 10.90429 ] } },
{ "type": "Feature", "properties": { "id": "S01827", "title": "Jimale", "settlement_type": "Settlement", "ward_code": "W028", "ward_name": "Wangoja", "lga_name": "Ilela", "target_population_under5": 65.0 }, "geometry": { "type": "Point", "coordinates": [ 7.7054650513675, 10.855649 ] } },
{ "type": "Feature", "properties": { "id": "S01793", "title": "Jirafa", "settlement_type": "Village", "ward_code": "W028", "ward_name": "Wangoja", "lga_name": "Ilela", "target_population_under5": 105.0 }, "geometry": { "type": "Point", "coordinates": [ 7.860307, 10.872836 ] } },
{ "type": "Feature", "properties": { "id": "S01815", "title": "Jiwashi", "settlement_type": "Settlement", "ward_code": "W028", "ward_name": "Wangoja", "lga_name": "Ilela", "target_population_under5": 65.0 }, "geometry": { "type": "Point", "coordinates": [ 7.887904, 10.875342 ] } },
{ "type": "Feature", "properties": { "id": "S01824", "title": "Jizaba", "settlement_type": "Village", "ward_code": "W028", "ward_name": "Wangoja", "lga_name": "Ilela", "target_population_under5": 40.0 }, "geometry": { "type": "Point", "coordinates": [ 7.83684, 10.875599 ] } },
{ "type": "Feature", "properties": { "id": "S01834", "title": "Kajitu", "settlement_type": "Settlement", "ward_code": "W028", "ward_name": "Wangoja", "lga_name": "Ilela", "target_population_under5": 24.0 }, "geometry": { "type": "Point", "coordinates": [ 7.866387, 10.902057 ] } },
{ "type": "Feature", "properties": { "id": "S01833", "title": "Kasaru", "settlement_type": "Village", "ward_code": "W028", "ward_name": "Wangoja", "lga_name": "Ilela", "target_population_under5": 46.0 }, "geometry": { "type": "Point", "coordinates": [ 7.868025, 10.855773 ] } },
{ "type": "Feature", "properties": { "id": "S01818", "title": "Kashadu", "settlement_type": "Settlement", "ward_code": "W028", "ward_name": "Wangoja", "lga_name": "Ilela", "target_population_under5": 27.0 }, "geometry": { "type": "Point", "coordinates": [ 7.883728, 10.899975 ] } },
{ "type": "Feature", "properties": { "id": "S01816", "title": "Mariba", "settlement_type": "Hamlet", "ward_code": "W028", "ward_name": "Wangoja", "lga_name": "Ilela", "target_population_under5": 7.0 }, "geometry": { "type": "Point", "coordinates": [ 7.882978, 10.888182 ] } },
{ "type": "Feature", "properties": { "id": "S01835", "title": "Mayole", "settlement_type": "Settlement", "ward_code": "W028", "ward_name": "Wangoja", "lga_name": "Ilela", "target_population_under5": 45.0 }, "geometry": { "type": "Point", "coordinates": [ 7.968833, 10.787603 ] } },
{ "type": "Feature", "properties": { "id": "S01817", "title": "Nuduwo", "settlement_type": "Hamlet", "ward_code": "W028", "ward_name": "Wangoja", "lga_name": "Ilela", "target_population_under5": 40.0 }, "geometry": { "type": "Point", "coordinates": [ 7.942206, 10.749589 ] } },
{ "type": "Feature", "properties": { "id": "S01830", "title": "Nutifa-Tudun", "settlement_type": "Hamlet", "ward_code": "W028", "ward_name": "Wangoja", "lga_name": "Ilela", "target_population_under5": 27.0 }, "geometry": { "type": "Point", "coordinates": [ 7.953136, 10.795742 ] } },
{ "type": "Feature", "properties": { "id": "S01840", "title": "Okdudu", "settlement_type": "Settlement", "ward_code": "W028", "ward_name": "Wangoja", "lga_name": "Ilela", "target_population_under5": 39.0 }, "geometry": { "type": "Point", "coordinates": [ 7.857852, 10.865553 ] } },
{ "type": "Feature", "properties": { "id": "S01810", "title": "Okjishi", "settlement_type": "Hamlet", "ward_code": "W028", "ward_name": "Wangoja", "lga_name": "Ilela", "target_population_under5": 14.0 }, "geometry": { "type": "Point", "coordinates": [ 7.89591, 10.900223 ] } },
{ "type": "Feature", "properties": { "id": "S01806", "title": "Okmana", "settlement_type": "Hamlet", "ward_code": "W028", "ward_name": "Wangoja", "lga_name": "Ilela", "target_population_under5": 12.0 }, "geometry": { "type": "Point", "coordinates": [ 7.958151, 10.757071 ] } },
{ "type": "Feature", "properties": { "id": "S01808", "title": "Oljita", "settlement_type": "Hamlet", "ward_code": "W028", "ward_name": "Wangoja", "lga_name": "Ilela", "target_population_under5": 14.0 }, "geometry": { "type": "Point", "coordinates": [ 7.98275, 10.81445 ] } },
{ "type": "Feature", "properties": { "id": "S01829", "title": "Olsharu", "settlement_type": "Village", "ward_code": "W028", "ward_name": "Wangoja", "lga_name": "Ilela", "target_population_under5": 103.0 }, "geometry": { "type": "Point", "coordinates": [ 8.004946, 10.775678 ] } },
{ "type": "Feature", "properties": { "id": "S01805", "title": "Satsina", "settlement_type": "Village", "ward_code": "W028", "ward_name": "Wangoja", "lga_name": "Ilela", "target_population_under5": 16.0 }, "geometry": { "type": "Point", "coordinates": [ 7.975632, 10.818057 ] } },
{ "type": "Feature", "properties": { "id": "S01825", "title": "Sukodu-Kofar", "settlement_type": "Settlement", "ward_code": "W028", "ward_name": "Wangoja", "lga_name": "Ilela", "target_population_under5": 62.0 }, "geometry": { "type": "Point", "coordinates": [ 7.893172, 10.88498 ] } },
{ "type": "Feature", "properties": { "id": "S01802", "title": "Tajisa-Tsakiya", "settlement_type": "Hamlet", "ward_code": "W028", "ward_name": "Wangoja", "lga_name": "Ilela", "target_population_under5": 14.0 }, "geometry": { "type": "Point", "coordinates": [ 7.996274, 10.754299 ] } },
{ "type": "Feature", "properties": { "id": "S01807", "title": "Talayi", "settlement_type": "Settlement", "ward_code": "W028", "ward_name": "Wangoja", "lga_name": "Ilela", "target_population_under5": 72.0 }, "geometry": { "type": "Point", "coordinates": [ 7.999655, 10.761653 ] } },
{ "type": "Feature", "properties": { "id": "S01838", "title": "Umtsisa", "settlement_type": "Hamlet", "ward_code": "W028", "ward_name": "Wangoja", "lga_name": "Ilela", "target_population_under5": 40.0 }, "geometry": { "type": "Point", "coordinates": [ 7.999175, 10.74903 ] } },
{ "type": "Feature", "properties": { "id": "S01813", "title": "Umyoni", "settlement_type": "Village", "ward_code": "W028", "ward_name": "Wangoja", "lga_name": "Ilela", "target_population_under5": 19.0 }, "geometry": { "type": "Point", "coordinates": [ 7.992598, 10.798116 ] } },
{ "type": "Feature", "properties": { "id": "S01801", "title": "Uzkodu", "settlement_type": "Village", "ward_code": "W028", "ward_name": "Wangoja", "lga_name": "Ilela", "target_population_under5": 39.0 }, "geometry": { "type": "Point", "coordinates": [ 7.97257, 10.888123 ] } },
{ "type": "Feature", "properties": { "id": "S01828", "title": "Wabewo", "settlement_type": "Village", "ward_code": "W028", "ward_name": "Wangoja", "lga_name": "Ilela", "target_population_under5": 112.0 }, "geometry": { "type": "Point", "coordinates": [ 8.012365, 10.853734 ] } },
{ "type": "Feature", "properties": { "id": "S01832", "title": "Watina", "settlement_type": "Village", "ward_code": "W028", "ward_name": "Wangoja", "lga_name": "Ilela", "target_population_under5": 63.0 }, "geometry": { "type": "Point", "coordinates": [ 7.898541, 10.874006 ] } },
{ "type": "Feature", "properties": { "id": "S01794", "title": "Yetsiri", "settlement_type": "Village", "ward_code": "W028", "ward_name": "Wangoja", "lga_name": "Ilela", "target_population_under5": 45.0 }, "geometry": { "type": "Point", "coordinates": [ 7.895229, 10.866714 ] } },
{ "type": "Feature", "properties": { "id": "S01814", "title": "Yezashi", "settlement_type": "Hamlet", "ward_code": "W028", "ward_name": "Wangoja", "lga_name": "Ilela", "target_population_under5": 17.0 }, "geometry": { "type": "Point", "coordinates": [ 7.979072, 10.790237 ] } },
{ "type": "Feature", "properties": { "id": "S01797", "title": "Zabeja", "settlement_type": "Village", "ward_code": "W028", "ward_name": "Wangoja", "lga_name": "Ilela", "target_population_under5": 93.0 }, "geometry": { "type": "Point", "coordinates": [ 7.98265, 10.9094 ] } },
{ "type": "Feature", "properties": { "id": "S01803", "title": "Zasani-Yamma", "settlement_type": "Village", "ward_code": "W028", "ward_name": "Wangoja", "lga_name": "Ilela", "target_population_under5": 199.0 }, "geometry": { "type": "Point", "coordinates": [ 7.894288, 10.862059 ] } },
{ "type": "Feature", "properties": { "id": "S01798", "title": "Zazami", "settlement_type": "Village", "ward_code": "W028", "ward_name": "Wangoja", "lga_name": "Ilela", "target_population_under5": 81.0 }, "geometry": { "type": "Point", "coordinates": [ 7.867376, 10.833874 ] } },
{ "type": "Feature", "properties": { "id": "S01914", "title": "Admaja", "settlement_type": "Hamlet", "ward_code": "W029", "ward_name": "Wangoni", "lga_name": "Ilela", "target_population_under5": 12.0 }, "geometry": { "type": "Point", "coordinates": [ 7.973795, 10.995634 ] } },
{ "type": "Feature", "properties": { "id": "S01903", "title": "Adshayi", "settlement_type": "Settlement", "ward_code": "W029", "ward_name": "Wangoni", "lga_name": "Ilela", "target_population_under5": 69.0 }, "geometry": { "type": "Point", "coordinates": [ 7.932343, 11.116075 ] } },
{ "type": "Feature", "properties": { "id": "S01872", "title": "Agberi", "settlement_type": "Hamlet", "ward_code": "W029", "ward_name": "Wangoni", "lga_name": "Ilela", "target_population_under5": 20.0 }, "geometry": { "type": "Point", "coordinates": [ 7.999662, 10.96323 ] } },
{ "type": "Feature", "properties": { "id": "S01867", "title": "Agwaja", "settlement_type": "Hamlet", "ward_code": "W029", "ward_name": "Wangoni", "lga_name": "Ilela", "target_population_under5": 25.0 }, "geometry": { "type": "Point", "coordinates": [ 7.948835, 11.099454 ] } },
{ "type": "Feature", "properties": { "id": "S01863", "title": "Balaba", "settlement_type": "Hamlet", "ward_code": "W029", "ward_name": "Wangoni", "lga_name": "Ilela", "target_population_under5": 16.0 }, "geometry": { "type": "Point", "coordinates": [ 7.990207, 10.988249 ] } },
{ "type": "Feature", "properties": { "id": "S01879", "title": "Banawo", "settlement_type": "Settlement", "ward_code": "W029", "ward_name": "Wangoni", "lga_name": "Ilela", "target_population_under5": 13.0 }, "geometry": { "type": "Point", "coordinates": [ 7.979814, 10.969328 ] } },
{ "type": "Feature", "properties": { "id": "S01880", "title": "Batsidu", "settlement_type": "Village", "ward_code": "W029", "ward_name": "Wangoni", "lga_name": "Ilela", "target_population_under5": 40.0 }, "geometry": { "type": "Point", "coordinates": [ 7.948511, 11.071882 ] } },
{ "type": "Feature", "properties": { "id": "S01899", "title": "Batsina", "settlement_type": "Village", "ward_code": "W029", "ward_name": "Wangoni", "lga_name": "Ilela", "target_population_under5": 78.0 }, "geometry": { "type": "Point", "coordinates": [ 7.932175, 11.086319 ] } },
{ "type": "Feature", "properties": { "id": "S01886", "title": "Batsiwa", "settlement_type": "Village", "ward_code": "W029", "ward_name": "Wangoni", "lga_name": "Ilela", "target_population_under5": 47.0 }, "geometry": { "type": "Point", "coordinates": [ 7.967354, 11.072566 ] } },
{ "type": "Feature", "properties": { "id": "S01869", "title": "Bijija", "settlement_type": "Village", "ward_code": "W029", "ward_name": "Wangoni", "lga_name": "Ilela", "target_population_under5": 70.0 }, "geometry": { "type": "Point", "coordinates": [ 7.950247, 11.083965 ] } },
{ "type": "Feature", "properties": { "id": "S01923", "title": "Dabashi", "settlement_type": "Village", "ward_code": "W029", "ward_name": "Wangoni", "lga_name": "Ilela", "target_population_under5": 24.0 }, "geometry": { "type": "Point", "coordinates": [ 7.990045, 10.990628 ] } },
{ "type": "Feature", "properties": { "id": "S01868", "title": "Dadeshi", "settlement_type": "Urban block", "ward_code": "W029", "ward_name": "Wangoni", "lga_name": "Ilela", "target_population_under5": 218.0 }, "geometry": { "type": "Point", "coordinates": [ 7.978015, 11.048466 ] } },
{ "type": "Feature", "properties": { "id": "S01877", "title": "Dajifa", "settlement_type": "Hamlet", "ward_code": "W029", "ward_name": "Wangoni", "lga_name": "Ilela", "target_population_under5": 10.0 }, "geometry": { "type": "Point", "coordinates": [ 7.95211, 11.104826 ] } },
{ "type": "Feature", "properties": { "id": "S01847", "title": "Dajitu-Yamma", "settlement_type": "Village", "ward_code": "W029", "ward_name": "Wangoni", "lga_name": "Ilela", "target_population_under5": 90.0 }, "geometry": { "type": "Point", "coordinates": [ 7.883892, 10.980744 ] } },
{ "type": "Feature", "properties": { "id": "S01884", "title": "Dodude", "settlement_type": "Village", "ward_code": "W029", "ward_name": "Wangoni", "lga_name": "Ilela", "target_population_under5": 35.0 }, "geometry": { "type": "Point", "coordinates": [ 7.995313, 10.994658 ] } },
{ "type": "Feature", "properties": { "id": "S01918", "title": "Dongofa-Yamma", "settlement_type": "Settlement", "ward_code": "W029", "ward_name": "Wangoni", "lga_name": "Ilela", "target_population_under5": 29.0 }, "geometry": { "type": "Point", "coordinates": [ 7.891347, 10.977307 ] } },
{ "type": "Feature", "properties": { "id": "S01844", "title": "Dozasa", "settlement_type": "Village", "ward_code": "W029", "ward_name": "Wangoni", "lga_name": "Ilela", "target_population_under5": 159.0 }, "geometry": { "type": "Point", "coordinates": [ 7.955321, 11.065601 ] } },
{ "type": "Feature", "properties": { "id": "S01890", "title": "Ekdutu", "settlement_type": "Urban block", "ward_code": "W029", "ward_name": "Wangoni", "lga_name": "Ilela", "target_population_under5": 207.0 }, "geometry": { "type": "Point", "coordinates": [ 7.913761, 11.061333 ] } },
{ "type": "Feature", "properties": { "id": "S01898", "title": "Ekmama", "settlement_type": "Village", "ward_code": "W029", "ward_name": "Wangoni", "lga_name": "Ilela", "target_population_under5": 28.0 }, "geometry": { "type": "Point", "coordinates": [ 7.950259, 11.081098 ] } },
{ "type": "Feature", "properties": { "id": "S01895", "title": "Entsifa", "settlement_type": "Village", "ward_code": "W029", "ward_name": "Wangoni", "lga_name": "Ilela", "target_population_under5": 71.0 }, "geometry": { "type": "Point", "coordinates": [ 7.977751, 11.063497 ] } },
{ "type": "Feature", "properties": { "id": "S01922", "title": "Enwani-Arewa", "settlement_type": "Hamlet", "ward_code": "W029", "ward_name": "Wangoni", "lga_name": "Ilela", "target_population_under5": 15.0 }, "geometry": { "type": "Point", "coordinates": [ 7.94189, 11.075063 ] } },
{ "type": "Feature", "properties": { "id": "S01901", "title": "Fabawa", "settlement_type": "Hamlet", "ward_code": "W029", "ward_name": "Wangoni", "lga_name": "Ilela", "target_population_under5": 45.0 }, "geometry": { "type": "Point", "coordinates": [ 7.973305, 11.04609 ] } },
{ "type": "Feature", "properties": { "id": "S01897", "title": "Fadusa", "settlement_type": "Hamlet", "ward_code": "W029", "ward_name": "Wangoni", "lga_name": "Ilela", "target_population_under5": 8.0 }, "geometry": { "type": "Point", "coordinates": [ 7.934501, 11.02516 ] } },
{ "type": "Feature", "properties": { "id": "S01861", "title": "Famata", "settlement_type": "Hamlet", "ward_code": "W029", "ward_name": "Wangoni", "lga_name": "Ilela", "target_population_under5": 7.0 }, "geometry": { "type": "Point", "coordinates": [ 7.963706, 11.095376 ] } },
{ "type": "Feature", "properties": { "id": "S01904", "title": "Fayoma", "settlement_type": "Urban block", "ward_code": "W029", "ward_name": "Wangoni", "lga_name": "Ilela", "target_population_under5": 140.0 }, "geometry": { "type": "Point", "coordinates": [ 7.973011, 10.983914 ] } },
{ "type": "Feature", "properties": { "id": "S01887", "title": "Gubata", "settlement_type": "Hamlet", "ward_code": "W029", "ward_name": "Wangoni", "lga_name": "Ilela", "target_population_under5": 3.0 }, "geometry": { "type": "Point", "coordinates": [ 7.961735, 10.979876 ] } },
{ "type": "Feature", "properties": { "id": "S01892", "title": "Gubewo", "settlement_type": "Village", "ward_code": "W029", "ward_name": "Wangoni", "lga_name": "Ilela", "target_population_under5": 49.0 }, "geometry": { "type": "Point", "coordinates": [ 7.962355, 10.957669 ] } },
{ "type": "Feature", "properties": { "id": "S01860", "title": "Haduwa", "settlement_type": "Village", "ward_code": "W029", "ward_name": "Wangoni", "lga_name": "Ilela", "target_population_under5": 63.0 }, "geometry": { "type": "Point", "coordinates": [ 7.959698, 11.081016 ] } },
{ "type": "Feature", "properties": { "id": "S01917", "title": "Haraja-Kudu", "settlement_type": "Village", "ward_code": "W029", "ward_name": "Wangoni", "lga_name": "Ilela", "target_population_under5": 49.0 }, "geometry": { "type": "Point", "coordinates": [ 7.996293, 10.997381 ] } },
{ "type": "Feature", "properties": { "id": "S01911", "title": "Harimi", "settlement_type": "Village", "ward_code": "W029", "ward_name": "Wangoni", "lga_name": "Ilela", "target_population_under5": 51.0 }, "geometry": { "type": "Point", "coordinates": [ 7.950605, 10.972447 ] } },
{ "type": "Feature", "properties": { "id": "S01852", "title": "Hawani", "settlement_type": "Village", "ward_code": "W029", "ward_name": "Wangoni", "lga_name": "Ilela", "target_population_under5": 143.0 }, "geometry": { "type": "Point", "coordinates": [ 7.945633, 11.08869 ] } },
{ "type": "Feature", "properties": { "id": "S01864", "title": "Ibbana", "settlement_type": "Village", "ward_code": "W029", "ward_name": "Wangoni", "lga_name": "Ilela", "target_population_under5": 96.0 }, "geometry": { "type": "Point", "coordinates": [ 7.882205, 11.0159 ] } },
{ "type": "Feature", "properties": { "id": "S01913", "title": "Irnari-Kudu", "settlement_type": "Village", "ward_code": "W029", "ward_name": "Wangoni", "lga_name": "Ilela", "target_population_under5": 127.0 }, "geometry": { "type": "Point", "coordinates": [ 7.969429, 10.966818 ] } },
{ "type": "Feature", "properties": { "id": "S01871", "title": "Irriko", "settlement_type": "Hamlet", "ward_code": "W029", "ward_name": "Wangoni", "lga_name": "Ilela", "target_population_under5": 9.0 }, "geometry": { "type": "Point", "coordinates": [ 7.971001, 10.945976 ] } },
{ "type": "Feature", "properties": { "id": "S01866", "title": "Jideyi", "settlement_type": "Village", "ward_code": "W029", "ward_name": "Wangoni", "lga_name": "Ilela", "target_population_under5": 18.0 }, "geometry": { "type": "Point", "coordinates": [ 7.980657, 11.088125 ] } },
{ "type": "Feature", "properties": { "id": "S01894", "title": "Jikode", "settlement_type": "Village", "ward_code": "W029", "ward_name": "Wangoni", "lga_name": "Ilela", "target_population_under5": 97.0 }, "geometry": { "type": "Point", "coordinates": [ 7.95346, 10.967273 ] } },
{ "type": "Feature", "properties": { "id": "S01882", "title": "Jikowa", "settlement_type": "Settlement", "ward_code": "W029", "ward_name": "Wangoni", "lga_name": "Ilela", "target_population_under5": 6.0 }, "geometry": { "type": "Point", "coordinates": [ 8.090899, 11.030737 ] } },
{ "type": "Feature", "properties": { "id": "S01907", "title": "Jingota", "settlement_type": "Village", "ward_code": "W029", "ward_name": "Wangoni", "lga_name": "Ilela", "target_population_under5": 51.0 }, "geometry": { "type": "Point", "coordinates": [ 7.973838, 11.059108 ] } },
{ "type": "Feature", "properties": { "id": "S01900", "title": "Kabade", "settlement_type": "Hamlet", "ward_code": "W029", "ward_name": "Wangoni", "lga_name": "Ilela", "target_population_under5": 27.0 }, "geometry": { "type": "Point", "coordinates": [ 7.971942, 11.05383 ] } },
{ "type": "Feature", "properties": { "id": "S01885", "title": "Kaduna", "settlement_type": "Village", "ward_code": "W029", "ward_name": "Wangoni", "lga_name": "Ilela", "target_population_under5": 65.0 }, "geometry": { "type": "Point", "coordinates": [ 7.964739, 11.056089 ] } },
{ "type": "Feature", "properties": { "id": "S01919", "title": "Kasale", "settlement_type": "Village", "ward_code": "W029", "ward_name": "Wangoni", "lga_name": "Ilela", "target_population_under5": 102.0 }, "geometry": { "type": "Point", "coordinates": [ 7.913198, 11.09099 ] } },
{ "type": "Feature", "properties": { "id": "S01862", "title": "Kayoma-Gabas", "settlement_type": "Village", "ward_code": "W029", "ward_name": "Wangoni", "lga_name": "Ilela", "target_population_under5": 63.0 }, "geometry": { "type": "Point", "coordinates": [ 7.920839, 11.017895 ] } },
{ "type": "Feature", "properties": { "id": "S01875", "title": "Kazaba", "settlement_type": "Village", "ward_code": "W029", "ward_name": "Wangoni", "lga_name": "Ilela", "target_population_under5": 47.0 }, "geometry": { "type": "Point", "coordinates": [ 7.878863, 10.963283 ] } },
{ "type": "Feature", "properties": { "id": "S01850", "title": "Kazari", "settlement_type": "Village", "ward_code": "W029", "ward_name": "Wangoni", "lga_name": "Ilela", "target_population_under5": 43.0 }, "geometry": { "type": "Point", "coordinates": [ 7.957189, 11.097659 ] } },
{ "type": "Feature", "properties": { "id": "S01865", "title": "Kumale", "settlement_type": "Hamlet", "ward_code": "W029", "ward_name": "Wangoni", "lga_name": "Ilela", "target_population_under5": 4.0 }, "geometry": { "type": "Point", "coordinates": [ 7.965419, 11.07436 ] } },
{ "type": "Feature", "properties": { "id": "S01883", "title": "Kutiba-Kudu", "settlement_type": "Settlement", "ward_code": "W029", "ward_name": "Wangoni", "lga_name": "Ilela", "target_population_under5": 51.0 }, "geometry": { "type": "Point", "coordinates": [ 7.949667, 11.092676 ] } },
{ "type": "Feature", "properties": { "id": "S01878", "title": "Loduwo-Kofar", "settlement_type": "Settlement", "ward_code": "W029", "ward_name": "Wangoni", "lga_name": "Ilela", "target_population_under5": 59.0 }, "geometry": { "type": "Point", "coordinates": [ 7.937905, 11.051723 ] } },
{ "type": "Feature", "properties": { "id": "S01902", "title": "Losaja-Yamma", "settlement_type": "Settlement", "ward_code": "W029", "ward_name": "Wangoni", "lga_name": "Ilela", "target_population_under5": 14.0 }, "geometry": { "type": "Point", "coordinates": [ 7.867454565394065, 11.107553 ] } },
{ "type": "Feature", "properties": { "id": "S01891", "title": "Loshashi", "settlement_type": "Village", "ward_code": "W029", "ward_name": "Wangoni", "lga_name": "Ilela", "target_population_under5": 83.0 }, "geometry": { "type": "Point", "coordinates": [ 7.978754, 10.937983 ] } },
{ "type": "Feature", "properties": { "id": "S01921", "title": "Mabawa", "settlement_type": "Settlement", "ward_code": "W029", "ward_name": "Wangoni", "lga_name": "Ilela", "target_population_under5": 45.0 }, "geometry": { "type": "Point", "coordinates": [ 7.934009, 11.092664 ] } },
{ "type": "Feature", "properties": { "id": "S01876", "title": "Malaru", "settlement_type": "Hamlet", "ward_code": "W029", "ward_name": "Wangoni", "lga_name": "Ilela", "target_population_under5": 28.0 }, "geometry": { "type": "Point", "coordinates": [ 7.961339, 11.097738 ] } },
{ "type": "Feature", "properties": { "id": "S01859", "title": "Matsifa", "settlement_type": "Village", "ward_code": "W029", "ward_name": "Wangoni", "lga_name": "Ilela", "target_population_under5": 149.0 }, "geometry": { "type": "Point", "coordinates": [ 7.932452, 11.106166 ] } },
{ "type": "Feature", "properties": { "id": "S01915", "title": "Nuberu", "settlement_type": "Village", "ward_code": "W029", "ward_name": "Wangoni", "lga_name": "Ilela", "target_population_under5": 114.0 }, "geometry": { "type": "Point", "coordinates": [ 7.988827, 11.082303 ] } },
{ "type": "Feature", "properties": { "id": "S01909", "title": "Nuduri", "settlement_type": "Village", "ward_code": "W029", "ward_name": "Wangoni", "lga_name": "Ilela", "target_population_under5": 153.0 }, "geometry": { "type": "Point", "coordinates": [ 7.961466, 11.096976 ] } },
{ "type": "Feature", "properties": { "id": "S01855", "title": "Nukoma", "settlement_type": "Settlement", "ward_code": "W029", "ward_name": "Wangoni", "lga_name": "Ilela", "target_population_under5": 116.0 }, "geometry": { "type": "Point", "coordinates": [ 8.037179, 10.956311 ] } },
{ "type": "Feature", "properties": { "id": "S01905", "title": "Okbeta", "settlement_type": "Village", "ward_code": "W029", "ward_name": "Wangoni", "lga_name": "Ilela", "target_population_under5": 63.0 }, "geometry": { "type": "Point", "coordinates": [ 7.916782, 11.089739 ] } },
{ "type": "Feature", "properties": { "id": "S01873", "title": "Okluma-Tudun", "settlement_type": "Village", "ward_code": "W029", "ward_name": "Wangoni", "lga_name": "Ilela", "target_population_under5": 81.0 }, "geometry": { "type": "Point", "coordinates": [ 8.034917, 11.043412 ] } },
{ "type": "Feature", "properties": { "id": "S01845", "title": "Okshasa", "settlement_type": "Settlement", "ward_code": "W029", "ward_name": "Wangoni", "lga_name": "Ilela", "target_population_under5": 69.0 }, "geometry": { "type": "Point", "coordinates": [ 8.020255, 11.062555 ] } },
{ "type": "Feature", "properties": { "id": "S01856", "title": "Olduni", "settlement_type": "Urban block", "ward_code": "W029", "ward_name": "Wangoni", "lga_name": "Ilela", "target_population_under5": 187.0 }, "geometry": { "type": "Point", "coordinates": [ 7.969858, 11.086713 ] } },
{ "type": "Feature", "properties": { "id": "S01888", "title": "Ollule-Gabas", "settlement_type": "Hamlet", "ward_code": "W029", "ward_name": "Wangoni", "lga_name": "Ilela", "target_population_under5": 23.0 }, "geometry": { "type": "Point", "coordinates": [ 7.956423, 11.080685 ] } },
{ "type": "Feature", "properties": { "id": "S01910", "title": "Rilama", "settlement_type": "Urban block", "ward_code": "W029", "ward_name": "Wangoni", "lga_name": "Ilela", "target_population_under5": 177.0 }, "geometry": { "type": "Point", "coordinates": [ 7.96314, 11.090351 ] } },
{ "type": "Feature", "properties": { "id": "S01849", "title": "Ritide", "settlement_type": "Hamlet", "ward_code": "W029", "ward_name": "Wangoni", "lga_name": "Ilela", "target_population_under5": 23.0 }, "geometry": { "type": "Point", "coordinates": [ 7.964321, 11.062627 ] } },
{ "type": "Feature", "properties": { "id": "S01906", "title": "Sabeja", "settlement_type": "Village", "ward_code": "W029", "ward_name": "Wangoni", "lga_name": "Ilela", "target_population_under5": 89.0 }, "geometry": { "type": "Point", "coordinates": [ 7.930104, 11.11917 ] } },
{ "type": "Feature", "properties": { "id": "S01851", "title": "Saduwo-Tsakiya", "settlement_type": "Settlement", "ward_code": "W029", "ward_name": "Wangoni", "lga_name": "Ilela", "target_population_under5": 44.0 }, "geometry": { "type": "Point", "coordinates": [ 8.010251, 11.083194 ] } },
{ "type": "Feature", "properties": { "id": "S01846", "title": "Sawadu", "settlement_type": "Hamlet", "ward_code": "W029", "ward_name": "Wangoni", "lga_name": "Ilela", "target_population_under5": 13.0 }, "geometry": { "type": "Point", "coordinates": [ 7.967322, 11.082462 ] } },
{ "type": "Feature", "properties": { "id": "S01881", "title": "Sulale", "settlement_type": "Village", "ward_code": "W029", "ward_name": "Wangoni", "lga_name": "Ilela", "target_population_under5": 117.0 }, "geometry": { "type": "Point", "coordinates": [ 7.933857, 11.042655 ] } },
{ "type": "Feature", "properties": { "id": "S01912", "title": "Tasami", "settlement_type": "Settlement", "ward_code": "W029", "ward_name": "Wangoni", "lga_name": "Ilela", "target_population_under5": 27.0 }, "geometry": { "type": "Point", "coordinates": [ 7.911336, 11.076212 ] } },
{ "type": "Feature", "properties": { "id": "S01893", "title": "Tasashi", "settlement_type": "Hamlet", "ward_code": "W029", "ward_name": "Wangoni", "lga_name": "Ilela", "target_population_under5": 16.0 }, "geometry": { "type": "Point", "coordinates": [ 8.066637, 10.99041 ] } },
{ "type": "Feature", "properties": { "id": "S01924", "title": "Umngode", "settlement_type": "Settlement", "ward_code": "W029", "ward_name": "Wangoni", "lga_name": "Ilela", "target_population_under5": 40.0 }, "geometry": { "type": "Point", "coordinates": [ 8.054246, 10.98586 ] } },
{ "type": "Feature", "properties": { "id": "S01858", "title": "Umrima-Tsakiya", "settlement_type": "Hamlet", "ward_code": "W029", "ward_name": "Wangoni", "lga_name": "Ilela", "target_population_under5": 30.0 }, "geometry": { "type": "Point", "coordinates": [ 7.980798, 10.978002 ] } },
{ "type": "Feature", "properties": { "id": "S01916", "title": "Umsani-Kofar", "settlement_type": "Village", "ward_code": "W029", "ward_name": "Wangoni", "lga_name": "Ilela", "target_population_under5": 116.0 }, "geometry": { "type": "Point", "coordinates": [ 7.97165, 10.957269 ] } },
{ "type": "Feature", "properties": { "id": "S01870", "title": "Uzduta", "settlement_type": "Village", "ward_code": "W029", "ward_name": "Wangoni", "lga_name": "Ilela", "target_population_under5": 60.0 }, "geometry": { "type": "Point", "coordinates": [ 7.982679, 11.084549 ] } },
{ "type": "Feature", "properties": { "id": "S01896", "title": "Uzmata", "settlement_type": "Village", "ward_code": "W029", "ward_name": "Wangoni", "lga_name": "Ilela", "target_population_under5": 18.0 }, "geometry": { "type": "Point", "coordinates": [ 8.029611, 10.950799 ] } },
{ "type": "Feature", "properties": { "id": "S01854", "title": "Wabama", "settlement_type": "Hamlet", "ward_code": "W029", "ward_name": "Wangoni", "lga_name": "Ilela", "target_population_under5": 24.0 }, "geometry": { "type": "Point", "coordinates": [ 7.948728, 11.075291 ] } },
{ "type": "Feature", "properties": { "id": "S01920", "title": "Wanawa", "settlement_type": "Settlement", "ward_code": "W029", "ward_name": "Wangoni", "lga_name": "Ilela", "target_population_under5": 23.0 }, "geometry": { "type": "Point", "coordinates": [ 7.929695, 10.975349 ] } },
{ "type": "Feature", "properties": { "id": "S01848", "title": "Wariyi", "settlement_type": "Village", "ward_code": "W029", "ward_name": "Wangoni", "lga_name": "Ilela", "target_population_under5": 51.0 }, "geometry": { "type": "Point", "coordinates": [ 7.917846, 11.055759 ] } },
{ "type": "Feature", "properties": { "id": "S01889", "title": "Watsima-Tudun", "settlement_type": "Hamlet", "ward_code": "W029", "ward_name": "Wangoni", "lga_name": "Ilela", "target_population_under5": 20.0 }, "geometry": { "type": "Point", "coordinates": [ 8.009979, 10.939206 ] } },
{ "type": "Feature", "properties": { "id": "S01874", "title": "Wawayi-Kofar", "settlement_type": "Village", "ward_code": "W029", "ward_name": "Wangoni", "lga_name": "Ilela", "target_population_under5": 6.0 }, "geometry": { "type": "Point", "coordinates": [ 7.949846, 11.078052 ] } },
{ "type": "Feature", "properties": { "id": "S01908", "title": "Yeluru", "settlement_type": "Village", "ward_code": "W029", "ward_name": "Wangoni", "lga_name": "Ilela", "target_population_under5": 102.0 }, "geometry": { "type": "Point", "coordinates": [ 7.94439, 11.075485 ] } },
{ "type": "Feature", "properties": { "id": "S01853", "title": "Yeraba", "settlement_type": "Village", "ward_code": "W029", "ward_name": "Wangoni", "lga_name": "Ilela", "target_population_under5": 60.0 }, "geometry": { "type": "Point", "coordinates": [ 7.950862, 10.986106 ] } },
{ "type": "Feature", "properties": { "id": "S01857", "title": "Zawana", "settlement_type": "Hamlet", "ward_code": "W029", "ward_name": "Wangoni", "lga_name": "Ilela", "target_population_under5": 22.0 }, "geometry": { "type": "Point", "coordinates": [ 8.013091, 10.959745 ] } },
{ "type": "Feature", "properties": { "id": "S01935", "title": "Adberu", "settlement_type": "Village", "ward_code": "W030", "ward_name": "Yeride", "lga_name": "Ilela", "target_population_under5": 18.0 }, "geometry": { "type": "Point", "coordinates": [ 7.965318, 10.68576 ] } },
{ "type": "Feature", "properties": { "id": "S01928", "title": "Addude", "settlement_type": "Settlement", "ward_code": "W030", "ward_name": "Yeride", "lga_name": "Ilela", "target_population_under5": 61.0 }, "geometry": { "type": "Point", "coordinates": [ 7.90864, 10.616789 ] } },
{ "type": "Feature", "properties": { "id": "S01964", "title": "Bashasa-Sabo", "settlement_type": "Hamlet", "ward_code": "W030", "ward_name": "Yeride", "lga_name": "Ilela", "target_population_under5": 11.0 }, "geometry": { "type": "Point", "coordinates": [ 7.900494, 10.625391 ] } },
{ "type": "Feature", "properties": { "id": "S01950", "title": "Biduja", "settlement_type": "Village", "ward_code": "W030", "ward_name": "Yeride", "lga_name": "Ilela", "target_population_under5": 54.0 }, "geometry": { "type": "Point", "coordinates": [ 7.90101, 10.631634 ] } },
{ "type": "Feature", "properties": { "id": "S01941", "title": "Biluja", "settlement_type": "Hamlet", "ward_code": "W030", "ward_name": "Yeride", "lga_name": "Ilela", "target_population_under5": 5.0 }, "geometry": { "type": "Point", "coordinates": [ 8.030519, 10.572812 ] } },
{ "type": "Feature", "properties": { "id": "S01939", "title": "Bizadu", "settlement_type": "Hamlet", "ward_code": "W030", "ward_name": "Yeride", "lga_name": "Ilela", "target_population_under5": 7.0 }, "geometry": { "type": "Point", "coordinates": [ 7.992559, 10.522718 ] } },
{ "type": "Feature", "properties": { "id": "S01958", "title": "Doberi", "settlement_type": "Hamlet", "ward_code": "W030", "ward_name": "Yeride", "lga_name": "Ilela", "target_population_under5": 23.0 }, "geometry": { "type": "Point", "coordinates": [ 7.902023, 10.642819 ] } },
{ "type": "Feature", "properties": { "id": "S01981", "title": "Dolako", "settlement_type": "Village", "ward_code": "W030", "ward_name": "Yeride", "lga_name": "Ilela", "target_population_under5": 15.0 }, "geometry": { "type": "Point", "coordinates": [ 7.91776, 10.62823 ] } },
{ "type": "Feature", "properties": { "id": "S01930", "title": "Eklutu", "settlement_type": "Hamlet", "ward_code": "W030", "ward_name": "Yeride", "lga_name": "Ilela", "target_population_under5": 16.0 }, "geometry": { "type": "Point", "coordinates": [ 8.034663, 10.585543 ] } },
{ "type": "Feature", "properties": { "id": "S01971", "title": "Fabani", "settlement_type": "Village", "ward_code": "W030", "ward_name": "Yeride", "lga_name": "Ilela", "target_population_under5": 13.0 }, "geometry": { "type": "Point", "coordinates": [ 7.900882, 10.628936 ] } },
{ "type": "Feature", "properties": { "id": "S01963", "title": "Fadena", "settlement_type": "Village", "ward_code": "W030", "ward_name": "Yeride", "lga_name": "Ilela", "target_population_under5": 58.0 }, "geometry": { "type": "Point", "coordinates": [ 7.93925, 10.655527 ] } },
{ "type": "Feature", "properties": { "id": "S01925", "title": "Fakotu", "settlement_type": "Settlement", "ward_code": "W030", "ward_name": "Yeride", "lga_name": "Ilela", "target_population_under5": 25.0 }, "geometry": { "type": "Point", "coordinates": [ 7.909216, 10.619826 ] } },
{ "type": "Feature", "properties": { "id": "S01952", "title": "Fangowo", "settlement_type": "Hamlet", "ward_code": "W030", "ward_name": "Yeride", "lga_name": "Ilela", "target_population_under5": 24.0 }, "geometry": { "type": "Point", "coordinates": [ 7.970665, 10.71235 ] } },
{ "type": "Feature", "properties": { "id": "S01954", "title": "Gukodu", "settlement_type": "Settlement", "ward_code": "W030", "ward_name": "Yeride", "lga_name": "Ilela", "target_population_under5": 53.0 }, "geometry": { "type": "Point", "coordinates": [ 7.889799, 10.625422 ] } },
{ "type": "Feature", "properties": { "id": "S01961", "title": "Hajita", "settlement_type": "Village", "ward_code": "W030", "ward_name": "Yeride", "lga_name": "Ilela", "target_population_under5": 50.0 }, "geometry": { "type": "Point", "coordinates": [ 7.983867, 10.687739 ] } },
{ "type": "Feature", "properties": { "id": "S01946", "title": "Halumi", "settlement_type": "Settlement", "ward_code": "W030", "ward_name": "Yeride", "lga_name": "Ilela", "target_population_under5": 26.0 }, "geometry": { "type": "Point", "coordinates": [ 7.904647, 10.637953 ] } },
{ "type": "Feature", "properties": { "id": "S01945", "title": "Haritu", "settlement_type": "Hamlet", "ward_code": "W030", "ward_name": "Yeride", "lga_name": "Ilela", "target_population_under5": 20.0 }, "geometry": { "type": "Point", "coordinates": [ 7.913922, 10.634572 ] } },
{ "type": "Feature", "properties": { "id": "S01986", "title": "Hayoshi", "settlement_type": "Village", "ward_code": "W030", "ward_name": "Yeride", "lga_name": "Ilela", "target_population_under5": 90.0 }, "geometry": { "type": "Point", "coordinates": [ 7.97205, 10.592382 ] } },
{ "type": "Feature", "properties": { "id": "S01933", "title": "Ibngofa-Gabas", "settlement_type": "Settlement", "ward_code": "W030", "ward_name": "Yeride", "lga_name": "Ilela", "target_population_under5": 59.0 }, "geometry": { "type": "Point", "coordinates": [ 7.983709531247099, 10.60637 ] } },
{ "type": "Feature", "properties": { "id": "S01969", "title": "Ibsaba", "settlement_type": "Hamlet", "ward_code": "W030", "ward_name": "Yeride", "lga_name": "Ilela", "target_population_under5": 16.0 }, "geometry": { "type": "Point", "coordinates": [ 7.915246, 10.63982 ] } },
{ "type": "Feature", "properties": { "id": "S01962", "title": "Ibtija", "settlement_type": "Hamlet", "ward_code": "W030", "ward_name": "Yeride", "lga_name": "Ilela", "target_population_under5": 19.0 }, "geometry": { "type": "Point", "coordinates": [ 7.916408, 10.631918 ] } },
{ "type": "Feature", "properties": { "id": "S01955", "title": "Ibyode", "settlement_type": "Village", "ward_code": "W030", "ward_name": "Yeride", "lga_name": "Ilela", "target_population_under5": 99.0 }, "geometry": { "type": "Point", "coordinates": [ 8.014304, 10.698508 ] } },
{ "type": "Feature", "properties": { "id": "S01947", "title": "Irdemi", "settlement_type": "Village", "ward_code": "W030", "ward_name": "Yeride", "lga_name": "Ilela", "target_population_under5": 56.0 }, "geometry": { "type": "Point", "coordinates": [ 7.95043, 10.648022 ] } },
{ "type": "Feature", "properties": { "id": "S01979", "title": "Irluna", "settlement_type": "Village", "ward_code": "W030", "ward_name": "Yeride", "lga_name": "Ilela", "target_population_under5": 194.0 }, "geometry": { "type": "Point", "coordinates": [ 7.93322, 10.545773 ] } },
{ "type": "Feature", "properties": { "id": "S01938", "title": "Jinadu", "settlement_type": "Village", "ward_code": "W030", "ward_name": "Yeride", "lga_name": "Ilela", "target_population_under5": 26.0 }, "geometry": { "type": "Point", "coordinates": [ 8.035823, 10.577437 ] } },
{ "type": "Feature", "properties": { "id": "S01957", "title": "Jingosa", "settlement_type": "Urban block", "ward_code": "W030", "ward_name": "Yeride", "lga_name": "Ilela", "target_population_under5": 322.0 }, "geometry": { "type": "Point", "coordinates": [ 7.9499, 10.626289 ] } },
{ "type": "Feature", "properties": { "id": "S01975", "title": "Jirana", "settlement_type": "Hamlet", "ward_code": "W030", "ward_name": "Yeride", "lga_name": "Ilela", "target_population_under5": 32.0 }, "geometry": { "type": "Point", "coordinates": [ 8.110217, 10.646204 ] } },
{ "type": "Feature", "properties": { "id": "S01974", "title": "Kaluba", "settlement_type": "Urban block", "ward_code": "W030", "ward_name": "Yeride", "lga_name": "Ilela", "target_population_under5": 449.0 }, "geometry": { "type": "Point", "coordinates": [ 8.053136, 10.573198 ] } },
{ "type": "Feature", "properties": { "id": "S01934", "title": "Karata", "settlement_type": "Settlement", "ward_code": "W030", "ward_name": "Yeride", "lga_name": "Ilela", "target_population_under5": 49.0 }, "geometry": { "type": "Point", "coordinates": [ 7.91064, 10.581029 ] } },
{ "type": "Feature", "properties": { "id": "S01983", "title": "Kudeko", "settlement_type": "Village", "ward_code": "W030", "ward_name": "Yeride", "lga_name": "Ilela", "target_population_under5": 54.0 }, "geometry": { "type": "Point", "coordinates": [ 8.049116, 10.582867 ] } },
{ "type": "Feature", "properties": { "id": "S01977", "title": "Kushama", "settlement_type": "Hamlet", "ward_code": "W030", "ward_name": "Yeride", "lga_name": "Ilela", "target_population_under5": 46.0 }, "geometry": { "type": "Point", "coordinates": [ 7.88339, 10.630549 ] } },
{ "type": "Feature", "properties": { "id": "S01948", "title": "Lokoma", "settlement_type": "Village", "ward_code": "W030", "ward_name": "Yeride", "lga_name": "Ilela", "target_population_under5": 70.0 }, "geometry": { "type": "Point", "coordinates": [ 7.893705, 10.654249 ] } },
{ "type": "Feature", "properties": { "id": "S01976", "title": "Nubedu", "settlement_type": "Hamlet", "ward_code": "W030", "ward_name": "Yeride", "lga_name": "Ilela", "target_population_under5": 28.0 }, "geometry": { "type": "Point", "coordinates": [ 7.922314, 10.638335 ] } },
{ "type": "Feature", "properties": { "id": "S01968", "title": "Nukona", "settlement_type": "Hamlet", "ward_code": "W030", "ward_name": "Yeride", "lga_name": "Ilela", "target_population_under5": 11.0 }, "geometry": { "type": "Point", "coordinates": [ 8.016917, 10.642766 ] } },
{ "type": "Feature", "properties": { "id": "S01985", "title": "Nulule", "settlement_type": "Urban block", "ward_code": "W030", "ward_name": "Yeride", "lga_name": "Ilela", "target_population_under5": 317.0 }, "geometry": { "type": "Point", "coordinates": [ 8.0036, 10.566888 ] } },
{ "type": "Feature", "properties": { "id": "S01978", "title": "Nuzari", "settlement_type": "Settlement", "ward_code": "W030", "ward_name": "Yeride", "lga_name": "Ilela", "target_population_under5": 71.0 }, "geometry": { "type": "Point", "coordinates": [ 7.893333, 10.625727 ] } },
{ "type": "Feature", "properties": { "id": "S01989", "title": "Ollawa", "settlement_type": "Urban block", "ward_code": "W030", "ward_name": "Yeride", "lga_name": "Ilela", "target_population_under5": 295.0 }, "geometry": { "type": "Point", "coordinates": [ 7.956037, 10.554798 ] } },
{ "type": "Feature", "properties": { "id": "S01956", "title": "Oltsiwa", "settlement_type": "Settlement", "ward_code": "W030", "ward_name": "Yeride", "lga_name": "Ilela", "target_population_under5": 27.0 }, "geometry": { "type": "Point", "coordinates": [ 8.03777, 10.578977 ] } },
{ "type": "Feature", "properties": { "id": "S01927", "title": "Ringoru", "settlement_type": "Village", "ward_code": "W030", "ward_name": "Yeride", "lga_name": "Ilela", "target_population_under5": 17.0 }, "geometry": { "type": "Point", "coordinates": [ 8.080886, 10.580473 ] } },
{ "type": "Feature", "properties": { "id": "S01959", "title": "Riyodu", "settlement_type": "Settlement", "ward_code": "W030", "ward_name": "Yeride", "lga_name": "Ilela", "target_population_under5": 53.0 }, "geometry": { "type": "Point", "coordinates": [ 7.907097, 10.630835 ] } },
{ "type": "Feature", "properties": { "id": "S01929", "title": "Riyoyi", "settlement_type": "Settlement", "ward_code": "W030", "ward_name": "Yeride", "lga_name": "Ilela", "target_population_under5": 122.0 }, "geometry": { "type": "Point", "coordinates": [ 7.922213, 10.685362 ] } },
{ "type": "Feature", "properties": { "id": "S01932", "title": "Salawo", "settlement_type": "Hamlet", "ward_code": "W030", "ward_name": "Yeride", "lga_name": "Ilela", "target_population_under5": 18.0 }, "geometry": { "type": "Point", "coordinates": [ 7.930858, 10.598964 ] } },
{ "type": "Feature", "properties": { "id": "S01944", "title": "Satsiyi-Gabas", "settlement_type": "Hamlet", "ward_code": "W030", "ward_name": "Yeride", "lga_name": "Ilela", "target_population_under5": 20.0 }, "geometry": { "type": "Point", "coordinates": [ 8.03489, 10.557761 ] } },
{ "type": "Feature", "properties": { "id": "S01987", "title": "Sawayi", "settlement_type": "Hamlet", "ward_code": "W030", "ward_name": "Yeride", "lga_name": "Ilela", "target_population_under5": 17.0 }, "geometry": { "type": "Point", "coordinates": [ 7.894225, 10.608997 ] } },
{ "type": "Feature", "properties": { "id": "S01972", "title": "Subewo", "settlement_type": "Hamlet", "ward_code": "W030", "ward_name": "Yeride", "lga_name": "Ilela", "target_population_under5": 17.0 }, "geometry": { "type": "Point", "coordinates": [ 8.001896, 10.556899 ] } },
{ "type": "Feature", "properties": { "id": "S01943", "title": "Suriri", "settlement_type": "Village", "ward_code": "W030", "ward_name": "Yeride", "lga_name": "Ilela", "target_population_under5": 63.0 }, "geometry": { "type": "Point", "coordinates": [ 7.925796, 10.621056 ] } },
{ "type": "Feature", "properties": { "id": "S01960", "title": "Taladu", "settlement_type": "Village", "ward_code": "W030", "ward_name": "Yeride", "lga_name": "Ilela", "target_population_under5": 104.0 }, "geometry": { "type": "Point", "coordinates": [ 8.014421, 10.544948 ] } },
{ "type": "Feature", "properties": { "id": "S01988", "title": "Tamawa", "settlement_type": "Village", "ward_code": "W030", "ward_name": "Yeride", "lga_name": "Ilela", "target_population_under5": 26.0 }, "geometry": { "type": "Point", "coordinates": [ 7.931521, 10.629319 ] } },
{ "type": "Feature", "properties": { "id": "S01926", "title": "Umbafa", "settlement_type": "Village", "ward_code": "W030", "ward_name": "Yeride", "lga_name": "Ilela", "target_population_under5": 40.0 }, "geometry": { "type": "Point", "coordinates": [ 7.892781, 10.677711 ] } },
{ "type": "Feature", "properties": { "id": "S01973", "title": "Umdedu", "settlement_type": "Village", "ward_code": "W030", "ward_name": "Yeride", "lga_name": "Ilela", "target_population_under5": 45.0 }, "geometry": { "type": "Point", "coordinates": [ 7.90043, 10.631658 ] } },
{ "type": "Feature", "properties": { "id": "S01965", "title": "Umjiru", "settlement_type": "Hamlet", "ward_code": "W030", "ward_name": "Yeride", "lga_name": "Ilela", "target_population_under5": 39.0 }, "geometry": { "type": "Point", "coordinates": [ 7.899882, 10.645977 ] } },
{ "type": "Feature", "properties": { "id": "S01966", "title": "Umluri-Sabo", "settlement_type": "Village", "ward_code": "W030", "ward_name": "Yeride", "lga_name": "Ilela", "target_population_under5": 80.0 }, "geometry": { "type": "Point", "coordinates": [ 7.933529, 10.739756 ] } },
{ "type": "Feature", "properties": { "id": "S01940", "title": "Ummatu", "settlement_type": "Village", "ward_code": "W030", "ward_name": "Yeride", "lga_name": "Ilela", "target_population_under5": 126.0 }, "geometry": { "type": "Point", "coordinates": [ 7.910669, 10.606843 ] } },
{ "type": "Feature", "properties": { "id": "S01984", "title": "Umrade", "settlement_type": "Hamlet", "ward_code": "W030", "ward_name": "Yeride", "lga_name": "Ilela", "target_population_under5": 3.0 }, "geometry": { "type": "Point", "coordinates": [ 7.883379, 10.673027 ] } },
{ "type": "Feature", "properties": { "id": "S01931", "title": "Umrifa", "settlement_type": "Village", "ward_code": "W030", "ward_name": "Yeride", "lga_name": "Ilela", "target_population_under5": 131.0 }, "geometry": { "type": "Point", "coordinates": [ 7.940587, 10.662706 ] } },
{ "type": "Feature", "properties": { "id": "S01980", "title": "Umwade", "settlement_type": "Village", "ward_code": "W030", "ward_name": "Yeride", "lga_name": "Ilela", "target_population_under5": 69.0 }, "geometry": { "type": "Point", "coordinates": [ 7.910645, 10.594629 ] } },
{ "type": "Feature", "properties": { "id": "S01949", "title": "Uzdude", "settlement_type": "Village", "ward_code": "W030", "ward_name": "Yeride", "lga_name": "Ilela", "target_population_under5": 71.0 }, "geometry": { "type": "Point", "coordinates": [ 7.892708, 10.620936 ] } },
{ "type": "Feature", "properties": { "id": "S01936", "title": "Uzzashi", "settlement_type": "Village", "ward_code": "W030", "ward_name": "Yeride", "lga_name": "Ilela", "target_population_under5": 78.0 }, "geometry": { "type": "Point", "coordinates": [ 7.93932, 10.590878 ] } },
{ "type": "Feature", "properties": { "id": "S01953", "title": "Walumi", "settlement_type": "Village", "ward_code": "W030", "ward_name": "Yeride", "lga_name": "Ilela", "target_population_under5": 25.0 }, "geometry": { "type": "Point", "coordinates": [ 8.01039, 10.588288 ] } },
{ "type": "Feature", "properties": { "id": "S01982", "title": "Wamawa", "settlement_type": "Settlement", "ward_code": "W030", "ward_name": "Yeride", "lga_name": "Ilela", "target_population_under5": 27.0 }, "geometry": { "type": "Point", "coordinates": [ 7.998105, 10.676894 ] } },
{ "type": "Feature", "properties": { "id": "S01967", "title": "Watside", "settlement_type": "Village", "ward_code": "W030", "ward_name": "Yeride", "lga_name": "Ilela", "target_population_under5": 63.0 }, "geometry": { "type": "Point", "coordinates": [ 7.929295, 10.648206 ] } },
{ "type": "Feature", "properties": { "id": "S01937", "title": "Yelafa", "settlement_type": "Hamlet", "ward_code": "W030", "ward_name": "Yeride", "lga_name": "Ilela", "target_population_under5": 16.0 }, "geometry": { "type": "Point", "coordinates": [ 7.908404, 10.633425 ] } },
{ "type": "Feature", "properties": { "id": "S01970", "title": "Yengoru", "settlement_type": "Village", "ward_code": "W030", "ward_name": "Yeride", "lga_name": "Ilela", "target_population_under5": 93.0 }, "geometry": { "type": "Point", "coordinates": [ 8.067327, 10.581241 ] } },
{ "type": "Feature", "properties": { "id": "S01951", "title": "Yewatu", "settlement_type": "Settlement", "ward_code": "W030", "ward_name": "Yeride", "lga_name": "Ilela", "target_population_under5": 21.0 }, "geometry": { "type": "Point", "coordinates": [ 7.917615, 10.609291 ] } },
{ "type": "Feature", "properties": { "id": "S01942", "title": "Zangori-Sabo", "settlement_type": "Settlement", "ward_code": "W030", "ward_name": "Yeride", "lga_name": "Ilela", "target_population_under5": 90.0 }, "geometry": { "type": "Point", "coordinates": [ 7.934236, 10.695327 ] } },
{ "type": "Feature", "properties": { "id": "S01320", "title": "Adberi", "settlement_type": "Village", "ward_code": "W017", "ward_name": "Bazasa", "lga_name": "Katsuma", "target_population_under5": 75.0 }, "geometry": { "type": "Point", "coordinates": [ 7.5643, 11.401208 ] } },
{ "type": "Feature", "properties": { "id": "S01285", "title": "Adduna", "settlement_type": "Settlement", "ward_code": "W017", "ward_name": "Bazasa", "lga_name": "Katsuma", "target_population_under5": 7.0 }, "geometry": { "type": "Point", "coordinates": [ 7.565983, 11.392797 ] } },
{ "type": "Feature", "properties": { "id": "S01321", "title": "Agkoja", "settlement_type": "Village", "ward_code": "W017", "ward_name": "Bazasa", "lga_name": "Katsuma", "target_population_under5": 75.0 }, "geometry": { "type": "Point", "coordinates": [ 7.606978, 11.412736 ] } },
{ "type": "Feature", "properties": { "id": "S01278", "title": "Agrimi", "settlement_type": "Settlement", "ward_code": "W017", "ward_name": "Bazasa", "lga_name": "Katsuma", "target_population_under5": 25.0 }, "geometry": { "type": "Point", "coordinates": [ 7.528006, 11.42467 ] } },
{ "type": "Feature", "properties": { "id": "S01299", "title": "Doshasa", "settlement_type": "Village", "ward_code": "W017", "ward_name": "Bazasa", "lga_name": "Katsuma", "target_population_under5": 114.0 }, "geometry": { "type": "Point", "coordinates": [ 7.522539, 11.388401 ] } },
{ "type": "Feature", "properties": { "id": "S01287", "title": "Dotsile", "settlement_type": "Hamlet", "ward_code": "W017", "ward_name": "Bazasa", "lga_name": "Katsuma", "target_population_under5": 14.0 }, "geometry": { "type": "Point", "coordinates": [ 7.553456, 11.394998 ] } },
{ "type": "Feature", "properties": { "id": "S01290", "title": "Fariwo-Gabas", "settlement_type": "Hamlet", "ward_code": "W017", "ward_name": "Bazasa", "lga_name": "Katsuma", "target_population_under5": 10.0 }, "geometry": { "type": "Point", "coordinates": [ 7.545013, 11.394234 ] } },
{ "type": "Feature", "properties": { "id": "S01281", "title": "Gudeba", "settlement_type": "Hamlet", "ward_code": "W017", "ward_name": "Bazasa", "lga_name": "Katsuma", "target_population_under5": 14.0 }, "geometry": { "type": "Point", "coordinates": [ 7.544677, 11.382806 ] } },
{ "type": "Feature", "properties": { "id": "S01294", "title": "Habayi", "settlement_type": "Village", "ward_code": "W017", "ward_name": "Bazasa", "lga_name": "Katsuma", "target_population_under5": 159.0 }, "geometry": { "type": "Point", "coordinates": [ 7.550649, 11.429855 ] } },
{ "type": "Feature", "properties": { "id": "S01283", "title": "Habeba-Tudun", "settlement_type": "Village", "ward_code": "W017", "ward_name": "Bazasa", "lga_name": "Katsuma", "target_population_under5": 72.0 }, "geometry": { "type": "Point", "coordinates": [ 7.539543, 11.413768 ] } },
{ "type": "Feature", "properties": { "id": "S01282", "title": "Hanatu", "settlement_type": "Hamlet", "ward_code": "W017", "ward_name": "Bazasa", "lga_name": "Katsuma", "target_population_under5": 21.0 }, "geometry": { "type": "Point", "coordinates": [ 7.552656, 11.373503 ] } },
{ "type": "Feature", "properties": { "id": "S01310", "title": "Hasani-Kofar", "settlement_type": "Hamlet", "ward_code": "W017", "ward_name": "Bazasa", "lga_name": "Katsuma", "target_population_under5": 14.0 }, "geometry": { "type": "Point", "coordinates": [ 7.528854, 11.392147 ] } },
{ "type": "Feature", "properties": { "id": "S01306", "title": "Hatsima-Tudun", "settlement_type": "Hamlet", "ward_code": "W017", "ward_name": "Bazasa", "lga_name": "Katsuma", "target_population_under5": 31.0 }, "geometry": { "type": "Point", "coordinates": [ 7.636696, 11.525499 ] } },
{ "type": "Feature", "properties": { "id": "S01292", "title": "Irduma-Gabas", "settlement_type": "Hamlet", "ward_code": "W017", "ward_name": "Bazasa", "lga_name": "Katsuma", "target_population_under5": 19.0 }, "geometry": { "type": "Point", "coordinates": [ 7.583243, 11.567145 ] } },
{ "type": "Feature", "properties": { "id": "S01318", "title": "Irmami", "settlement_type": "Hamlet", "ward_code": "W017", "ward_name": "Bazasa", "lga_name": "Katsuma", "target_population_under5": 18.0 }, "geometry": { "type": "Point", "coordinates": [ 7.552848, 11.416146 ] } },
{ "type": "Feature", "properties": { "id": "S01319", "title": "Kajiba", "settlement_type": "Village", "ward_code": "W017", "ward_name": "Bazasa", "lga_name": "Katsuma", "target_population_under5": 49.0 }, "geometry": { "type": "Point", "coordinates": [ 7.533401, 11.383324 ] } },
{ "type": "Feature", "properties": { "id": "S01313", "title": "Kangode", "settlement_type": "Village", "ward_code": "W017", "ward_name": "Bazasa", "lga_name": "Katsuma", "target_population_under5": 168.0 }, "geometry": { "type": "Point", "coordinates": [ 7.514418, 11.408594 ] } },
{ "type": "Feature", "properties": { "id": "S01303", "title": "Kutiko", "settlement_type": "Hamlet", "ward_code": "W017", "ward_name": "Bazasa", "lga_name": "Katsuma", "target_population_under5": 4.0 }, "geometry": { "type": "Point", "coordinates": [ 7.558117, 11.385108 ] } },
{ "type": "Feature", "properties": { "id": "S01302", "title": "Lojiwa", "settlement_type": "Village", "ward_code": "W017", "ward_name": "Bazasa", "lga_name": "Katsuma", "target_population_under5": 60.0 }, "geometry": { "type": "Point", "coordinates": [ 7.514916, 11.417762 ] } },
{ "type": "Feature", "properties": { "id": "S01300", "title": "Lokofa-Yamma", "settlement_type": "Hamlet", "ward_code": "W017", "ward_name": "Bazasa", "lga_name": "Katsuma", "target_population_under5": 15.0 }, "geometry": { "type": "Point", "coordinates": [ 7.576572, 11.406937 ] } },
{ "type": "Feature", "properties": { "id": "S01307", "title": "Lotina-Tudun", "settlement_type": "Village", "ward_code": "W017", "ward_name": "Bazasa", "lga_name": "Katsuma", "target_population_under5": 49.0 }, "geometry": { "type": "Point", "coordinates": [ 7.556035, 11.417301 ] } },
{ "type": "Feature", "properties": { "id": "S01288", "title": "Lotiru-Tsakiya", "settlement_type": "Village", "ward_code": "W017", "ward_name": "Bazasa", "lga_name": "Katsuma", "target_population_under5": 123.0 }, "geometry": { "type": "Point", "coordinates": [ 7.635423, 11.560235 ] } },
{ "type": "Feature", "properties": { "id": "S01295", "title": "Maberu", "settlement_type": "Hamlet", "ward_code": "W017", "ward_name": "Bazasa", "lga_name": "Katsuma", "target_population_under5": 28.0 }, "geometry": { "type": "Point", "coordinates": [ 7.54716, 11.384025 ] } },
{ "type": "Feature", "properties": { "id": "S01311", "title": "Makoni", "settlement_type": "Village", "ward_code": "W017", "ward_name": "Bazasa", "lga_name": "Katsuma", "target_population_under5": 73.0 }, "geometry": { "type": "Point", "coordinates": [ 7.557902, 11.393048 ] } },
{ "type": "Feature", "properties": { "id": "S01304", "title": "Mamasa", "settlement_type": "Village", "ward_code": "W017", "ward_name": "Bazasa", "lga_name": "Katsuma", "target_population_under5": 73.0 }, "geometry": { "type": "Point", "coordinates": [ 7.559203, 11.423353 ] } },
{ "type": "Feature", "properties": { "id": "S01308", "title": "Olsani", "settlement_type": "Village", "ward_code": "W017", "ward_name": "Bazasa", "lga_name": "Katsuma", "target_population_under5": 129.0 }, "geometry": { "type": "Point", "coordinates": [ 7.539526, 11.43052 ] } },
{ "type": "Feature", "properties": { "id": "S01312", "title": "Sakoja-Arewa", "settlement_type": "Village", "ward_code": "W017", "ward_name": "Bazasa", "lga_name": "Katsuma", "target_population_under5": 74.0 }, "geometry": { "type": "Point", "coordinates": [ 7.559991, 11.394051 ] } },
{ "type": "Feature", "properties": { "id": "S01286", "title": "Saluba", "settlement_type": "Village", "ward_code": "W017", "ward_name": "Bazasa", "lga_name": "Katsuma", "target_population_under5": 101.0 }, "geometry": { "type": "Point", "coordinates": [ 7.510887, 11.406867 ] } },
{ "type": "Feature", "properties": { "id": "S01316", "title": "Saluna", "settlement_type": "Village", "ward_code": "W017", "ward_name": "Bazasa", "lga_name": "Katsuma", "target_population_under5": 69.0 }, "geometry": { "type": "Point", "coordinates": [ 7.60005, 11.408952 ] } },
{ "type": "Feature", "properties": { "id": "S01296", "title": "Sariwa", "settlement_type": "Village", "ward_code": "W017", "ward_name": "Bazasa", "lga_name": "Katsuma", "target_population_under5": 75.0 }, "geometry": { "type": "Point", "coordinates": [ 7.526032, 11.398969 ] } },
{ "type": "Feature", "properties": { "id": "S01289", "title": "Umdudu-Sabo", "settlement_type": "Hamlet", "ward_code": "W017", "ward_name": "Bazasa", "lga_name": "Katsuma", "target_population_under5": 12.0 }, "geometry": { "type": "Point", "coordinates": [ 7.531806, 11.397696 ] } },
{ "type": "Feature", "properties": { "id": "S01291", "title": "Umjima-Arewa", "settlement_type": "Settlement", "ward_code": "W017", "ward_name": "Bazasa", "lga_name": "Katsuma", "target_population_under5": 28.0 }, "geometry": { "type": "Point", "coordinates": [ 7.518154, 11.394 ] } },
{ "type": "Feature", "properties": { "id": "S01317", "title": "Umrafa", "settlement_type": "Village", "ward_code": "W017", "ward_name": "Bazasa", "lga_name": "Katsuma", "target_population_under5": 88.0 }, "geometry": { "type": "Point", "coordinates": [ 7.592967, 11.424878 ] } },
{ "type": "Feature", "properties": { "id": "S01315", "title": "Uzrama-Arewa", "settlement_type": "Village", "ward_code": "W017", "ward_name": "Bazasa", "lga_name": "Katsuma", "target_population_under5": 44.0 }, "geometry": { "type": "Point", "coordinates": [ 7.57098, 11.406035 ] } },
{ "type": "Feature", "properties": { "id": "S01280", "title": "Uztide", "settlement_type": "Village", "ward_code": "W017", "ward_name": "Bazasa", "lga_name": "Katsuma", "target_population_under5": 133.0 }, "geometry": { "type": "Point", "coordinates": [ 7.525886, 11.395172 ] } },
{ "type": "Feature", "properties": { "id": "S01297", "title": "Uztsisa-Kudu", "settlement_type": "Village", "ward_code": "W017", "ward_name": "Bazasa", "lga_name": "Katsuma", "target_population_under5": 90.0 }, "geometry": { "type": "Point", "coordinates": [ 7.538425, 11.406433 ] } },
{ "type": "Feature", "properties": { "id": "S01301", "title": "Walade", "settlement_type": "Village", "ward_code": "W017", "ward_name": "Bazasa", "lga_name": "Katsuma", "target_population_under5": 52.0 }, "geometry": { "type": "Point", "coordinates": [ 7.566144, 11.422329 ] } },
{ "type": "Feature", "properties": { "id": "S01305", "title": "Wangori", "settlement_type": "Hamlet", "ward_code": "W017", "ward_name": "Bazasa", "lga_name": "Katsuma", "target_population_under5": 7.0 }, "geometry": { "type": "Point", "coordinates": [ 7.550073, 11.391115 ] } },
{ "type": "Feature", "properties": { "id": "S01298", "title": "Wasadu", "settlement_type": "Village", "ward_code": "W017", "ward_name": "Bazasa", "lga_name": "Katsuma", "target_population_under5": 8.0 }, "geometry": { "type": "Point", "coordinates": [ 7.535106, 11.412217 ] } },
{ "type": "Feature", "properties": { "id": "S01279", "title": "Yebeba-Tudun", "settlement_type": "Hamlet", "ward_code": "W017", "ward_name": "Bazasa", "lga_name": "Katsuma", "target_population_under5": 23.0 }, "geometry": { "type": "Point", "coordinates": [ 7.528544, 11.396788 ] } },
{ "type": "Feature", "properties": { "id": "S01314", "title": "Yedeyi", "settlement_type": "Village", "ward_code": "W017", "ward_name": "Bazasa", "lga_name": "Katsuma", "target_population_under5": 116.0 }, "geometry": { "type": "Point", "coordinates": [ 7.523566, 11.399185 ] } },
{ "type": "Feature", "properties": { "id": "S01284", "title": "Yeyotu", "settlement_type": "Hamlet", "ward_code": "W017", "ward_name": "Bazasa", "lga_name": "Katsuma", "target_population_under5": 19.0 }, "geometry": { "type": "Point", "coordinates": [ 7.531613, 11.41437 ] } },
{ "type": "Feature", "properties": { "id": "S01309", "title": "Zakona", "settlement_type": "Settlement", "ward_code": "W017", "ward_name": "Bazasa", "lga_name": "Katsuma", "target_population_under5": 111.0 }, "geometry": { "type": "Point", "coordinates": [ 7.579336, 11.380186 ] } },
{ "type": "Feature", "properties": { "id": "S01293", "title": "Zawama", "settlement_type": "Village", "ward_code": "W017", "ward_name": "Bazasa", "lga_name": "Katsuma", "target_population_under5": 15.0 }, "geometry": { "type": "Point", "coordinates": [ 7.531458, 11.396017 ] } },
{ "type": "Feature", "properties": { "id": "S01781", "title": "Agmana", "settlement_type": "Village", "ward_code": "W027", "ward_name": "Daberi", "lga_name": "Katsuma", "target_population_under5": 20.0 }, "geometry": { "type": "Point", "coordinates": [ 7.899721, 11.463895 ] } },
{ "type": "Feature", "properties": { "id": "S01783", "title": "Badeko", "settlement_type": "Village", "ward_code": "W027", "ward_name": "Daberi", "lga_name": "Katsuma", "target_population_under5": 35.0 }, "geometry": { "type": "Point", "coordinates": [ 7.917479, 11.461679 ] } },
{ "type": "Feature", "properties": { "id": "S01755", "title": "Bakodu", "settlement_type": "Settlement", "ward_code": "W027", "ward_name": "Daberi", "lga_name": "Katsuma", "target_population_under5": 27.0 }, "geometry": { "type": "Point", "coordinates": [ 7.924013, 11.466326 ] } },
{ "type": "Feature", "properties": { "id": "S01785", "title": "Baluko", "settlement_type": "Village", "ward_code": "W027", "ward_name": "Daberi", "lga_name": "Katsuma", "target_population_under5": 14.0 }, "geometry": { "type": "Point", "coordinates": [ 7.915028, 11.477601 ] } },
{ "type": "Feature", "properties": { "id": "S01756", "title": "Bangoni", "settlement_type": "Settlement", "ward_code": "W027", "ward_name": "Daberi", "lga_name": "Katsuma", "target_population_under5": 60.0 }, "geometry": { "type": "Point", "coordinates": [ 7.76258, 11.325954 ] } },
{ "type": "Feature", "properties": { "id": "S01774", "title": "Damafa", "settlement_type": "Village", "ward_code": "W027", "ward_name": "Daberi", "lga_name": "Katsuma", "target_population_under5": 55.0 }, "geometry": { "type": "Point", "coordinates": [ 7.913179, 11.509624 ] } },
{ "type": "Feature", "properties": { "id": "S01784", "title": "Dongoyi", "settlement_type": "Hamlet", "ward_code": "W027", "ward_name": "Daberi", "lga_name": "Katsuma", "target_population_under5": 44.0 }, "geometry": { "type": "Point", "coordinates": [ 7.928292, 11.456452 ] } },
{ "type": "Feature", "properties": { "id": "S01787", "title": "Ekkota-Sabo", "settlement_type": "Hamlet", "ward_code": "W027", "ward_name": "Daberi", "lga_name": "Katsuma", "target_population_under5": 9.0 }, "geometry": { "type": "Point", "coordinates": [ 7.931629, 11.453684 ] } },
{ "type": "Feature", "properties": { "id": "S01767", "title": "Eklafa", "settlement_type": "Village", "ward_code": "W027", "ward_name": "Daberi", "lga_name": "Katsuma", "target_population_under5": 104.0 }, "geometry": { "type": "Point", "coordinates": [ 7.944277, 11.469164 ] } },
{ "type": "Feature", "properties": { "id": "S01782", "title": "Ensadu", "settlement_type": "Village", "ward_code": "W027", "ward_name": "Daberi", "lga_name": "Katsuma", "target_population_under5": 31.0 }, "geometry": { "type": "Point", "coordinates": [ 7.912132, 11.493044 ] } },
{ "type": "Feature", "properties": { "id": "S01773", "title": "Haluni", "settlement_type": "Village", "ward_code": "W027", "ward_name": "Daberi", "lga_name": "Katsuma", "target_population_under5": 35.0 }, "geometry": { "type": "Point", "coordinates": [ 7.92202, 11.47751 ] } },
{ "type": "Feature", "properties": { "id": "S01786", "title": "Harana", "settlement_type": "Village", "ward_code": "W027", "ward_name": "Daberi", "lga_name": "Katsuma", "target_population_under5": 50.0 }, "geometry": { "type": "Point", "coordinates": [ 7.913459, 11.477113 ] } },
{ "type": "Feature", "properties": { "id": "S01761", "title": "Hariko-Yamma", "settlement_type": "Village", "ward_code": "W027", "ward_name": "Daberi", "lga_name": "Katsuma", "target_population_under5": 89.0 }, "geometry": { "type": "Point", "coordinates": [ 7.942276, 11.446681 ] } },
{ "type": "Feature", "properties": { "id": "S01757", "title": "Ibsaru", "settlement_type": "Village", "ward_code": "W027", "ward_name": "Daberi", "lga_name": "Katsuma", "target_population_under5": 57.0 }, "geometry": { "type": "Point", "coordinates": [ 7.930676, 11.458423 ] } },
{ "type": "Feature", "properties": { "id": "S01778", "title": "Ibwama", "settlement_type": "Hamlet", "ward_code": "W027", "ward_name": "Daberi", "lga_name": "Katsuma", "target_population_under5": 3.0 }, "geometry": { "type": "Point", "coordinates": [ 7.923554, 11.484527 ] } },
{ "type": "Feature", "properties": { "id": "S01764", "title": "Irdushi-Kudu", "settlement_type": "Village", "ward_code": "W027", "ward_name": "Daberi", "lga_name": "Katsuma", "target_population_under5": 176.0 }, "geometry": { "type": "Point", "coordinates": [ 7.900672, 11.497259 ] } },
{ "type": "Feature", "properties": { "id": "S01790", "title": "Irkona", "settlement_type": "Hamlet", "ward_code": "W027", "ward_name": "Daberi", "lga_name": "Katsuma", "target_population_under5": 6.0 }, "geometry": { "type": "Point", "coordinates": [ 7.944243, 11.505726 ] } },
{ "type": "Feature", "properties": { "id": "S01769", "title": "Irshaja-Sabo", "settlement_type": "Urban block", "ward_code": "W027", "ward_name": "Daberi", "lga_name": "Katsuma", "target_population_under5": 228.0 }, "geometry": { "type": "Point", "coordinates": [ 7.909526, 11.469198 ] } },
{ "type": "Feature", "properties": { "id": "S01788", "title": "Irtitu", "settlement_type": "Settlement", "ward_code": "W027", "ward_name": "Daberi", "lga_name": "Katsuma", "target_population_under5": 24.0 }, "geometry": { "type": "Point", "coordinates": [ 7.906094, 11.465339 ] } },
{ "type": "Feature", "properties": { "id": "S01776", "title": "Kabaja", "settlement_type": "Hamlet", "ward_code": "W027", "ward_name": "Daberi", "lga_name": "Katsuma", "target_population_under5": 36.0 }, "geometry": { "type": "Point", "coordinates": [ 7.882344, 11.451451 ] } },
{ "type": "Feature", "properties": { "id": "S01772", "title": "Lodeyi", "settlement_type": "Village", "ward_code": "W027", "ward_name": "Daberi", "lga_name": "Katsuma", "target_population_under5": 25.0 }, "geometry": { "type": "Point", "coordinates": [ 7.902499, 11.480966 ] } },
{ "type": "Feature", "properties": { "id": "S01765", "title": "Okshawo", "settlement_type": "Village", "ward_code": "W027", "ward_name": "Daberi", "lga_name": "Katsuma", "target_population_under5": 89.0 }, "geometry": { "type": "Point", "coordinates": [ 7.910087, 11.498205 ] } },
{ "type": "Feature", "properties": { "id": "S01770", "title": "Oldedu", "settlement_type": "Hamlet", "ward_code": "W027", "ward_name": "Daberi", "lga_name": "Katsuma", "target_population_under5": 17.0 }, "geometry": { "type": "Point", "coordinates": [ 7.805738, 11.455498 ] } },
{ "type": "Feature", "properties": { "id": "S01766", "title": "Olngori", "settlement_type": "Village", "ward_code": "W027", "ward_name": "Daberi", "lga_name": "Katsuma", "target_population_under5": 166.0 }, "geometry": { "type": "Point", "coordinates": [ 7.974357, 11.455849 ] } },
{ "type": "Feature", "properties": { "id": "S01779", "title": "Oltidu", "settlement_type": "Village", "ward_code": "W027", "ward_name": "Daberi", "lga_name": "Katsuma", "target_population_under5": 77.0 }, "geometry": { "type": "Point", "coordinates": [ 7.915413, 11.463292 ] } },
{ "type": "Feature", "properties": { "id": "S01758", "title": "Ridudu", "settlement_type": "Hamlet", "ward_code": "W027", "ward_name": "Daberi", "lga_name": "Katsuma", "target_population_under5": 11.0 }, "geometry": { "type": "Point", "coordinates": [ 7.918996, 11.475755 ] } },
{ "type": "Feature", "properties": { "id": "S01760", "title": "Rilana-Kudu", "settlement_type": "Hamlet", "ward_code": "W027", "ward_name": "Daberi", "lga_name": "Katsuma", "target_population_under5": 14.0 }, "geometry": { "type": "Point", "coordinates": [ 7.894834, 11.46639 ] } },
{ "type": "Feature", "properties": { "id": "S01768", "title": "Rinana", "settlement_type": "Village", "ward_code": "W027", "ward_name": "Daberi", "lga_name": "Katsuma", "target_population_under5": 94.0 }, "geometry": { "type": "Point", "coordinates": [ 7.891669, 11.378252 ] } },
{ "type": "Feature", "properties": { "id": "S01780", "title": "Sakowo", "settlement_type": "Village", "ward_code": "W027", "ward_name": "Daberi", "lga_name": "Katsuma", "target_population_under5": 111.0 }, "geometry": { "type": "Point", "coordinates": [ 7.912788, 11.483848 ] } },
{ "type": "Feature", "properties": { "id": "S01789", "title": "Sunari-Tsakiya", "settlement_type": "Hamlet", "ward_code": "W027", "ward_name": "Daberi", "lga_name": "Katsuma", "target_population_under5": 21.0 }, "geometry": { "type": "Point", "coordinates": [ 7.919215, 11.466865 ] } },
{ "type": "Feature", "properties": { "id": "S01763", "title": "Tangodu", "settlement_type": "Village", "ward_code": "W027", "ward_name": "Daberi", "lga_name": "Katsuma", "target_population_under5": 72.0 }, "geometry": { "type": "Point", "coordinates": [ 7.898295, 11.450616 ] } },
{ "type": "Feature", "properties": { "id": "S01762", "title": "Umyota", "settlement_type": "Hamlet", "ward_code": "W027", "ward_name": "Daberi", "lga_name": "Katsuma", "target_population_under5": 19.0 }, "geometry": { "type": "Point", "coordinates": [ 7.925016, 11.461442 ] } },
{ "type": "Feature", "properties": { "id": "S01759", "title": "Uzluru", "settlement_type": "Hamlet", "ward_code": "W027", "ward_name": "Daberi", "lga_name": "Katsuma", "target_population_under5": 66.0 }, "geometry": { "type": "Point", "coordinates": [ 7.910705, 11.455235 ] } },
{ "type": "Feature", "properties": { "id": "S01791", "title": "Wakoma-Yamma", "settlement_type": "Village", "ward_code": "W027", "ward_name": "Daberi", "lga_name": "Katsuma", "target_population_under5": 62.0 }, "geometry": { "type": "Point", "coordinates": [ 7.943979, 11.490658 ] } },
{ "type": "Feature", "properties": { "id": "S01771", "title": "Yengodu", "settlement_type": "Village", "ward_code": "W027", "ward_name": "Daberi", "lga_name": "Katsuma", "target_population_under5": 66.0 }, "geometry": { "type": "Point", "coordinates": [ 7.924031, 11.462033 ] } },
{ "type": "Feature", "properties": { "id": "S01775", "title": "Yeyori-Arewa", "settlement_type": "Hamlet", "ward_code": "W027", "ward_name": "Daberi", "lga_name": "Katsuma", "target_population_under5": 8.0 }, "geometry": { "type": "Point", "coordinates": [ 7.902314, 11.48144 ] } },
{ "type": "Feature", "properties": { "id": "S01777", "title": "Zashaba", "settlement_type": "Hamlet", "ward_code": "W027", "ward_name": "Daberi", "lga_name": "Katsuma", "target_population_under5": 24.0 }, "geometry": { "type": "Point", "coordinates": [ 7.928873, 11.466221 ] } },
{ "type": "Feature", "properties": { "id": "S02184", "title": "Adngota", "settlement_type": "Settlement", "ward_code": "W034", "ward_name": "Dodeta", "lga_name": "Katsuma", "target_population_under5": 39.0 }, "geometry": { "type": "Point", "coordinates": [ 8.257833, 11.186682 ] } },
{ "type": "Feature", "properties": { "id": "S02199", "title": "Adshale", "settlement_type": "Settlement", "ward_code": "W034", "ward_name": "Dodeta", "lga_name": "Katsuma", "target_population_under5": 27.0 }, "geometry": { "type": "Point", "coordinates": [ 8.168755, 11.307831 ] } },
{ "type": "Feature", "properties": { "id": "S02203", "title": "Adzawa", "settlement_type": "Village", "ward_code": "W034", "ward_name": "Dodeta", "lga_name": "Katsuma", "target_population_under5": 61.0 }, "geometry": { "type": "Point", "coordinates": [ 8.116825, 11.197133 ] } },
{ "type": "Feature", "properties": { "id": "S02188", "title": "Agshama", "settlement_type": "Hamlet", "ward_code": "W034", "ward_name": "Dodeta", "lga_name": "Katsuma", "target_population_under5": 15.0 }, "geometry": { "type": "Point", "coordinates": [ 8.277867, 11.230221 ] } },
{ "type": "Feature", "properties": { "id": "S02191", "title": "Agyosa-Yamma", "settlement_type": "Hamlet", "ward_code": "W034", "ward_name": "Dodeta", "lga_name": "Katsuma", "target_population_under5": 11.0 }, "geometry": { "type": "Point", "coordinates": [ 8.238379, 11.21919 ] } },
{ "type": "Feature", "properties": { "id": "S02196", "title": "Baberi-Kudu", "settlement_type": "Village", "ward_code": "W034", "ward_name": "Dodeta", "lga_name": "Katsuma", "target_population_under5": 129.0 }, "geometry": { "type": "Point", "coordinates": [ 8.198259, 11.333924 ] } },
{ "type": "Feature", "properties": { "id": "S02170", "title": "Biradu", "settlement_type": "Hamlet", "ward_code": "W034", "ward_name": "Dodeta", "lga_name": "Katsuma", "target_population_under5": 34.0 }, "geometry": { "type": "Point", "coordinates": [ 8.114192, 11.203998 ] } },
{ "type": "Feature", "properties": { "id": "S02176", "title": "Bitsina", "settlement_type": "Hamlet", "ward_code": "W034", "ward_name": "Dodeta", "lga_name": "Katsuma", "target_population_under5": 16.0 }, "geometry": { "type": "Point", "coordinates": [ 8.239709, 11.251208 ] } },
{ "type": "Feature", "properties": { "id": "S02195", "title": "Biyode", "settlement_type": "Hamlet", "ward_code": "W034", "ward_name": "Dodeta", "lga_name": "Katsuma", "target_population_under5": 3.0 }, "geometry": { "type": "Point", "coordinates": [ 8.125531, 11.233684 ] } },
{ "type": "Feature", "properties": { "id": "S02204", "title": "Ekjiba", "settlement_type": "Settlement", "ward_code": "W034", "ward_name": "Dodeta", "lga_name": "Katsuma", "target_population_under5": 46.0 }, "geometry": { "type": "Point", "coordinates": [ 8.122999, 11.17532 ] } },
{ "type": "Feature", "properties": { "id": "S02205", "title": "Ekluwo", "settlement_type": "Village", "ward_code": "W034", "ward_name": "Dodeta", "lga_name": "Katsuma", "target_population_under5": 61.0 }, "geometry": { "type": "Point", "coordinates": [ 8.249723, 11.223087 ] } },
{ "type": "Feature", "properties": { "id": "S02177", "title": "Ekraru", "settlement_type": "Village", "ward_code": "W034", "ward_name": "Dodeta", "lga_name": "Katsuma", "target_population_under5": 61.0 }, "geometry": { "type": "Point", "coordinates": [ 8.268386, 11.190796 ] } },
{ "type": "Feature", "properties": { "id": "S02212", "title": "Ekrile", "settlement_type": "Settlement", "ward_code": "W034", "ward_name": "Dodeta", "lga_name": "Katsuma", "target_population_under5": 40.0 }, "geometry": { "type": "Point", "coordinates": [ 8.207244, 11.238904 ] } },
{ "type": "Feature", "properties": { "id": "S02178", "title": "Ekzaru", "settlement_type": "Village", "ward_code": "W034", "ward_name": "Dodeta", "lga_name": "Katsuma", "target_population_under5": 62.0 }, "geometry": { "type": "Point", "coordinates": [ 8.129364, 11.19837 ] } },
{ "type": "Feature", "properties": { "id": "S02198", "title": "Enbani", "settlement_type": "Village", "ward_code": "W034", "ward_name": "Dodeta", "lga_name": "Katsuma", "target_population_under5": 98.0 }, "geometry": { "type": "Point", "coordinates": [ 8.023746580490336, 11.209742 ] } },
{ "type": "Feature", "properties": { "id": "S02216", "title": "Enshade", "settlement_type": "Village", "ward_code": "W034", "ward_name": "Dodeta", "lga_name": "Katsuma", "target_population_under5": 45.0 }, "geometry": { "type": "Point", "coordinates": [ 8.269082, 11.205658 ] } },
{ "type": "Feature", "properties": { "id": "S02206", "title": "Enshadu", "settlement_type": "Village", "ward_code": "W034", "ward_name": "Dodeta", "lga_name": "Katsuma", "target_population_under5": 50.0 }, "geometry": { "type": "Point", "coordinates": [ 8.112987, 11.282903 ] } },
{ "type": "Feature", "properties": { "id": "S02208", "title": "Enwafa-Gabas", "settlement_type": "Hamlet", "ward_code": "W034", "ward_name": "Dodeta", "lga_name": "Katsuma", "target_population_under5": 15.0 }, "geometry": { "type": "Point", "coordinates": [ 8.246889, 11.184954 ] } },
{ "type": "Feature", "properties": { "id": "S02189", "title": "Famaba", "settlement_type": "Hamlet", "ward_code": "W034", "ward_name": "Dodeta", "lga_name": "Katsuma", "target_population_under5": 26.0 }, "geometry": { "type": "Point", "coordinates": [ 8.265982, 11.193125 ] } },
{ "type": "Feature", "properties": { "id": "S02187", "title": "Gujimi", "settlement_type": "Village", "ward_code": "W034", "ward_name": "Dodeta", "lga_name": "Katsuma", "target_population_under5": 56.0 }, "geometry": { "type": "Point", "coordinates": [ 8.274364, 11.24815 ] } },
{ "type": "Feature", "properties": { "id": "S02192", "title": "Gunari", "settlement_type": "Settlement", "ward_code": "W034", "ward_name": "Dodeta", "lga_name": "Katsuma", "target_population_under5": 12.0 }, "geometry": { "type": "Point", "coordinates": [ 8.109845, 11.189338 ] } },
{ "type": "Feature", "properties": { "id": "S02174", "title": "Guzana", "settlement_type": "Village", "ward_code": "W034", "ward_name": "Dodeta", "lga_name": "Katsuma", "target_population_under5": 16.0 }, "geometry": { "type": "Point", "coordinates": [ 8.122707, 11.220318 ] } },
{ "type": "Feature", "properties": { "id": "S02202", "title": "Hajiko", "settlement_type": "Village", "ward_code": "W034", "ward_name": "Dodeta", "lga_name": "Katsuma", "target_population_under5": 150.0 }, "geometry": { "type": "Point", "coordinates": [ 8.163486, 11.190768 ] } },
{ "type": "Feature", "properties": { "id": "S02166", "title": "Halayi", "settlement_type": "Hamlet", "ward_code": "W034", "ward_name": "Dodeta", "lga_name": "Katsuma", "target_population_under5": 11.0 }, "geometry": { "type": "Point", "coordinates": [ 8.271553, 11.230602 ] } },
{ "type": "Feature", "properties": { "id": "S02179", "title": "Hatiwo", "settlement_type": "Hamlet", "ward_code": "W034", "ward_name": "Dodeta", "lga_name": "Katsuma", "target_population_under5": 24.0 }, "geometry": { "type": "Point", "coordinates": [ 8.136051, 11.195067 ] } },
{ "type": "Feature", "properties": { "id": "S02169", "title": "Ibrifa", "settlement_type": "Hamlet", "ward_code": "W034", "ward_name": "Dodeta", "lga_name": "Katsuma", "target_population_under5": 25.0 }, "geometry": { "type": "Point", "coordinates": [ 8.247769, 11.218623 ] } },
{ "type": "Feature", "properties": { "id": "S02175", "title": "Irdutu-Kofar", "settlement_type": "Settlement", "ward_code": "W034", "ward_name": "Dodeta", "lga_name": "Katsuma", "target_population_under5": 48.0 }, "geometry": { "type": "Point", "coordinates": [ 8.27521, 11.184652 ] } },
{ "type": "Feature", "properties": { "id": "S02183", "title": "Irmawo-Kofar", "settlement_type": "Settlement", "ward_code": "W034", "ward_name": "Dodeta", "lga_name": "Katsuma", "target_population_under5": 50.0 }, "geometry": { "type": "Point", "coordinates": [ 8.198089, 11.122053 ] } },
{ "type": "Feature", "properties": { "id": "S02215", "title": "Jibeja-Sabo", "settlement_type": "Settlement", "ward_code": "W034", "ward_name": "Dodeta", "lga_name": "Katsuma", "target_population_under5": 31.0 }, "geometry": { "type": "Point", "coordinates": [ 8.270142, 11.24391 ] } },
{ "type": "Feature", "properties": { "id": "S02207", "title": "Kuberi", "settlement_type": "Hamlet", "ward_code": "W034", "ward_name": "Dodeta", "lga_name": "Katsuma", "target_population_under5": 41.0 }, "geometry": { "type": "Point", "coordinates": [ 8.253245, 11.189484 ] } },
{ "type": "Feature", "properties": { "id": "S02167", "title": "Lolaba", "settlement_type": "Village", "ward_code": "W034", "ward_name": "Dodeta", "lga_name": "Katsuma", "target_population_under5": 59.0 }, "geometry": { "type": "Point", "coordinates": [ 8.277302, 11.210549 ] } },
{ "type": "Feature", "properties": { "id": "S02210", "title": "Loratu-Arewa", "settlement_type": "Village", "ward_code": "W034", "ward_name": "Dodeta", "lga_name": "Katsuma", "target_population_under5": 71.0 }, "geometry": { "type": "Point", "coordinates": [ 8.252115, 11.210791 ] } },
{ "type": "Feature", "properties": { "id": "S02209", "title": "Losashi", "settlement_type": "Settlement", "ward_code": "W034", "ward_name": "Dodeta", "lga_name": "Katsuma", "target_population_under5": 52.0 }, "geometry": { "type": "Point", "coordinates": [ 8.261323, 11.180926 ] } },
{ "type": "Feature", "properties": { "id": "S02193", "title": "Nujishi", "settlement_type": "Hamlet", "ward_code": "W034", "ward_name": "Dodeta", "lga_name": "Katsuma", "target_population_under5": 23.0 }, "geometry": { "type": "Point", "coordinates": [ 8.132599, 11.187271 ] } },
{ "type": "Feature", "properties": { "id": "S02211", "title": "Okngodu", "settlement_type": "Hamlet", "ward_code": "W034", "ward_name": "Dodeta", "lga_name": "Katsuma", "target_population_under5": 8.0 }, "geometry": { "type": "Point", "coordinates": [ 8.133043, 11.287544 ] } },
{ "type": "Feature", "properties": { "id": "S02197", "title": "Olderu", "settlement_type": "Hamlet", "ward_code": "W034", "ward_name": "Dodeta", "lga_name": "Katsuma", "target_population_under5": 5.0 }, "geometry": { "type": "Point", "coordinates": [ 8.265135, 11.205058 ] } },
{ "type": "Feature", "properties": { "id": "S02168", "title": "Olnaba", "settlement_type": "Settlement", "ward_code": "W034", "ward_name": "Dodeta", "lga_name": "Katsuma", "target_population_under5": 41.0 }, "geometry": { "type": "Point", "coordinates": [ 8.245477, 11.213765 ] } },
{ "type": "Feature", "properties": { "id": "S02182", "title": "Oltishi", "settlement_type": "Village", "ward_code": "W034", "ward_name": "Dodeta", "lga_name": "Katsuma", "target_population_under5": 72.0 }, "geometry": { "type": "Point", "coordinates": [ 8.125148, 11.328509 ] } },
{ "type": "Feature", "properties": { "id": "S02181", "title": "Sabayi", "settlement_type": "Village", "ward_code": "W034", "ward_name": "Dodeta", "lga_name": "Katsuma", "target_population_under5": 24.0 }, "geometry": { "type": "Point", "coordinates": [ 8.250834, 11.228463 ] } },
{ "type": "Feature", "properties": { "id": "S02180", "title": "Sadeko-Gabas", "settlement_type": "Hamlet", "ward_code": "W034", "ward_name": "Dodeta", "lga_name": "Katsuma", "target_population_under5": 21.0 }, "geometry": { "type": "Point", "coordinates": [ 8.259411, 11.211803 ] } },
{ "type": "Feature", "properties": { "id": "S02172", "title": "Sukotu", "settlement_type": "Village", "ward_code": "W034", "ward_name": "Dodeta", "lga_name": "Katsuma", "target_population_under5": 88.0 }, "geometry": { "type": "Point", "coordinates": [ 8.229173, 11.226746 ] } },
{ "type": "Feature", "properties": { "id": "S02171", "title": "Umngota-Kudu", "settlement_type": "Village", "ward_code": "W034", "ward_name": "Dodeta", "lga_name": "Katsuma", "target_population_under5": 83.0 }, "geometry": { "type": "Point", "coordinates": [ 8.112394, 11.198032 ] } },
{ "type": "Feature", "properties": { "id": "S02200", "title": "Umshayi", "settlement_type": "Village", "ward_code": "W034", "ward_name": "Dodeta", "lga_name": "Katsuma", "target_population_under5": 38.0 }, "geometry": { "type": "Point", "coordinates": [ 8.264799, 11.220529 ] } },
{ "type": "Feature", "properties": { "id": "S02164", "title": "Umtsiko-Tudun", "settlement_type": "Hamlet", "ward_code": "W034", "ward_name": "Dodeta", "lga_name": "Katsuma", "target_population_under5": 10.0 }, "geometry": { "type": "Point", "coordinates": [ 8.265259, 11.1525 ] } },
{ "type": "Feature", "properties": { "id": "S02190", "title": "Uztiko", "settlement_type": "Hamlet", "ward_code": "W034", "ward_name": "Dodeta", "lga_name": "Katsuma", "target_population_under5": 7.0 }, "geometry": { "type": "Point", "coordinates": [ 8.12997, 11.184791 ] } },
{ "type": "Feature", "properties": { "id": "S02165", "title": "Uztiwa", "settlement_type": "Hamlet", "ward_code": "W034", "ward_name": "Dodeta", "lga_name": "Katsuma", "target_population_under5": 15.0 }, "geometry": { "type": "Point", "coordinates": [ 8.217561, 11.313326 ] } },
{ "type": "Feature", "properties": { "id": "S02214", "title": "Uzyotu", "settlement_type": "Village", "ward_code": "W034", "ward_name": "Dodeta", "lga_name": "Katsuma", "target_population_under5": 46.0 }, "geometry": { "type": "Point", "coordinates": [ 8.132966, 11.179723 ] } },
{ "type": "Feature", "properties": { "id": "S02201", "title": "Wabayi", "settlement_type": "Hamlet", "ward_code": "W034", "ward_name": "Dodeta", "lga_name": "Katsuma", "target_population_under5": 38.0 }, "geometry": { "type": "Point", "coordinates": [ 8.259069, 11.234848 ] } },
{ "type": "Feature", "properties": { "id": "S02185", "title": "Watsima", "settlement_type": "Hamlet", "ward_code": "W034", "ward_name": "Dodeta", "lga_name": "Katsuma", "target_population_under5": 20.0 }, "geometry": { "type": "Point", "coordinates": [ 8.16866, 11.284987 ] } },
{ "type": "Feature", "properties": { "id": "S02186", "title": "Wazana-Tudun", "settlement_type": "Village", "ward_code": "W034", "ward_name": "Dodeta", "lga_name": "Katsuma", "target_population_under5": 53.0 }, "geometry": { "type": "Point", "coordinates": [ 8.126068, 11.187414 ] } },
{ "type": "Feature", "properties": { "id": "S02194", "title": "Yekoma", "settlement_type": "Village", "ward_code": "W034", "ward_name": "Dodeta", "lga_name": "Katsuma", "target_population_under5": 98.0 }, "geometry": { "type": "Point", "coordinates": [ 8.103112, 11.281907 ] } },
{ "type": "Feature", "properties": { "id": "S02173", "title": "Yekosa", "settlement_type": "Village", "ward_code": "W034", "ward_name": "Dodeta", "lga_name": "Katsuma", "target_population_under5": 22.0 }, "geometry": { "type": "Point", "coordinates": [ 8.244261, 11.236558 ] } },
{ "type": "Feature", "properties": { "id": "S02213", "title": "Zangowo", "settlement_type": "Village", "ward_code": "W034", "ward_name": "Dodeta", "lga_name": "Katsuma", "target_population_under5": 100.0 }, "geometry": { "type": "Point", "coordinates": [ 8.138177, 11.184126 ] } },
{ "type": "Feature", "properties": { "id": "S01732", "title": "Addudu-Kudu", "settlement_type": "Village", "ward_code": "W026", "ward_name": "Kungomi", "lga_name": "Katsuma", "target_population_under5": 43.0 }, "geometry": { "type": "Point", "coordinates": [ 7.753743, 11.53321 ] } },
{ "type": "Feature", "properties": { "id": "S01736", "title": "Adduwo", "settlement_type": "Settlement", "ward_code": "W026", "ward_name": "Kungomi", "lga_name": "Katsuma", "target_population_under5": 138.0 }, "geometry": { "type": "Point", "coordinates": [ 7.70389, 11.544319 ] } },
{ "type": "Feature", "properties": { "id": "S01737", "title": "Adkowa", "settlement_type": "Village", "ward_code": "W026", "ward_name": "Kungomi", "lga_name": "Katsuma", "target_population_under5": 40.0 }, "geometry": { "type": "Point", "coordinates": [ 7.73373, 11.409549 ] } },
{ "type": "Feature", "properties": { "id": "S01717", "title": "Adrari", "settlement_type": "Hamlet", "ward_code": "W026", "ward_name": "Kungomi", "lga_name": "Katsuma", "target_population_under5": 13.0 }, "geometry": { "type": "Point", "coordinates": [ 7.699843, 11.525242 ] } },
{ "type": "Feature", "properties": { "id": "S01713", "title": "Adtsima", "settlement_type": "Village", "ward_code": "W026", "ward_name": "Kungomi", "lga_name": "Katsuma", "target_population_under5": 85.0 }, "geometry": { "type": "Point", "coordinates": [ 7.649127, 11.402383 ] } },
{ "type": "Feature", "properties": { "id": "S01730", "title": "Adzaba", "settlement_type": "Village", "ward_code": "W026", "ward_name": "Kungomi", "lga_name": "Katsuma", "target_population_under5": 75.0 }, "geometry": { "type": "Point", "coordinates": [ 7.741279, 11.527543 ] } },
{ "type": "Feature", "properties": { "id": "S01728", "title": "Agdesa", "settlement_type": "Hamlet", "ward_code": "W026", "ward_name": "Kungomi", "lga_name": "Katsuma", "target_population_under5": 5.0 }, "geometry": { "type": "Point", "coordinates": [ 7.729922, 11.421176 ] } },
{ "type": "Feature", "properties": { "id": "S01724", "title": "Baberu-Tsakiya", "settlement_type": "Hamlet", "ward_code": "W026", "ward_name": "Kungomi", "lga_name": "Katsuma", "target_population_under5": 35.0 }, "geometry": { "type": "Point", "coordinates": [ 7.712664, 11.573489 ] } },
{ "type": "Feature", "properties": { "id": "S01709", "title": "Balayi", "settlement_type": "Village", "ward_code": "W026", "ward_name": "Kungomi", "lga_name": "Katsuma", "target_population_under5": 65.0 }, "geometry": { "type": "Point", "coordinates": [ 7.750976, 11.345551 ] } },
{ "type": "Feature", "properties": { "id": "S01741", "title": "Bamani", "settlement_type": "Village", "ward_code": "W026", "ward_name": "Kungomi", "lga_name": "Katsuma", "target_population_under5": 74.0 }, "geometry": { "type": "Point", "coordinates": [ 7.709254, 11.533463 ] } },
{ "type": "Feature", "properties": { "id": "S01743", "title": "Bamawo", "settlement_type": "Hamlet", "ward_code": "W026", "ward_name": "Kungomi", "lga_name": "Katsuma", "target_population_under5": 10.0 }, "geometry": { "type": "Point", "coordinates": [ 7.754148, 11.400977 ] } },
{ "type": "Feature", "properties": { "id": "S01748", "title": "Bangofa", "settlement_type": "Village", "ward_code": "W026", "ward_name": "Kungomi", "lga_name": "Katsuma", "target_population_under5": 48.0 }, "geometry": { "type": "Point", "coordinates": [ 7.742536, 11.515757 ] } },
{ "type": "Feature", "properties": { "id": "S01711", "title": "Bibewa", "settlement_type": "Settlement", "ward_code": "W026", "ward_name": "Kungomi", "lga_name": "Katsuma", "target_population_under5": 65.0 }, "geometry": { "type": "Point", "coordinates": [ 7.764196, 11.416421 ] } },
{ "type": "Feature", "properties": { "id": "S01735", "title": "Bikowo", "settlement_type": "Village", "ward_code": "W026", "ward_name": "Kungomi", "lga_name": "Katsuma", "target_population_under5": 116.0 }, "geometry": { "type": "Point", "coordinates": [ 7.776751, 11.441405 ] } },
{ "type": "Feature", "properties": { "id": "S01745", "title": "Donama", "settlement_type": "Hamlet", "ward_code": "W026", "ward_name": "Kungomi", "lga_name": "Katsuma", "target_population_under5": 21.0 }, "geometry": { "type": "Point", "coordinates": [ 7.759091, 11.414734 ] } },
{ "type": "Feature", "properties": { "id": "S01751", "title": "Enngoba", "settlement_type": "Village", "ward_code": "W026", "ward_name": "Kungomi", "lga_name": "Katsuma", "target_population_under5": 22.0 }, "geometry": { "type": "Point", "coordinates": [ 7.666788, 11.410631 ] } },
{ "type": "Feature", "properties": { "id": "S01727", "title": "Fajiru", "settlement_type": "Village", "ward_code": "W026", "ward_name": "Kungomi", "lga_name": "Katsuma", "target_population_under5": 15.0 }, "geometry": { "type": "Point", "coordinates": [ 7.7491, 11.435383 ] } },
{ "type": "Feature", "properties": { "id": "S01747", "title": "Guwami", "settlement_type": "Hamlet", "ward_code": "W026", "ward_name": "Kungomi", "lga_name": "Katsuma", "target_population_under5": 47.0 }, "geometry": { "type": "Point", "coordinates": [ 7.748069, 11.544235 ] } },
{ "type": "Feature", "properties": { "id": "S01744", "title": "Guyoshi", "settlement_type": "Village", "ward_code": "W026", "ward_name": "Kungomi", "lga_name": "Katsuma", "target_population_under5": 70.0 }, "geometry": { "type": "Point", "coordinates": [ 7.720837, 11.538183 ] } },
{ "type": "Feature", "properties": { "id": "S01723", "title": "Ibjidu", "settlement_type": "Settlement", "ward_code": "W026", "ward_name": "Kungomi", "lga_name": "Katsuma", "target_population_under5": 59.0 }, "geometry": { "type": "Point", "coordinates": [ 7.728521, 11.515566 ] } },
{ "type": "Feature", "properties": { "id": "S01714", "title": "Ibraja", "settlement_type": "Hamlet", "ward_code": "W026", "ward_name": "Kungomi", "lga_name": "Katsuma", "target_population_under5": 26.0 }, "geometry": { "type": "Point", "coordinates": [ 7.716355, 11.526259 ] } },
{ "type": "Feature", "properties": { "id": "S01708", "title": "Irnani", "settlement_type": "Village", "ward_code": "W026", "ward_name": "Kungomi", "lga_name": "Katsuma", "target_population_under5": 156.0 }, "geometry": { "type": "Point", "coordinates": [ 7.691609, 11.518098 ] } },
{ "type": "Feature", "properties": { "id": "S01738", "title": "Irrani", "settlement_type": "Village", "ward_code": "W026", "ward_name": "Kungomi", "lga_name": "Katsuma", "target_population_under5": 96.0 }, "geometry": { "type": "Point", "coordinates": [ 7.756198, 11.394948 ] } },
{ "type": "Feature", "properties": { "id": "S01707", "title": "Jibasa", "settlement_type": "Hamlet", "ward_code": "W026", "ward_name": "Kungomi", "lga_name": "Katsuma", "target_population_under5": 17.0 }, "geometry": { "type": "Point", "coordinates": [ 7.755439, 11.535351 ] } },
{ "type": "Feature", "properties": { "id": "S01754", "title": "Jikoshi", "settlement_type": "Settlement", "ward_code": "W026", "ward_name": "Kungomi", "lga_name": "Katsuma", "target_population_under5": 30.0 }, "geometry": { "type": "Point", "coordinates": [ 7.736291, 11.535166 ] } },
{ "type": "Feature", "properties": { "id": "S01729", "title": "Jiriwa", "settlement_type": "Village", "ward_code": "W026", "ward_name": "Kungomi", "lga_name": "Katsuma", "target_population_under5": 52.0 }, "geometry": { "type": "Point", "coordinates": [ 7.749553, 11.415722 ] } },
{ "type": "Feature", "properties": { "id": "S01715", "title": "Jitsiri", "settlement_type": "Urban block", "ward_code": "W026", "ward_name": "Kungomi", "lga_name": "Katsuma", "target_population_under5": 184.0 }, "geometry": { "type": "Point", "coordinates": [ 7.749957, 11.411481 ] } },
{ "type": "Feature", "properties": { "id": "S01753", "title": "Kabewa", "settlement_type": "Village", "ward_code": "W026", "ward_name": "Kungomi", "lga_name": "Katsuma", "target_population_under5": 18.0 }, "geometry": { "type": "Point", "coordinates": [ 7.734186, 11.52234 ] } },
{ "type": "Feature", "properties": { "id": "S01750", "title": "Kalari", "settlement_type": "Hamlet", "ward_code": "W026", "ward_name": "Kungomi", "lga_name": "Katsuma", "target_population_under5": 28.0 }, "geometry": { "type": "Point", "coordinates": [ 7.773844, 11.400446 ] } },
{ "type": "Feature", "properties": { "id": "S01731", "title": "Kurama", "settlement_type": "Village", "ward_code": "W026", "ward_name": "Kungomi", "lga_name": "Katsuma", "target_population_under5": 40.0 }, "geometry": { "type": "Point", "coordinates": [ 7.732093, 11.379446 ] } },
{ "type": "Feature", "properties": { "id": "S01721", "title": "Longota", "settlement_type": "Village", "ward_code": "W026", "ward_name": "Kungomi", "lga_name": "Katsuma", "target_population_under5": 81.0 }, "geometry": { "type": "Point", "coordinates": [ 7.737998, 11.532159 ] } },
{ "type": "Feature", "properties": { "id": "S01726", "title": "Manama", "settlement_type": "Village", "ward_code": "W026", "ward_name": "Kungomi", "lga_name": "Katsuma", "target_population_under5": 20.0 }, "geometry": { "type": "Point", "coordinates": [ 7.718467, 11.534386 ] } },
{ "type": "Feature", "properties": { "id": "S01733", "title": "Olzadu-Kofar", "settlement_type": "Village", "ward_code": "W026", "ward_name": "Kungomi", "lga_name": "Katsuma", "target_population_under5": 78.0 }, "geometry": { "type": "Point", "coordinates": [ 7.777525, 11.409366 ] } },
{ "type": "Feature", "properties": { "id": "S01739", "title": "Olzawa", "settlement_type": "Settlement", "ward_code": "W026", "ward_name": "Kungomi", "lga_name": "Katsuma", "target_population_under5": 39.0 }, "geometry": { "type": "Point", "coordinates": [ 7.757164, 11.437726 ] } },
{ "type": "Feature", "properties": { "id": "S01725", "title": "Risale", "settlement_type": "Hamlet", "ward_code": "W026", "ward_name": "Kungomi", "lga_name": "Katsuma", "target_population_under5": 27.0 }, "geometry": { "type": "Point", "coordinates": [ 7.732746, 11.398115 ] } },
{ "type": "Feature", "properties": { "id": "S01718", "title": "Saberi", "settlement_type": "Village", "ward_code": "W026", "ward_name": "Kungomi", "lga_name": "Katsuma", "target_population_under5": 80.0 }, "geometry": { "type": "Point", "coordinates": [ 7.699546, 11.350616 ] } },
{ "type": "Feature", "properties": { "id": "S01749", "title": "Sajiri", "settlement_type": "Hamlet", "ward_code": "W026", "ward_name": "Kungomi", "lga_name": "Katsuma", "target_population_under5": 47.0 }, "geometry": { "type": "Point", "coordinates": [ 7.773115, 11.40963 ] } },
{ "type": "Feature", "properties": { "id": "S01746", "title": "Suriwo", "settlement_type": "Hamlet", "ward_code": "W026", "ward_name": "Kungomi", "lga_name": "Katsuma", "target_population_under5": 53.0 }, "geometry": { "type": "Point", "coordinates": [ 7.738605, 11.42904 ] } },
{ "type": "Feature", "properties": { "id": "S01742", "title": "Sutisa", "settlement_type": "Village", "ward_code": "W026", "ward_name": "Kungomi", "lga_name": "Katsuma", "target_population_under5": 16.0 }, "geometry": { "type": "Point", "coordinates": [ 7.713533, 11.547383 ] } },
{ "type": "Feature", "properties": { "id": "S01710", "title": "Tasawo", "settlement_type": "Village", "ward_code": "W026", "ward_name": "Kungomi", "lga_name": "Katsuma", "target_population_under5": 118.0 }, "geometry": { "type": "Point", "coordinates": [ 7.767532, 11.558459 ] } },
{ "type": "Feature", "properties": { "id": "S01720", "title": "Tawatu", "settlement_type": "Settlement", "ward_code": "W026", "ward_name": "Kungomi", "lga_name": "Katsuma", "target_population_under5": 11.0 }, "geometry": { "type": "Point", "coordinates": [ 7.69786, 11.503436 ] } },
{ "type": "Feature", "properties": { "id": "S01740", "title": "Uzkori", "settlement_type": "Hamlet", "ward_code": "W026", "ward_name": "Kungomi", "lga_name": "Katsuma", "target_population_under5": 22.0 }, "geometry": { "type": "Point", "coordinates": [ 7.737649, 11.380464 ] } },
{ "type": "Feature", "properties": { "id": "S01719", "title": "Uzwafa", "settlement_type": "Hamlet", "ward_code": "W026", "ward_name": "Kungomi", "lga_name": "Katsuma", "target_population_under5": 12.0 }, "geometry": { "type": "Point", "coordinates": [ 7.750435, 11.546149 ] } },
{ "type": "Feature", "properties": { "id": "S01716", "title": "Wadeyi", "settlement_type": "Village", "ward_code": "W026", "ward_name": "Kungomi", "lga_name": "Katsuma", "target_population_under5": 84.0 }, "geometry": { "type": "Point", "coordinates": [ 7.773778, 11.420091 ] } },
{ "type": "Feature", "properties": { "id": "S01712", "title": "Wajile", "settlement_type": "Village", "ward_code": "W026", "ward_name": "Kungomi", "lga_name": "Katsuma", "target_population_under5": 76.0 }, "geometry": { "type": "Point", "coordinates": [ 7.750473, 11.536484 ] } },
{ "type": "Feature", "properties": { "id": "S01722", "title": "Wawana", "settlement_type": "Hamlet", "ward_code": "W026", "ward_name": "Kungomi", "lga_name": "Katsuma", "target_population_under5": 52.0 }, "geometry": { "type": "Point", "coordinates": [ 7.766914, 11.456903 ] } },
{ "type": "Feature", "properties": { "id": "S01734", "title": "Yemafa", "settlement_type": "Village", "ward_code": "W026", "ward_name": "Kungomi", "lga_name": "Katsuma", "target_population_under5": 60.0 }, "geometry": { "type": "Point", "coordinates": [ 7.745043, 11.518453 ] } },
{ "type": "Feature", "properties": { "id": "S01752", "title": "Yengoko", "settlement_type": "Hamlet", "ward_code": "W026", "ward_name": "Kungomi", "lga_name": "Katsuma", "target_population_under5": 29.0 }, "geometry": { "type": "Point", "coordinates": [ 7.76576, 11.423556 ] } },
{ "type": "Feature", "properties": { "id": "S02359", "title": "Adshade-Sabo", "settlement_type": "Village", "ward_code": "W037", "ward_name": "Longoma", "lga_name": "Katsuma", "target_population_under5": 85.0 }, "geometry": { "type": "Point", "coordinates": [ 8.214324, 11.503142 ] } },
{ "type": "Feature", "properties": { "id": "S02337", "title": "Adzawo", "settlement_type": "Village", "ward_code": "W037", "ward_name": "Longoma", "lga_name": "Katsuma", "target_population_under5": 86.0 }, "geometry": { "type": "Point", "coordinates": [ 8.212604, 11.558209 ] } },
{ "type": "Feature", "properties": { "id": "S02336", "title": "Agnade", "settlement_type": "Village", "ward_code": "W037", "ward_name": "Longoma", "lga_name": "Katsuma", "target_population_under5": 31.0 }, "geometry": { "type": "Point", "coordinates": [ 8.20739, 11.554223 ] } },
{ "type": "Feature", "properties": { "id": "S02324", "title": "Agtsimi-Kudu", "settlement_type": "Village", "ward_code": "W037", "ward_name": "Longoma", "lga_name": "Katsuma", "target_population_under5": 74.0 }, "geometry": { "type": "Point", "coordinates": [ 8.190454, 11.541879 ] } },
{ "type": "Feature", "properties": { "id": "S02356", "title": "Birawo", "settlement_type": "Village", "ward_code": "W037", "ward_name": "Longoma", "lga_name": "Katsuma", "target_population_under5": 82.0 }, "geometry": { "type": "Point", "coordinates": [ 8.168868, 11.534381 ] } },
{ "type": "Feature", "properties": { "id": "S02329", "title": "Bishasa", "settlement_type": "Village", "ward_code": "W037", "ward_name": "Longoma", "lga_name": "Katsuma", "target_population_under5": 72.0 }, "geometry": { "type": "Point", "coordinates": [ 8.179227, 11.54387 ] } },
{ "type": "Feature", "properties": { "id": "S02327", "title": "Bizade-Kofar", "settlement_type": "Village", "ward_code": "W037", "ward_name": "Longoma", "lga_name": "Katsuma", "target_population_under5": 63.0 }, "geometry": { "type": "Point", "coordinates": [ 8.231132, 11.469893 ] } },
{ "type": "Feature", "properties": { "id": "S02361", "title": "Bizaru", "settlement_type": "Hamlet", "ward_code": "W037", "ward_name": "Longoma", "lga_name": "Katsuma", "target_population_under5": 19.0 }, "geometry": { "type": "Point", "coordinates": [ 8.22804, 11.557902 ] } },
{ "type": "Feature", "properties": { "id": "S02350", "title": "Dazari", "settlement_type": "Settlement", "ward_code": "W037", "ward_name": "Longoma", "lga_name": "Katsuma", "target_population_under5": 21.0 }, "geometry": { "type": "Point", "coordinates": [ 8.201757, 11.515577 ] } },
{ "type": "Feature", "properties": { "id": "S02353", "title": "Dozari-Sabo", "settlement_type": "Urban block", "ward_code": "W037", "ward_name": "Longoma", "lga_name": "Katsuma", "target_population_under5": 390.0 }, "geometry": { "type": "Point", "coordinates": [ 8.195154, 11.507037 ] } },
{ "type": "Feature", "properties": { "id": "S02345", "title": "Ekraba", "settlement_type": "Settlement", "ward_code": "W037", "ward_name": "Longoma", "lga_name": "Katsuma", "target_population_under5": 73.0 }, "geometry": { "type": "Point", "coordinates": [ 8.23884, 11.485135 ] } },
{ "type": "Feature", "properties": { "id": "S02318", "title": "Ekzaba", "settlement_type": "Hamlet", "ward_code": "W037", "ward_name": "Longoma", "lga_name": "Katsuma", "target_population_under5": 32.0 }, "geometry": { "type": "Point", "coordinates": [ 8.23336, 11.554803 ] } },
{ "type": "Feature", "properties": { "id": "S02326", "title": "Faraja", "settlement_type": "Hamlet", "ward_code": "W037", "ward_name": "Longoma", "lga_name": "Katsuma", "target_population_under5": 17.0 }, "geometry": { "type": "Point", "coordinates": [ 8.2028, 11.547187 ] } },
{ "type": "Feature", "properties": { "id": "S02319", "title": "Gutiri", "settlement_type": "Village", "ward_code": "W037", "ward_name": "Longoma", "lga_name": "Katsuma", "target_population_under5": 61.0 }, "geometry": { "type": "Point", "coordinates": [ 8.226762, 11.537639 ] } },
{ "type": "Feature", "properties": { "id": "S02323", "title": "Gutsifa", "settlement_type": "Village", "ward_code": "W037", "ward_name": "Longoma", "lga_name": "Katsuma", "target_population_under5": 29.0 }, "geometry": { "type": "Point", "coordinates": [ 8.184308, 11.526681 ] } },
{ "type": "Feature", "properties": { "id": "S02354", "title": "Hakoyi", "settlement_type": "Village", "ward_code": "W037", "ward_name": "Longoma", "lga_name": "Katsuma", "target_population_under5": 27.0 }, "geometry": { "type": "Point", "coordinates": [ 8.207828, 11.532151 ] } },
{ "type": "Feature", "properties": { "id": "S02358", "title": "Hangoru", "settlement_type": "Hamlet", "ward_code": "W037", "ward_name": "Longoma", "lga_name": "Katsuma", "target_population_under5": 25.0 }, "geometry": { "type": "Point", "coordinates": [ 8.214155, 11.548091 ] } },
{ "type": "Feature", "properties": { "id": "S02344", "title": "Hatifa", "settlement_type": "Settlement", "ward_code": "W037", "ward_name": "Longoma", "lga_name": "Katsuma", "target_population_under5": 8.0 }, "geometry": { "type": "Point", "coordinates": [ 8.218461, 11.545366 ] } },
{ "type": "Feature", "properties": { "id": "S02330", "title": "Ibderu", "settlement_type": "Village", "ward_code": "W037", "ward_name": "Longoma", "lga_name": "Katsuma", "target_population_under5": 54.0 }, "geometry": { "type": "Point", "coordinates": [ 8.184097, 11.533524 ] } },
{ "type": "Feature", "properties": { "id": "S02333", "title": "Irzata", "settlement_type": "Village", "ward_code": "W037", "ward_name": "Longoma", "lga_name": "Katsuma", "target_population_under5": 87.0 }, "geometry": { "type": "Point", "coordinates": [ 8.185887, 11.505552 ] } },
{ "type": "Feature", "properties": { "id": "S02338", "title": "Jijiba", "settlement_type": "Village", "ward_code": "W037", "ward_name": "Longoma", "lga_name": "Katsuma", "target_population_under5": 56.0 }, "geometry": { "type": "Point", "coordinates": [ 8.18591, 11.519999 ] } },
{ "type": "Feature", "properties": { "id": "S02316", "title": "Jishawa", "settlement_type": "Village", "ward_code": "W037", "ward_name": "Longoma", "lga_name": "Katsuma", "target_population_under5": 127.0 }, "geometry": { "type": "Point", "coordinates": [ 8.235492, 11.517535 ] } },
{ "type": "Feature", "properties": { "id": "S02360", "title": "Kademi", "settlement_type": "Settlement", "ward_code": "W037", "ward_name": "Longoma", "lga_name": "Katsuma", "target_population_under5": 36.0 }, "geometry": { "type": "Point", "coordinates": [ 8.196104, 11.520691 ] } },
{ "type": "Feature", "properties": { "id": "S02325", "title": "Kadule", "settlement_type": "Village", "ward_code": "W037", "ward_name": "Longoma", "lga_name": "Katsuma", "target_population_under5": 73.0 }, "geometry": { "type": "Point", "coordinates": [ 8.215632, 11.572282 ] } },
{ "type": "Feature", "properties": { "id": "S02351", "title": "Kakowa", "settlement_type": "Hamlet", "ward_code": "W037", "ward_name": "Longoma", "lga_name": "Katsuma", "target_population_under5": 18.0 }, "geometry": { "type": "Point", "coordinates": [ 8.204792, 11.560617 ] } },
{ "type": "Feature", "properties": { "id": "S02355", "title": "Kamaba-Arewa", "settlement_type": "Village", "ward_code": "W037", "ward_name": "Longoma", "lga_name": "Katsuma", "target_population_under5": 64.0 }, "geometry": { "type": "Point", "coordinates": [ 8.188456, 11.542163 ] } },
{ "type": "Feature", "properties": { "id": "S02320", "title": "Kutina", "settlement_type": "Village", "ward_code": "W037", "ward_name": "Longoma", "lga_name": "Katsuma", "target_population_under5": 40.0 }, "geometry": { "type": "Point", "coordinates": [ 8.205577, 11.511003 ] } },
{ "type": "Feature", "properties": { "id": "S02332", "title": "Kuyowo-Yamma", "settlement_type": "Village", "ward_code": "W037", "ward_name": "Longoma", "lga_name": "Katsuma", "target_population_under5": 20.0 }, "geometry": { "type": "Point", "coordinates": [ 8.240808, 11.46599 ] } },
{ "type": "Feature", "properties": { "id": "S02328", "title": "Lodeja-Tsakiya", "settlement_type": "Village", "ward_code": "W037", "ward_name": "Longoma", "lga_name": "Katsuma", "target_population_under5": 119.0 }, "geometry": { "type": "Point", "coordinates": [ 8.238937, 11.547094 ] } },
{ "type": "Feature", "properties": { "id": "S02340", "title": "Lotsishi", "settlement_type": "Village", "ward_code": "W037", "ward_name": "Longoma", "lga_name": "Katsuma", "target_population_under5": 23.0 }, "geometry": { "type": "Point", "coordinates": [ 8.216782, 11.455742 ] } },
{ "type": "Feature", "properties": { "id": "S02346", "title": "Matidu", "settlement_type": "Hamlet", "ward_code": "W037", "ward_name": "Longoma", "lga_name": "Katsuma", "target_population_under5": 6.0 }, "geometry": { "type": "Point", "coordinates": [ 8.210729, 11.541953 ] } },
{ "type": "Feature", "properties": { "id": "S02315", "title": "Nulama-Kofar", "settlement_type": "Village", "ward_code": "W037", "ward_name": "Longoma", "lga_name": "Katsuma", "target_population_under5": 23.0 }, "geometry": { "type": "Point", "coordinates": [ 8.204029, 11.57011 ] } },
{ "type": "Feature", "properties": { "id": "S02349", "title": "Nunani-Kudu", "settlement_type": "Hamlet", "ward_code": "W037", "ward_name": "Longoma", "lga_name": "Katsuma", "target_population_under5": 62.0 }, "geometry": { "type": "Point", "coordinates": [ 8.208408, 11.565979 ] } },
{ "type": "Feature", "properties": { "id": "S02362", "title": "Nushadu", "settlement_type": "Village", "ward_code": "W037", "ward_name": "Longoma", "lga_name": "Katsuma", "target_population_under5": 16.0 }, "geometry": { "type": "Point", "coordinates": [ 8.177523, 11.528195 ] } },
{ "type": "Feature", "properties": { "id": "S02314", "title": "Nutsifa-Gabas", "settlement_type": "Hamlet", "ward_code": "W037", "ward_name": "Longoma", "lga_name": "Katsuma", "target_population_under5": 26.0 }, "geometry": { "type": "Point", "coordinates": [ 8.240758, 11.462606 ] } },
{ "type": "Feature", "properties": { "id": "S02334", "title": "Oktsiba", "settlement_type": "Village", "ward_code": "W037", "ward_name": "Longoma", "lga_name": "Katsuma", "target_population_under5": 33.0 }, "geometry": { "type": "Point", "coordinates": [ 8.193938, 11.48862 ] } },
{ "type": "Feature", "properties": { "id": "S02342", "title": "Oktsimi-Gabas", "settlement_type": "Hamlet", "ward_code": "W037", "ward_name": "Longoma", "lga_name": "Katsuma", "target_population_under5": 32.0 }, "geometry": { "type": "Point", "coordinates": [ 8.207621, 11.538552 ] } },
{ "type": "Feature", "properties": { "id": "S02343", "title": "Olbako", "settlement_type": "Hamlet", "ward_code": "W037", "ward_name": "Longoma", "lga_name": "Katsuma", "target_population_under5": 32.0 }, "geometry": { "type": "Point", "coordinates": [ 8.201982, 11.49954 ] } },
{ "type": "Feature", "properties": { "id": "S02313", "title": "Olluru", "settlement_type": "Village", "ward_code": "W037", "ward_name": "Longoma", "lga_name": "Katsuma", "target_population_under5": 98.0 }, "geometry": { "type": "Point", "coordinates": [ 8.223885, 11.565168 ] } },
{ "type": "Feature", "properties": { "id": "S02348", "title": "Sabafa", "settlement_type": "Hamlet", "ward_code": "W037", "ward_name": "Longoma", "lga_name": "Katsuma", "target_population_under5": 6.0 }, "geometry": { "type": "Point", "coordinates": [ 8.193625, 11.545334 ] } },
{ "type": "Feature", "properties": { "id": "S02317", "title": "Sasade-Tsakiya", "settlement_type": "Village", "ward_code": "W037", "ward_name": "Longoma", "lga_name": "Katsuma", "target_population_under5": 42.0 }, "geometry": { "type": "Point", "coordinates": [ 8.214112, 11.509621 ] } },
{ "type": "Feature", "properties": { "id": "S02335", "title": "Suridu", "settlement_type": "Settlement", "ward_code": "W037", "ward_name": "Longoma", "lga_name": "Katsuma", "target_population_under5": 26.0 }, "geometry": { "type": "Point", "coordinates": [ 8.202454, 11.547745 ] } },
{ "type": "Feature", "properties": { "id": "S02322", "title": "Umbede", "settlement_type": "Village", "ward_code": "W037", "ward_name": "Longoma", "lga_name": "Katsuma", "target_population_under5": 32.0 }, "geometry": { "type": "Point", "coordinates": [ 8.212121, 11.565571 ] } },
{ "type": "Feature", "properties": { "id": "S02321", "title": "Umduja-Kofar", "settlement_type": "Village", "ward_code": "W037", "ward_name": "Longoma", "lga_name": "Katsuma", "target_population_under5": 77.0 }, "geometry": { "type": "Point", "coordinates": [ 8.183989, 11.547611 ] } },
{ "type": "Feature", "properties": { "id": "S02339", "title": "Umluyi", "settlement_type": "Hamlet", "ward_code": "W037", "ward_name": "Longoma", "lga_name": "Katsuma", "target_population_under5": 17.0 }, "geometry": { "type": "Point", "coordinates": [ 8.211132, 11.564025 ] } },
{ "type": "Feature", "properties": { "id": "S02357", "title": "Wajiwo", "settlement_type": "Village", "ward_code": "W037", "ward_name": "Longoma", "lga_name": "Katsuma", "target_population_under5": 63.0 }, "geometry": { "type": "Point", "coordinates": [ 8.221043, 11.504265 ] } },
{ "type": "Feature", "properties": { "id": "S02352", "title": "Wangoshi", "settlement_type": "Hamlet", "ward_code": "W037", "ward_name": "Longoma", "lga_name": "Katsuma", "target_population_under5": 20.0 }, "geometry": { "type": "Point", "coordinates": [ 8.182239, 11.56564 ] } },
{ "type": "Feature", "properties": { "id": "S02331", "title": "Warako-Yamma", "settlement_type": "Village", "ward_code": "W037", "ward_name": "Longoma", "lga_name": "Katsuma", "target_population_under5": 90.0 }, "geometry": { "type": "Point", "coordinates": [ 8.179667, 11.517216 ] } },
{ "type": "Feature", "properties": { "id": "S02347", "title": "Washari", "settlement_type": "Village", "ward_code": "W037", "ward_name": "Longoma", "lga_name": "Katsuma", "target_population_under5": 42.0 }, "geometry": { "type": "Point", "coordinates": [ 8.195792, 11.554739 ] } },
{ "type": "Feature", "properties": { "id": "S02341", "title": "Yerana", "settlement_type": "Hamlet", "ward_code": "W037", "ward_name": "Longoma", "lga_name": "Katsuma", "target_population_under5": 27.0 }, "geometry": { "type": "Point", "coordinates": [ 8.188294, 11.530441 ] } },
{ "type": "Feature", "properties": { "id": "S02396", "title": "Adluta", "settlement_type": "Village", "ward_code": "W038", "ward_name": "Sashasa", "lga_name": "Katsuma", "target_population_under5": 118.0 }, "geometry": { "type": "Point", "coordinates": [ 8.257204, 11.393619 ] } },
{ "type": "Feature", "properties": { "id": "S02382", "title": "Adrisa", "settlement_type": "Hamlet", "ward_code": "W038", "ward_name": "Sashasa", "lga_name": "Katsuma", "target_population_under5": 5.0 }, "geometry": { "type": "Point", "coordinates": [ 8.407473, 11.296295 ] } },
{ "type": "Feature", "properties": { "id": "S02383", "title": "Agduyi", "settlement_type": "Village", "ward_code": "W038", "ward_name": "Sashasa", "lga_name": "Katsuma", "target_population_under5": 98.0 }, "geometry": { "type": "Point", "coordinates": [ 8.32117, 11.430327 ] } },
{ "type": "Feature", "properties": { "id": "S02403", "title": "Agjima-Kudu", "settlement_type": "Hamlet", "ward_code": "W038", "ward_name": "Sashasa", "lga_name": "Katsuma", "target_population_under5": 16.0 }, "geometry": { "type": "Point", "coordinates": [ 8.35928, 11.405042 ] } },
{ "type": "Feature", "properties": { "id": "S02365", "title": "Barifa", "settlement_type": "Hamlet", "ward_code": "W038", "ward_name": "Sashasa", "lga_name": "Katsuma", "target_population_under5": 11.0 }, "geometry": { "type": "Point", "coordinates": [ 8.300093, 11.431789 ] } },
{ "type": "Feature", "properties": { "id": "S02377", "title": "Bisawa", "settlement_type": "Village", "ward_code": "W038", "ward_name": "Sashasa", "lga_name": "Katsuma", "target_population_under5": 84.0 }, "geometry": { "type": "Point", "coordinates": [ 8.337673, 11.437859 ] } },
{ "type": "Feature", "properties": { "id": "S02370", "title": "Bizari", "settlement_type": "Village", "ward_code": "W038", "ward_name": "Sashasa", "lga_name": "Katsuma", "target_population_under5": 79.0 }, "geometry": { "type": "Point", "coordinates": [ 8.246692, 11.405789 ] } },
{ "type": "Feature", "properties": { "id": "S02397", "title": "Dalani-Gabas", "settlement_type": "Settlement", "ward_code": "W038", "ward_name": "Sashasa", "lga_name": "Katsuma", "target_population_under5": 26.0 }, "geometry": { "type": "Point", "coordinates": [ 8.323817, 11.418444 ] } },
{ "type": "Feature", "properties": { "id": "S02385", "title": "Dashatu", "settlement_type": "Village", "ward_code": "W038", "ward_name": "Sashasa", "lga_name": "Katsuma", "target_population_under5": 39.0 }, "geometry": { "type": "Point", "coordinates": [ 8.418025, 11.261514 ] } },
{ "type": "Feature", "properties": { "id": "S02394", "title": "Domama", "settlement_type": "Settlement", "ward_code": "W038", "ward_name": "Sashasa", "lga_name": "Katsuma", "target_population_under5": 36.0 }, "geometry": { "type": "Point", "coordinates": [ 8.319983, 11.438274 ] } },
{ "type": "Feature", "properties": { "id": "S02418", "title": "Ektiyi", "settlement_type": "Hamlet", "ward_code": "W038", "ward_name": "Sashasa", "lga_name": "Katsuma", "target_population_under5": 15.0 }, "geometry": { "type": "Point", "coordinates": [ 8.275016, 11.313425 ] } },
{ "type": "Feature", "properties": { "id": "S02371", "title": "Enduyi", "settlement_type": "Village", "ward_code": "W038", "ward_name": "Sashasa", "lga_name": "Katsuma", "target_population_under5": 52.0 }, "geometry": { "type": "Point", "coordinates": [ 8.318824, 11.406503 ] } },
{ "type": "Feature", "properties": { "id": "S02412", "title": "Fanale", "settlement_type": "Village", "ward_code": "W038", "ward_name": "Sashasa", "lga_name": "Katsuma", "target_population_under5": 3.0 }, "geometry": { "type": "Point", "coordinates": [ 8.354472, 11.397394 ] } },
{ "type": "Feature", "properties": { "id": "S02375", "title": "Farayi", "settlement_type": "Settlement", "ward_code": "W038", "ward_name": "Sashasa", "lga_name": "Katsuma", "target_population_under5": 91.0 }, "geometry": { "type": "Point", "coordinates": [ 8.335275, 11.300854 ] } },
{ "type": "Feature", "properties": { "id": "S02404", "title": "Fawashi", "settlement_type": "Village", "ward_code": "W038", "ward_name": "Sashasa", "lga_name": "Katsuma", "target_population_under5": 49.0 }, "geometry": { "type": "Point", "coordinates": [ 8.29263, 11.254938 ] } },
{ "type": "Feature", "properties": { "id": "S02378", "title": "Habeshi", "settlement_type": "Village", "ward_code": "W038", "ward_name": "Sashasa", "lga_name": "Katsuma", "target_population_under5": 160.0 }, "geometry": { "type": "Point", "coordinates": [ 8.417047, 11.337818 ] } },
{ "type": "Feature", "properties": { "id": "S02400", "title": "Haduri", "settlement_type": "Village", "ward_code": "W038", "ward_name": "Sashasa", "lga_name": "Katsuma", "target_population_under5": 97.0 }, "geometry": { "type": "Point", "coordinates": [ 8.264764, 11.413526 ] } },
{ "type": "Feature", "properties": { "id": "S02380", "title": "Hangowo", "settlement_type": "Village", "ward_code": "W038", "ward_name": "Sashasa", "lga_name": "Katsuma", "target_population_under5": 37.0 }, "geometry": { "type": "Point", "coordinates": [ 8.345764, 11.410175 ] } },
{ "type": "Feature", "properties": { "id": "S02398", "title": "Hazawa", "settlement_type": "Hamlet", "ward_code": "W038", "ward_name": "Sashasa", "lga_name": "Katsuma", "target_population_under5": 11.0 }, "geometry": { "type": "Point", "coordinates": [ 8.306316, 11.422046 ] } },
{ "type": "Feature", "properties": { "id": "S02422", "title": "Ibjifa", "settlement_type": "Urban block", "ward_code": "W038", "ward_name": "Sashasa", "lga_name": "Katsuma", "target_population_under5": 102.0 }, "geometry": { "type": "Point", "coordinates": [ 8.329334, 11.449854 ] } },
{ "type": "Feature", "properties": { "id": "S02363", "title": "Ibmafa", "settlement_type": "Village", "ward_code": "W038", "ward_name": "Sashasa", "lga_name": "Katsuma", "target_population_under5": 52.0 }, "geometry": { "type": "Point", "coordinates": [ 8.345527, 11.400558 ] } },
{ "type": "Feature", "properties": { "id": "S02399", "title": "Ibshata-Kudu", "settlement_type": "Settlement", "ward_code": "W038", "ward_name": "Sashasa", "lga_name": "Katsuma", "target_population_under5": 34.0 }, "geometry": { "type": "Point", "coordinates": [ 8.331516, 11.414917 ] } },
{ "type": "Feature", "properties": { "id": "S02374", "title": "Irriwo", "settlement_type": "Village", "ward_code": "W038", "ward_name": "Sashasa", "lga_name": "Katsuma", "target_population_under5": 36.0 }, "geometry": { "type": "Point", "coordinates": [ 8.410593, 11.293085 ] } },
{ "type": "Feature", "properties": { "id": "S02413", "title": "Jidede", "settlement_type": "Village", "ward_code": "W038", "ward_name": "Sashasa", "lga_name": "Katsuma", "target_population_under5": 30.0 }, "geometry": { "type": "Point", "coordinates": [ 8.360602, 11.386577 ] } },
{ "type": "Feature", "properties": { "id": "S02415", "title": "Jikoja-Tudun", "settlement_type": "Hamlet", "ward_code": "W038", "ward_name": "Sashasa", "lga_name": "Katsuma", "target_population_under5": 8.0 }, "geometry": { "type": "Point", "coordinates": [ 8.367801, 11.427583 ] } },
{ "type": "Feature", "properties": { "id": "S02388", "title": "Jitsija", "settlement_type": "Hamlet", "ward_code": "W038", "ward_name": "Sashasa", "lga_name": "Katsuma", "target_population_under5": 19.0 }, "geometry": { "type": "Point", "coordinates": [ 8.318298, 11.43657 ] } },
{ "type": "Feature", "properties": { "id": "S02406", "title": "Kabako-Sabo", "settlement_type": "Settlement", "ward_code": "W038", "ward_name": "Sashasa", "lga_name": "Katsuma", "target_population_under5": 25.0 }, "geometry": { "type": "Point", "coordinates": [ 8.32512, 11.398499 ] } },
{ "type": "Feature", "properties": { "id": "S02410", "title": "Makofa", "settlement_type": "Village", "ward_code": "W038", "ward_name": "Sashasa", "lga_name": "Katsuma", "target_population_under5": 23.0 }, "geometry": { "type": "Point", "coordinates": [ 8.411299, 11.277595 ] } },
{ "type": "Feature", "properties": { "id": "S02402", "title": "Mangodu", "settlement_type": "Settlement", "ward_code": "W038", "ward_name": "Sashasa", "lga_name": "Katsuma", "target_population_under5": 12.0 }, "geometry": { "type": "Point", "coordinates": [ 8.405262, 11.319682 ] } },
{ "type": "Feature", "properties": { "id": "S02369", "title": "Mayona", "settlement_type": "Settlement", "ward_code": "W038", "ward_name": "Sashasa", "lga_name": "Katsuma", "target_population_under5": 30.0 }, "geometry": { "type": "Point", "coordinates": [ 8.348438, 11.427285 ] } },
{ "type": "Feature", "properties": { "id": "S02419", "title": "Mazako", "settlement_type": "Village", "ward_code": "W038", "ward_name": "Sashasa", "lga_name": "Katsuma", "target_population_under5": 58.0 }, "geometry": { "type": "Point", "coordinates": [ 8.356814, 11.387772 ] } },
{ "type": "Feature", "properties": { "id": "S02414", "title": "Nuberu-Yamma", "settlement_type": "Urban block", "ward_code": "W038", "ward_name": "Sashasa", "lga_name": "Katsuma", "target_population_under5": 78.0 }, "geometry": { "type": "Point", "coordinates": [ 8.259391, 11.40591 ] } },
{ "type": "Feature", "properties": { "id": "S02390", "title": "Nulatu", "settlement_type": "Village", "ward_code": "W038", "ward_name": "Sashasa", "lga_name": "Katsuma", "target_population_under5": 11.0 }, "geometry": { "type": "Point", "coordinates": [ 8.24768, 11.40266 ] } },
{ "type": "Feature", "properties": { "id": "S02408", "title": "Nurishi", "settlement_type": "Village", "ward_code": "W038", "ward_name": "Sashasa", "lga_name": "Katsuma", "target_population_under5": 85.0 }, "geometry": { "type": "Point", "coordinates": [ 8.393486, 11.293582 ] } },
{ "type": "Feature", "properties": { "id": "S02420", "title": "Oldetu", "settlement_type": "Village", "ward_code": "W038", "ward_name": "Sashasa", "lga_name": "Katsuma", "target_population_under5": 34.0 }, "geometry": { "type": "Point", "coordinates": [ 8.409953, 11.31061 ] } },
{ "type": "Feature", "properties": { "id": "S02392", "title": "Olsadu", "settlement_type": "Village", "ward_code": "W038", "ward_name": "Sashasa", "lga_name": "Katsuma", "target_population_under5": 35.0 }, "geometry": { "type": "Point", "coordinates": [ 8.278418, 11.40136 ] } },
{ "type": "Feature", "properties": { "id": "S02409", "title": "Rirawo", "settlement_type": "Urban block", "ward_code": "W038", "ward_name": "Sashasa", "lga_name": "Katsuma", "target_population_under5": 160.0 }, "geometry": { "type": "Point", "coordinates": [ 8.340779, 11.415079 ] } },
{ "type": "Feature", "properties": { "id": "S02417", "title": "Ritsiru", "settlement_type": "Village", "ward_code": "W038", "ward_name": "Sashasa", "lga_name": "Katsuma", "target_population_under5": 175.0 }, "geometry": { "type": "Point", "coordinates": [ 8.347124, 11.442369 ] } },
{ "type": "Feature", "properties": { "id": "S02411", "title": "Riyoja", "settlement_type": "Village", "ward_code": "W038", "ward_name": "Sashasa", "lga_name": "Katsuma", "target_population_under5": 153.0 }, "geometry": { "type": "Point", "coordinates": [ 8.350738, 11.401157 ] } },
{ "type": "Feature", "properties": { "id": "S02405", "title": "Sanawo", "settlement_type": "Village", "ward_code": "W038", "ward_name": "Sashasa", "lga_name": "Katsuma", "target_population_under5": 74.0 }, "geometry": { "type": "Point", "coordinates": [ 8.34162, 11.427553 ] } },
{ "type": "Feature", "properties": { "id": "S02421", "title": "Sawatu", "settlement_type": "Settlement", "ward_code": "W038", "ward_name": "Sashasa", "lga_name": "Katsuma", "target_population_under5": 25.0 }, "geometry": { "type": "Point", "coordinates": [ 8.308897, 11.405895 ] } },
{ "type": "Feature", "properties": { "id": "S02379", "title": "Sushatu-Arewa", "settlement_type": "Hamlet", "ward_code": "W038", "ward_name": "Sashasa", "lga_name": "Katsuma", "target_population_under5": 16.0 }, "geometry": { "type": "Point", "coordinates": [ 8.272114, 11.42345 ] } },
{ "type": "Feature", "properties": { "id": "S02376", "title": "Sutile", "settlement_type": "Village", "ward_code": "W038", "ward_name": "Sashasa", "lga_name": "Katsuma", "target_population_under5": 90.0 }, "geometry": { "type": "Point", "coordinates": [ 8.365021, 11.423485 ] } },
{ "type": "Feature", "properties": { "id": "S02395", "title": "Tabata", "settlement_type": "Village", "ward_code": "W038", "ward_name": "Sashasa", "lga_name": "Katsuma", "target_population_under5": 113.0 }, "geometry": { "type": "Point", "coordinates": [ 8.383207, 11.399925 ] } },
{ "type": "Feature", "properties": { "id": "S02372", "title": "Umjide", "settlement_type": "Village", "ward_code": "W038", "ward_name": "Sashasa", "lga_name": "Katsuma", "target_population_under5": 34.0 }, "geometry": { "type": "Point", "coordinates": [ 8.235076, 11.403724 ] } },
{ "type": "Feature", "properties": { "id": "S02393", "title": "Umrawo", "settlement_type": "Hamlet", "ward_code": "W038", "ward_name": "Sashasa", "lga_name": "Katsuma", "target_population_under5": 20.0 }, "geometry": { "type": "Point", "coordinates": [ 8.305056, 11.369403 ] } },
{ "type": "Feature", "properties": { "id": "S02384", "title": "Uzbatu", "settlement_type": "Village", "ward_code": "W038", "ward_name": "Sashasa", "lga_name": "Katsuma", "target_population_under5": 96.0 }, "geometry": { "type": "Point", "coordinates": [ 8.428792, 11.288223 ] } },
{ "type": "Feature", "properties": { "id": "S02391", "title": "Uzbeja", "settlement_type": "Village", "ward_code": "W038", "ward_name": "Sashasa", "lga_name": "Katsuma", "target_population_under5": 66.0 }, "geometry": { "type": "Point", "coordinates": [ 8.243845, 11.397904 ] } },
{ "type": "Feature", "properties": { "id": "S02401", "title": "Uzkoshi", "settlement_type": "Village", "ward_code": "W038", "ward_name": "Sashasa", "lga_name": "Katsuma", "target_population_under5": 26.0 }, "geometry": { "type": "Point", "coordinates": [ 8.322425, 11.35036 ] } },
{ "type": "Feature", "properties": { "id": "S02367", "title": "Uzyode", "settlement_type": "Urban block", "ward_code": "W038", "ward_name": "Sashasa", "lga_name": "Katsuma", "target_population_under5": 248.0 }, "geometry": { "type": "Point", "coordinates": [ 8.37749, 11.378918 ] } },
{ "type": "Feature", "properties": { "id": "S02387", "title": "Wamani-Yamma", "settlement_type": "Hamlet", "ward_code": "W038", "ward_name": "Sashasa", "lga_name": "Katsuma", "target_population_under5": 19.0 }, "geometry": { "type": "Point", "coordinates": [ 8.386105, 11.293568 ] } },
{ "type": "Feature", "properties": { "id": "S02381", "title": "Wangowa", "settlement_type": "Settlement", "ward_code": "W038", "ward_name": "Sashasa", "lga_name": "Katsuma", "target_population_under5": 4.0 }, "geometry": { "type": "Point", "coordinates": [ 8.416838, 11.313189 ] } },
{ "type": "Feature", "properties": { "id": "S02389", "title": "Watide", "settlement_type": "Settlement", "ward_code": "W038", "ward_name": "Sashasa", "lga_name": "Katsuma", "target_population_under5": 41.0 }, "geometry": { "type": "Point", "coordinates": [ 8.238541, 11.363782 ] } },
{ "type": "Feature", "properties": { "id": "S02416", "title": "Yedeja", "settlement_type": "Village", "ward_code": "W038", "ward_name": "Sashasa", "lga_name": "Katsuma", "target_population_under5": 143.0 }, "geometry": { "type": "Point", "coordinates": [ 8.256738, 11.40204 ] } },
{ "type": "Feature", "properties": { "id": "S02366", "title": "Yesari", "settlement_type": "Village", "ward_code": "W038", "ward_name": "Sashasa", "lga_name": "Katsuma", "target_population_under5": 97.0 }, "geometry": { "type": "Point", "coordinates": [ 8.315392, 11.42476 ] } },
{ "type": "Feature", "properties": { "id": "S02423", "title": "Yezawa", "settlement_type": "Settlement", "ward_code": "W038", "ward_name": "Sashasa", "lga_name": "Katsuma", "target_population_under5": 60.0 }, "geometry": { "type": "Point", "coordinates": [ 8.254669, 11.385908 ] } },
{ "type": "Feature", "properties": { "id": "S02368", "title": "Zabadu", "settlement_type": "Hamlet", "ward_code": "W038", "ward_name": "Sashasa", "lga_name": "Katsuma", "target_population_under5": 20.0 }, "geometry": { "type": "Point", "coordinates": [ 8.415573, 11.276948 ] } },
{ "type": "Feature", "properties": { "id": "S02373", "title": "Zabashi", "settlement_type": "Urban block", "ward_code": "W038", "ward_name": "Sashasa", "lga_name": "Katsuma", "target_population_under5": 88.0 }, "geometry": { "type": "Point", "coordinates": [ 8.311609, 11.439817 ] } },
{ "type": "Feature", "properties": { "id": "S02407", "title": "Zajishi", "settlement_type": "Hamlet", "ward_code": "W038", "ward_name": "Sashasa", "lga_name": "Katsuma", "target_population_under5": 26.0 }, "geometry": { "type": "Point", "coordinates": [ 8.24514, 11.393834 ] } },
{ "type": "Feature", "properties": { "id": "S02386", "title": "Zakoma", "settlement_type": "Village", "ward_code": "W038", "ward_name": "Sashasa", "lga_name": "Katsuma", "target_population_under5": 39.0 }, "geometry": { "type": "Point", "coordinates": [ 8.334832, 11.407074 ] } },
{ "type": "Feature", "properties": { "id": "S02364", "title": "Zaluna-Arewa", "settlement_type": "Urban block", "ward_code": "W038", "ward_name": "Sashasa", "lga_name": "Katsuma", "target_population_under5": 140.0 }, "geometry": { "type": "Point", "coordinates": [ 8.415099, 11.308987 ] } },
{ "type": "Feature", "properties": { "id": "S02011", "title": "Adluba-Tsakiya", "settlement_type": "Hamlet", "ward_code": "W031", "ward_name": "Satide", "lga_name": "Katsuma", "target_population_under5": 44.0 }, "geometry": { "type": "Point", "coordinates": [ 8.044613, 11.289764 ] } },
{ "type": "Feature", "properties": { "id": "S01993", "title": "Adsharu", "settlement_type": "Urban block", "ward_code": "W031", "ward_name": "Satide", "lga_name": "Katsuma", "target_population_under5": 305.0 }, "geometry": { "type": "Point", "coordinates": [ 7.925134, 11.361985 ] } },
{ "type": "Feature", "properties": { "id": "S02012", "title": "Adyodu", "settlement_type": "Hamlet", "ward_code": "W031", "ward_name": "Satide", "lga_name": "Katsuma", "target_population_under5": 24.0 }, "geometry": { "type": "Point", "coordinates": [ 7.897130150087383, 11.319106 ] } },
{ "type": "Feature", "properties": { "id": "S01994", "title": "Agbaba", "settlement_type": "Hamlet", "ward_code": "W031", "ward_name": "Satide", "lga_name": "Katsuma", "target_population_under5": 43.0 }, "geometry": { "type": "Point", "coordinates": [ 7.970353, 11.339157 ] } },
{ "type": "Feature", "properties": { "id": "S02032", "title": "Babena", "settlement_type": "Hamlet", "ward_code": "W031", "ward_name": "Satide", "lga_name": "Katsuma", "target_population_under5": 5.0 }, "geometry": { "type": "Point", "coordinates": [ 7.935253, 11.372324 ] } },
{ "type": "Feature", "properties": { "id": "S02001", "title": "Batsitu-Kudu", "settlement_type": "Village", "ward_code": "W031", "ward_name": "Satide", "lga_name": "Katsuma", "target_population_under5": 45.0 }, "geometry": { "type": "Point", "coordinates": [ 7.940819, 11.360569 ] } },
{ "type": "Feature", "properties": { "id": "S02040", "title": "Bawawo-Kofar", "settlement_type": "Village", "ward_code": "W031", "ward_name": "Satide", "lga_name": "Katsuma", "target_population_under5": 48.0 }, "geometry": { "type": "Point", "coordinates": [ 7.997942, 11.319873 ] } },
{ "type": "Feature", "properties": { "id": "S02034", "title": "Bishari", "settlement_type": "Hamlet", "ward_code": "W031", "ward_name": "Satide", "lga_name": "Katsuma", "target_population_under5": 27.0 }, "geometry": { "type": "Point", "coordinates": [ 8.103631, 11.305884 ] } },
{ "type": "Feature", "properties": { "id": "S02005", "title": "Bitsiba", "settlement_type": "Hamlet", "ward_code": "W031", "ward_name": "Satide", "lga_name": "Katsuma", "target_population_under5": 13.0 }, "geometry": { "type": "Point", "coordinates": [ 7.867084, 11.303606 ] } },
{ "type": "Feature", "properties": { "id": "S01996", "title": "Dararu", "settlement_type": "Village", "ward_code": "W031", "ward_name": "Satide", "lga_name": "Katsuma", "target_population_under5": 40.0 }, "geometry": { "type": "Point", "coordinates": [ 8.081713, 11.32517 ] } },
{ "type": "Feature", "properties": { "id": "S02019", "title": "Dobawo", "settlement_type": "Village", "ward_code": "W031", "ward_name": "Satide", "lga_name": "Katsuma", "target_population_under5": 23.0 }, "geometry": { "type": "Point", "coordinates": [ 8.0174, 11.339927 ] } },
{ "type": "Feature", "properties": { "id": "S02021", "title": "Dongodu", "settlement_type": "Settlement", "ward_code": "W031", "ward_name": "Satide", "lga_name": "Katsuma", "target_population_under5": 97.0 }, "geometry": { "type": "Point", "coordinates": [ 7.941098, 11.371711 ] } },
{ "type": "Feature", "properties": { "id": "S02022", "title": "Dorisa", "settlement_type": "Hamlet", "ward_code": "W031", "ward_name": "Satide", "lga_name": "Katsuma", "target_population_under5": 16.0 }, "geometry": { "type": "Point", "coordinates": [ 7.928939, 11.345928 ] } },
{ "type": "Feature", "properties": { "id": "S02020", "title": "Ekdewa", "settlement_type": "Village", "ward_code": "W031", "ward_name": "Satide", "lga_name": "Katsuma", "target_population_under5": 73.0 }, "geometry": { "type": "Point", "coordinates": [ 8.005271, 11.325464 ] } },
{ "type": "Feature", "properties": { "id": "S02031", "title": "Ekjishi-Sabo", "settlement_type": "Village", "ward_code": "W031", "ward_name": "Satide", "lga_name": "Katsuma", "target_population_under5": 29.0 }, "geometry": { "type": "Point", "coordinates": [ 7.986945, 11.336717 ] } },
{ "type": "Feature", "properties": { "id": "S02007", "title": "Ekngoshi", "settlement_type": "Village", "ward_code": "W031", "ward_name": "Satide", "lga_name": "Katsuma", "target_population_under5": 22.0 }, "geometry": { "type": "Point", "coordinates": [ 7.946645, 11.344479 ] } },
{ "type": "Feature", "properties": { "id": "S02003", "title": "Ekradu", "settlement_type": "Village", "ward_code": "W031", "ward_name": "Satide", "lga_name": "Katsuma", "target_population_under5": 93.0 }, "geometry": { "type": "Point", "coordinates": [ 7.988415, 11.330591 ] } },
{ "type": "Feature", "properties": { "id": "S02044", "title": "Enkota-Kudu", "settlement_type": "Urban block", "ward_code": "W031", "ward_name": "Satide", "lga_name": "Katsuma", "target_population_under5": 179.0 }, "geometry": { "type": "Point", "coordinates": [ 7.998127, 11.333886 ] } },
{ "type": "Feature", "properties": { "id": "S02008", "title": "Enlari", "settlement_type": "Village", "ward_code": "W031", "ward_name": "Satide", "lga_name": "Katsuma", "target_population_under5": 54.0 }, "geometry": { "type": "Point", "coordinates": [ 8.055634, 11.267668 ] } },
{ "type": "Feature", "properties": { "id": "S02028", "title": "Ennami-Sabo", "settlement_type": "Hamlet", "ward_code": "W031", "ward_name": "Satide", "lga_name": "Katsuma", "target_population_under5": 20.0 }, "geometry": { "type": "Point", "coordinates": [ 7.947958, 11.361963 ] } },
{ "type": "Feature", "properties": { "id": "S02016", "title": "Faladu-Yamma", "settlement_type": "Village", "ward_code": "W031", "ward_name": "Satide", "lga_name": "Katsuma", "target_population_under5": 35.0 }, "geometry": { "type": "Point", "coordinates": [ 8.008737, 11.337486 ] } },
{ "type": "Feature", "properties": { "id": "S02004", "title": "Gukoyi", "settlement_type": "Hamlet", "ward_code": "W031", "ward_name": "Satide", "lga_name": "Katsuma", "target_population_under5": 22.0 }, "geometry": { "type": "Point", "coordinates": [ 8.002164, 11.323139 ] } },
{ "type": "Feature", "properties": { "id": "S02046", "title": "Gurami", "settlement_type": "Village", "ward_code": "W031", "ward_name": "Satide", "lga_name": "Katsuma", "target_population_under5": 24.0 }, "geometry": { "type": "Point", "coordinates": [ 8.013759, 11.259834 ] } },
{ "type": "Feature", "properties": { "id": "S01998", "title": "Hadele", "settlement_type": "Hamlet", "ward_code": "W031", "ward_name": "Satide", "lga_name": "Katsuma", "target_population_under5": 16.0 }, "geometry": { "type": "Point", "coordinates": [ 7.943592, 11.389037 ] } },
{ "type": "Feature", "properties": { "id": "S02002", "title": "Hasaru-Kudu", "settlement_type": "Settlement", "ward_code": "W031", "ward_name": "Satide", "lga_name": "Katsuma", "target_population_under5": 69.0 }, "geometry": { "type": "Point", "coordinates": [ 7.918688, 11.361436 ] } },
{ "type": "Feature", "properties": { "id": "S01992", "title": "Ibriwo", "settlement_type": "Village", "ward_code": "W031", "ward_name": "Satide", "lga_name": "Katsuma", "target_population_under5": 130.0 }, "geometry": { "type": "Point", "coordinates": [ 8.070596, 11.272564 ] } },
{ "type": "Feature", "properties": { "id": "S01999", "title": "Irbari", "settlement_type": "Settlement", "ward_code": "W031", "ward_name": "Satide", "lga_name": "Katsuma", "target_population_under5": 16.0 }, "geometry": { "type": "Point", "coordinates": [ 8.011918, 11.330813 ] } },
{ "type": "Feature", "properties": { "id": "S02024", "title": "Irtiru", "settlement_type": "Village", "ward_code": "W031", "ward_name": "Satide", "lga_name": "Katsuma", "target_population_under5": 52.0 }, "geometry": { "type": "Point", "coordinates": [ 7.945221, 11.382799 ] } },
{ "type": "Feature", "properties": { "id": "S02018", "title": "Kabashi", "settlement_type": "Settlement", "ward_code": "W031", "ward_name": "Satide", "lga_name": "Katsuma", "target_population_under5": 50.0 }, "geometry": { "type": "Point", "coordinates": [ 7.901209, 11.342131 ] } },
{ "type": "Feature", "properties": { "id": "S01990", "title": "Kalawa", "settlement_type": "Village", "ward_code": "W031", "ward_name": "Satide", "lga_name": "Katsuma", "target_population_under5": 56.0 }, "geometry": { "type": "Point", "coordinates": [ 7.966094, 11.358732 ] } },
{ "type": "Feature", "properties": { "id": "S02045", "title": "Kubaja", "settlement_type": "Settlement", "ward_code": "W031", "ward_name": "Satide", "lga_name": "Katsuma", "target_population_under5": 76.0 }, "geometry": { "type": "Point", "coordinates": [ 7.98659, 11.33206 ] } },
{ "type": "Feature", "properties": { "id": "S02013", "title": "Kulako-Yamma", "settlement_type": "Village", "ward_code": "W031", "ward_name": "Satide", "lga_name": "Katsuma", "target_population_under5": 55.0 }, "geometry": { "type": "Point", "coordinates": [ 8.052634, 11.256466 ] } },
{ "type": "Feature", "properties": { "id": "S02042", "title": "Lonata-Kudu", "settlement_type": "Village", "ward_code": "W031", "ward_name": "Satide", "lga_name": "Katsuma", "target_population_under5": 60.0 }, "geometry": { "type": "Point", "coordinates": [ 8.083927, 11.359609 ] } },
{ "type": "Feature", "properties": { "id": "S02014", "title": "Mangona-Gabas", "settlement_type": "Village", "ward_code": "W031", "ward_name": "Satide", "lga_name": "Katsuma", "target_population_under5": 12.0 }, "geometry": { "type": "Point", "coordinates": [ 8.054633, 11.279191 ] } },
{ "type": "Feature", "properties": { "id": "S02025", "title": "Masayi", "settlement_type": "Village", "ward_code": "W031", "ward_name": "Satide", "lga_name": "Katsuma", "target_population_under5": 50.0 }, "geometry": { "type": "Point", "coordinates": [ 7.925146, 11.324774 ] } },
{ "type": "Feature", "properties": { "id": "S02010", "title": "Nuluri", "settlement_type": "Village", "ward_code": "W031", "ward_name": "Satide", "lga_name": "Katsuma", "target_population_under5": 30.0 }, "geometry": { "type": "Point", "coordinates": [ 7.986118, 11.359902 ] } },
{ "type": "Feature", "properties": { "id": "S02047", "title": "Nurashi", "settlement_type": "Village", "ward_code": "W031", "ward_name": "Satide", "lga_name": "Katsuma", "target_population_under5": 36.0 }, "geometry": { "type": "Point", "coordinates": [ 7.963053, 11.303488 ] } },
{ "type": "Feature", "properties": { "id": "S02036", "title": "Nurija", "settlement_type": "Village", "ward_code": "W031", "ward_name": "Satide", "lga_name": "Katsuma", "target_population_under5": 15.0 }, "geometry": { "type": "Point", "coordinates": [ 7.919912, 11.340808 ] } },
{ "type": "Feature", "properties": { "id": "S02015", "title": "Oksale", "settlement_type": "Village", "ward_code": "W031", "ward_name": "Satide", "lga_name": "Katsuma", "target_population_under5": 57.0 }, "geometry": { "type": "Point", "coordinates": [ 8.016225, 11.2437 ] } },
{ "type": "Feature", "properties": { "id": "S02035", "title": "Oldeshi", "settlement_type": "Settlement", "ward_code": "W031", "ward_name": "Satide", "lga_name": "Katsuma", "target_population_under5": 17.0 }, "geometry": { "type": "Point", "coordinates": [ 7.925901, 11.362089 ] } },
{ "type": "Feature", "properties": { "id": "S02038", "title": "Ribesa", "settlement_type": "Settlement", "ward_code": "W031", "ward_name": "Satide", "lga_name": "Katsuma", "target_population_under5": 18.0 }, "geometry": { "type": "Point", "coordinates": [ 7.982017, 11.329181 ] } },
{ "type": "Feature", "properties": { "id": "S02029", "title": "Rikosa", "settlement_type": "Hamlet", "ward_code": "W031", "ward_name": "Satide", "lga_name": "Katsuma", "target_population_under5": 8.0 }, "geometry": { "type": "Point", "coordinates": [ 8.080481, 11.273178 ] } },
{ "type": "Feature", "properties": { "id": "S02048", "title": "Sariri", "settlement_type": "Village", "ward_code": "W031", "ward_name": "Satide", "lga_name": "Katsuma", "target_population_under5": 100.0 }, "geometry": { "type": "Point", "coordinates": [ 8.002613, 11.354699 ] } },
{ "type": "Feature", "properties": { "id": "S02017", "title": "Sujide", "settlement_type": "Village", "ward_code": "W031", "ward_name": "Satide", "lga_name": "Katsuma", "target_population_under5": 118.0 }, "geometry": { "type": "Point", "coordinates": [ 7.893140712319378, 11.410192 ] } },
{ "type": "Feature", "properties": { "id": "S02043", "title": "Sujide-Gabas", "settlement_type": "Urban block", "ward_code": "W031", "ward_name": "Satide", "lga_name": "Katsuma", "target_population_under5": 208.0 }, "geometry": { "type": "Point", "coordinates": [ 8.010007, 11.313965 ] } },
{ "type": "Feature", "properties": { "id": "S02041", "title": "Sumama", "settlement_type": "Hamlet", "ward_code": "W031", "ward_name": "Satide", "lga_name": "Katsuma", "target_population_under5": 10.0 }, "geometry": { "type": "Point", "coordinates": [ 7.916648, 11.362866 ] } },
{ "type": "Feature", "properties": { "id": "S02033", "title": "Tashata", "settlement_type": "Village", "ward_code": "W031", "ward_name": "Satide", "lga_name": "Katsuma", "target_population_under5": 74.0 }, "geometry": { "type": "Point", "coordinates": [ 7.909835, 11.337081 ] } },
{ "type": "Feature", "properties": { "id": "S02023", "title": "Umnayi-Kofar", "settlement_type": "Village", "ward_code": "W031", "ward_name": "Satide", "lga_name": "Katsuma", "target_population_under5": 17.0 }, "geometry": { "type": "Point", "coordinates": [ 7.924949, 11.363737 ] } },
{ "type": "Feature", "properties": { "id": "S01995", "title": "Uzraba", "settlement_type": "Village", "ward_code": "W031", "ward_name": "Satide", "lga_name": "Katsuma", "target_population_under5": 46.0 }, "geometry": { "type": "Point", "coordinates": [ 7.980134, 11.332524 ] } },
{ "type": "Feature", "properties": { "id": "S02030", "title": "Uzwawo", "settlement_type": "Village", "ward_code": "W031", "ward_name": "Satide", "lga_name": "Katsuma", "target_population_under5": 48.0 }, "geometry": { "type": "Point", "coordinates": [ 7.945078, 11.36423 ] } },
{ "type": "Feature", "properties": { "id": "S02000", "title": "Wangoyi", "settlement_type": "Hamlet", "ward_code": "W031", "ward_name": "Satide", "lga_name": "Katsuma", "target_population_under5": 14.0 }, "geometry": { "type": "Point", "coordinates": [ 8.041907, 11.271039 ] } },
{ "type": "Feature", "properties": { "id": "S02026", "title": "Wazata", "settlement_type": "Hamlet", "ward_code": "W031", "ward_name": "Satide", "lga_name": "Katsuma", "target_population_under5": 7.0 }, "geometry": { "type": "Point", "coordinates": [ 7.925249, 11.369601 ] } },
{ "type": "Feature", "properties": { "id": "S02009", "title": "Yeladu", "settlement_type": "Hamlet", "ward_code": "W031", "ward_name": "Satide", "lga_name": "Katsuma", "target_population_under5": 16.0 }, "geometry": { "type": "Point", "coordinates": [ 7.938448, 11.318772 ] } },
{ "type": "Feature", "properties": { "id": "S02037", "title": "Yemata", "settlement_type": "Urban block", "ward_code": "W031", "ward_name": "Satide", "lga_name": "Katsuma", "target_population_under5": 131.0 }, "geometry": { "type": "Point", "coordinates": [ 7.977882, 11.41859 ] } },
{ "type": "Feature", "properties": { "id": "S02039", "title": "Yengoni", "settlement_type": "Village", "ward_code": "W031", "ward_name": "Satide", "lga_name": "Katsuma", "target_population_under5": 101.0 }, "geometry": { "type": "Point", "coordinates": [ 7.96801, 11.342782 ] } },
{ "type": "Feature", "properties": { "id": "S01997", "title": "Zademi", "settlement_type": "Hamlet", "ward_code": "W031", "ward_name": "Satide", "lga_name": "Katsuma", "target_population_under5": 26.0 }, "geometry": { "type": "Point", "coordinates": [ 8.053359, 11.27231 ] } },
{ "type": "Feature", "properties": { "id": "S02006", "title": "Zamaja", "settlement_type": "Settlement", "ward_code": "W031", "ward_name": "Satide", "lga_name": "Katsuma", "target_population_under5": 38.0 }, "geometry": { "type": "Point", "coordinates": [ 8.006549, 11.321064 ] } },
{ "type": "Feature", "properties": { "id": "S02027", "title": "Zarisa", "settlement_type": "Hamlet", "ward_code": "W031", "ward_name": "Satide", "lga_name": "Katsuma", "target_population_under5": 29.0 }, "geometry": { "type": "Point", "coordinates": [ 8.074695, 11.280881 ] } },
{ "type": "Feature", "properties": { "id": "S01991", "title": "Zayole-Kofar", "settlement_type": "Hamlet", "ward_code": "W031", "ward_name": "Satide", "lga_name": "Katsuma", "target_population_under5": 30.0 }, "geometry": { "type": "Point", "coordinates": [ 8.036685, 11.246042 ] } },
{ "type": "Feature", "properties": { "id": "S01576", "title": "Adkona", "settlement_type": "Settlement", "ward_code": "W022", "ward_name": "Sudefa", "lga_name": "Katsuma", "target_population_under5": 33.0 }, "geometry": { "type": "Point", "coordinates": [ 7.973358, 11.563654 ] } },
{ "type": "Feature", "properties": { "id": "S01565", "title": "Adlutu", "settlement_type": "Village", "ward_code": "W022", "ward_name": "Sudefa", "lga_name": "Katsuma", "target_population_under5": 133.0 }, "geometry": { "type": "Point", "coordinates": [ 8.004924, 11.491318 ] } },
{ "type": "Feature", "properties": { "id": "S01557", "title": "Bashani", "settlement_type": "Hamlet", "ward_code": "W022", "ward_name": "Sudefa", "lga_name": "Katsuma", "target_population_under5": 29.0 }, "geometry": { "type": "Point", "coordinates": [ 8.099243, 11.419236 ] } },
{ "type": "Feature", "properties": { "id": "S01559", "title": "Bibaru", "settlement_type": "Village", "ward_code": "W022", "ward_name": "Sudefa", "lga_name": "Katsuma", "target_population_under5": 34.0 }, "geometry": { "type": "Point", "coordinates": [ 8.205564, 11.451553 ] } },
{ "type": "Feature", "properties": { "id": "S01582", "title": "Bikoru", "settlement_type": "Village", "ward_code": "W022", "ward_name": "Sudefa", "lga_name": "Katsuma", "target_population_under5": 8.0 }, "geometry": { "type": "Point", "coordinates": [ 8.201373, 11.4232 ] } },
{ "type": "Feature", "properties": { "id": "S01585", "title": "Dazama-Tsakiya", "settlement_type": "Village", "ward_code": "W022", "ward_name": "Sudefa", "lga_name": "Katsuma", "target_population_under5": 91.0 }, "geometry": { "type": "Point", "coordinates": [ 8.064636, 11.549524 ] } },
{ "type": "Feature", "properties": { "id": "S01577", "title": "Dobaru", "settlement_type": "Village", "ward_code": "W022", "ward_name": "Sudefa", "lga_name": "Katsuma", "target_population_under5": 107.0 }, "geometry": { "type": "Point", "coordinates": [ 8.058061, 11.527257 ] } },
{ "type": "Feature", "properties": { "id": "S01570", "title": "Ekrishi", "settlement_type": "Village", "ward_code": "W022", "ward_name": "Sudefa", "lga_name": "Katsuma", "target_population_under5": 11.0 }, "geometry": { "type": "Point", "coordinates": [ 8.185743, 11.45515 ] } },
{ "type": "Feature", "properties": { "id": "S01571", "title": "Enraja", "settlement_type": "Hamlet", "ward_code": "W022", "ward_name": "Sudefa", "lga_name": "Katsuma", "target_population_under5": 14.0 }, "geometry": { "type": "Point", "coordinates": [ 8.199674, 11.441283 ] } },
{ "type": "Feature", "properties": { "id": "S01573", "title": "Habami", "settlement_type": "Hamlet", "ward_code": "W022", "ward_name": "Sudefa", "lga_name": "Katsuma", "target_population_under5": 37.0 }, "geometry": { "type": "Point", "coordinates": [ 8.093876, 11.521774 ] } },
{ "type": "Feature", "properties": { "id": "S01555", "title": "Haradu", "settlement_type": "Village", "ward_code": "W022", "ward_name": "Sudefa", "lga_name": "Katsuma", "target_population_under5": 63.0 }, "geometry": { "type": "Point", "coordinates": [ 8.100793, 11.517119 ] } },
{ "type": "Feature", "properties": { "id": "S01587", "title": "Ibnasa", "settlement_type": "Settlement", "ward_code": "W022", "ward_name": "Sudefa", "lga_name": "Katsuma", "target_population_under5": 49.0 }, "geometry": { "type": "Point", "coordinates": [ 8.169434, 11.432009 ] } },
{ "type": "Feature", "properties": { "id": "S01581", "title": "Irlani-Gabas", "settlement_type": "Village", "ward_code": "W022", "ward_name": "Sudefa", "lga_name": "Katsuma", "target_population_under5": 58.0 }, "geometry": { "type": "Point", "coordinates": [ 8.070282, 11.523141 ] } },
{ "type": "Feature", "properties": { "id": "S01556", "title": "Jikoru", "settlement_type": "Village", "ward_code": "W022", "ward_name": "Sudefa", "lga_name": "Katsuma", "target_population_under5": 87.0 }, "geometry": { "type": "Point", "coordinates": [ 7.996388, 11.573264 ] } },
{ "type": "Feature", "properties": { "id": "S01567", "title": "Jitiko-Kofar", "settlement_type": "Settlement", "ward_code": "W022", "ward_name": "Sudefa", "lga_name": "Katsuma", "target_population_under5": 47.0 }, "geometry": { "type": "Point", "coordinates": [ 7.977374, 11.46788 ] } },
{ "type": "Feature", "properties": { "id": "S01566", "title": "Karimi-Kudu", "settlement_type": "Village", "ward_code": "W022", "ward_name": "Sudefa", "lga_name": "Katsuma", "target_population_under5": 38.0 }, "geometry": { "type": "Point", "coordinates": [ 8.098029, 11.565339 ] } },
{ "type": "Feature", "properties": { "id": "S01563", "title": "Kuluna", "settlement_type": "Village", "ward_code": "W022", "ward_name": "Sudefa", "lga_name": "Katsuma", "target_population_under5": 49.0 }, "geometry": { "type": "Point", "coordinates": [ 8.065922, 11.519368 ] } },
{ "type": "Feature", "properties": { "id": "S01572", "title": "Kungona", "settlement_type": "Village", "ward_code": "W022", "ward_name": "Sudefa", "lga_name": "Katsuma", "target_population_under5": 58.0 }, "geometry": { "type": "Point", "coordinates": [ 8.192607, 11.447992 ] } },
{ "type": "Feature", "properties": { "id": "S01579", "title": "Kuzade-Sabo", "settlement_type": "Village", "ward_code": "W022", "ward_name": "Sudefa", "lga_name": "Katsuma", "target_population_under5": 173.0 }, "geometry": { "type": "Point", "coordinates": [ 8.071933, 11.522148 ] } },
{ "type": "Feature", "properties": { "id": "S01578", "title": "Lomaba", "settlement_type": "Village", "ward_code": "W022", "ward_name": "Sudefa", "lga_name": "Katsuma", "target_population_under5": 41.0 }, "geometry": { "type": "Point", "coordinates": [ 8.148346, 11.387 ] } },
{ "type": "Feature", "properties": { "id": "S01564", "title": "Okngotu", "settlement_type": "Village", "ward_code": "W022", "ward_name": "Sudefa", "lga_name": "Katsuma", "target_population_under5": 124.0 }, "geometry": { "type": "Point", "coordinates": [ 8.058612, 11.437872 ] } },
{ "type": "Feature", "properties": { "id": "S01568", "title": "Oktishi", "settlement_type": "Village", "ward_code": "W022", "ward_name": "Sudefa", "lga_name": "Katsuma", "target_population_under5": 41.0 }, "geometry": { "type": "Point", "coordinates": [ 8.094154, 11.496044 ] } },
{ "type": "Feature", "properties": { "id": "S01562", "title": "Okyoshi", "settlement_type": "Hamlet", "ward_code": "W022", "ward_name": "Sudefa", "lga_name": "Katsuma", "target_population_under5": 19.0 }, "geometry": { "type": "Point", "coordinates": [ 8.201245, 11.429595 ] } },
{ "type": "Feature", "properties": { "id": "S01580", "title": "Ringoni", "settlement_type": "Village", "ward_code": "W022", "ward_name": "Sudefa", "lga_name": "Katsuma", "target_population_under5": 35.0 }, "geometry": { "type": "Point", "coordinates": [ 8.206003, 11.442311 ] } },
{ "type": "Feature", "properties": { "id": "S01584", "title": "Rizana", "settlement_type": "Settlement", "ward_code": "W022", "ward_name": "Sudefa", "lga_name": "Katsuma", "target_population_under5": 56.0 }, "geometry": { "type": "Point", "coordinates": [ 8.184028, 11.431083 ] } },
{ "type": "Feature", "properties": { "id": "S01569", "title": "Saluwo", "settlement_type": "Hamlet", "ward_code": "W022", "ward_name": "Sudefa", "lga_name": "Katsuma", "target_population_under5": 25.0 }, "geometry": { "type": "Point", "coordinates": [ 8.203837, 11.394496 ] } },
{ "type": "Feature", "properties": { "id": "S01560", "title": "Sujiyi-Yamma", "settlement_type": "Village", "ward_code": "W022", "ward_name": "Sudefa", "lga_name": "Katsuma", "target_population_under5": 24.0 }, "geometry": { "type": "Point", "coordinates": [ 8.186490663180097, 11.516674 ] } },
{ "type": "Feature", "properties": { "id": "S01583", "title": "Suwaja", "settlement_type": "Hamlet", "ward_code": "W022", "ward_name": "Sudefa", "lga_name": "Katsuma", "target_population_under5": 15.0 }, "geometry": { "type": "Point", "coordinates": [ 8.072925, 11.510211 ] } },
{ "type": "Feature", "properties": { "id": "S01575", "title": "Tatsiri", "settlement_type": "Hamlet", "ward_code": "W022", "ward_name": "Sudefa", "lga_name": "Katsuma", "target_population_under5": 17.0 }, "geometry": { "type": "Point", "coordinates": [ 8.030918, 11.545354 ] } },
{ "type": "Feature", "properties": { "id": "S01574", "title": "Tawasa", "settlement_type": "Urban block", "ward_code": "W022", "ward_name": "Sudefa", "lga_name": "Katsuma", "target_population_under5": 146.0 }, "geometry": { "type": "Point", "coordinates": [ 8.178306, 11.450793 ] } },
{ "type": "Feature", "properties": { "id": "S01558", "title": "Umshari", "settlement_type": "Hamlet", "ward_code": "W022", "ward_name": "Sudefa", "lga_name": "Katsuma", "target_population_under5": 12.0 }, "geometry": { "type": "Point", "coordinates": [ 8.17524, 11.427496 ] } },
{ "type": "Feature", "properties": { "id": "S01588", "title": "Umtsidu", "settlement_type": "Village", "ward_code": "W022", "ward_name": "Sudefa", "lga_name": "Katsuma", "target_population_under5": 102.0 }, "geometry": { "type": "Point", "coordinates": [ 8.12299, 11.539779 ] } },
{ "type": "Feature", "properties": { "id": "S01561", "title": "Uzjide", "settlement_type": "Settlement", "ward_code": "W022", "ward_name": "Sudefa", "lga_name": "Katsuma", "target_population_under5": 59.0 }, "geometry": { "type": "Point", "coordinates": [ 8.169835, 11.450013 ] } },
{ "type": "Feature", "properties": { "id": "S01589", "title": "Wabami", "settlement_type": "Hamlet", "ward_code": "W022", "ward_name": "Sudefa", "lga_name": "Katsuma", "target_population_under5": 20.0 }, "geometry": { "type": "Point", "coordinates": [ 8.113387, 11.545842 ] } },
{ "type": "Feature", "properties": { "id": "S01586", "title": "Walashi-Kudu", "settlement_type": "Village", "ward_code": "W022", "ward_name": "Sudefa", "lga_name": "Katsuma", "target_population_under5": 29.0 }, "geometry": { "type": "Point", "coordinates": [ 8.191303, 11.454427 ] } },
{ "type": "Feature", "properties": { "id": "S01621", "title": "Adbeyi", "settlement_type": "Hamlet", "ward_code": "W023", "ward_name": "Suwade", "lga_name": "Katsuma", "target_population_under5": 20.0 }, "geometry": { "type": "Point", "coordinates": [ 7.887674, 11.182358 ] } },
{ "type": "Feature", "properties": { "id": "S01602", "title": "Adluna", "settlement_type": "Settlement", "ward_code": "W023", "ward_name": "Suwade", "lga_name": "Katsuma", "target_population_under5": 128.0 }, "geometry": { "type": "Point", "coordinates": [ 7.837291, 11.129677 ] } },
{ "type": "Feature", "properties": { "id": "S01611", "title": "Aglushi", "settlement_type": "Hamlet", "ward_code": "W023", "ward_name": "Suwade", "lga_name": "Katsuma", "target_population_under5": 19.0 }, "geometry": { "type": "Point", "coordinates": [ 7.833086, 11.224408 ] } },
{ "type": "Feature", "properties": { "id": "S01594", "title": "Agsatu", "settlement_type": "Village", "ward_code": "W023", "ward_name": "Suwade", "lga_name": "Katsuma", "target_population_under5": 82.0 }, "geometry": { "type": "Point", "coordinates": [ 7.783984, 11.225116 ] } },
{ "type": "Feature", "properties": { "id": "S01593", "title": "Agshaja", "settlement_type": "Village", "ward_code": "W023", "ward_name": "Suwade", "lga_name": "Katsuma", "target_population_under5": 48.0 }, "geometry": { "type": "Point", "coordinates": [ 7.91324, 11.23687 ] } },
{ "type": "Feature", "properties": { "id": "S01597", "title": "Agshashi", "settlement_type": "Settlement", "ward_code": "W023", "ward_name": "Suwade", "lga_name": "Katsuma", "target_population_under5": 30.0 }, "geometry": { "type": "Point", "coordinates": [ 7.866739, 11.131903 ] } },
{ "type": "Feature", "properties": { "id": "S01605", "title": "Dabale-Arewa", "settlement_type": "Hamlet", "ward_code": "W023", "ward_name": "Suwade", "lga_name": "Katsuma", "target_population_under5": 5.0 }, "geometry": { "type": "Point", "coordinates": [ 7.924359, 11.19881 ] } },
{ "type": "Feature", "properties": { "id": "S01600", "title": "Dashami", "settlement_type": "Hamlet", "ward_code": "W023", "ward_name": "Suwade", "lga_name": "Katsuma", "target_population_under5": 6.0 }, "geometry": { "type": "Point", "coordinates": [ 7.827318, 11.260695 ] } },
{ "type": "Feature", "properties": { "id": "S01626", "title": "Dosani", "settlement_type": "Settlement", "ward_code": "W023", "ward_name": "Suwade", "lga_name": "Katsuma", "target_population_under5": 78.0 }, "geometry": { "type": "Point", "coordinates": [ 7.776686, 11.159058 ] } },
{ "type": "Feature", "properties": { "id": "S01601", "title": "Dotima-Kofar", "settlement_type": "Village", "ward_code": "W023", "ward_name": "Suwade", "lga_name": "Katsuma", "target_population_under5": 41.0 }, "geometry": { "type": "Point", "coordinates": [ 7.823697, 11.246378 ] } },
{ "type": "Feature", "properties": { "id": "S01606", "title": "Ekrimi", "settlement_type": "Urban block", "ward_code": "W023", "ward_name": "Suwade", "lga_name": "Katsuma", "target_population_under5": 367.0 }, "geometry": { "type": "Point", "coordinates": [ 7.927534, 11.192459 ] } },
{ "type": "Feature", "properties": { "id": "S01618", "title": "Fadeni", "settlement_type": "Village", "ward_code": "W023", "ward_name": "Suwade", "lga_name": "Katsuma", "target_population_under5": 20.0 }, "geometry": { "type": "Point", "coordinates": [ 7.826168, 11.254608 ] } },
{ "type": "Feature", "properties": { "id": "S01607", "title": "Fanatu", "settlement_type": "Village", "ward_code": "W023", "ward_name": "Suwade", "lga_name": "Katsuma", "target_population_under5": 35.0 }, "geometry": { "type": "Point", "coordinates": [ 7.791441, 11.232323 ] } },
{ "type": "Feature", "properties": { "id": "S01591", "title": "Fangona", "settlement_type": "Village", "ward_code": "W023", "ward_name": "Suwade", "lga_name": "Katsuma", "target_population_under5": 39.0 }, "geometry": { "type": "Point", "coordinates": [ 7.853054, 11.219853 ] } },
{ "type": "Feature", "properties": { "id": "S01609", "title": "Fatsima", "settlement_type": "Village", "ward_code": "W023", "ward_name": "Suwade", "lga_name": "Katsuma", "target_population_under5": 33.0 }, "geometry": { "type": "Point", "coordinates": [ 7.824053, 11.244494 ] } },
{ "type": "Feature", "properties": { "id": "S01622", "title": "Gubasa", "settlement_type": "Village", "ward_code": "W023", "ward_name": "Suwade", "lga_name": "Katsuma", "target_population_under5": 78.0 }, "geometry": { "type": "Point", "coordinates": [ 7.821171, 11.283114 ] } },
{ "type": "Feature", "properties": { "id": "S01619", "title": "Guriwa", "settlement_type": "Village", "ward_code": "W023", "ward_name": "Suwade", "lga_name": "Katsuma", "target_population_under5": 54.0 }, "geometry": { "type": "Point", "coordinates": [ 7.839697, 11.225763 ] } },
{ "type": "Feature", "properties": { "id": "S01635", "title": "Halana", "settlement_type": "Urban block", "ward_code": "W023", "ward_name": "Suwade", "lga_name": "Katsuma", "target_population_under5": 250.0 }, "geometry": { "type": "Point", "coordinates": [ 7.924128, 11.197397 ] } },
{ "type": "Feature", "properties": { "id": "S01633", "title": "Hangona", "settlement_type": "Hamlet", "ward_code": "W023", "ward_name": "Suwade", "lga_name": "Katsuma", "target_population_under5": 11.0 }, "geometry": { "type": "Point", "coordinates": [ 7.927523, 11.168819 ] } },
{ "type": "Feature", "properties": { "id": "S01592", "title": "Ibdeko", "settlement_type": "Hamlet", "ward_code": "W023", "ward_name": "Suwade", "lga_name": "Katsuma", "target_population_under5": 15.0 }, "geometry": { "type": "Point", "coordinates": [ 7.935278, 11.195304 ] } },
{ "type": "Feature", "properties": { "id": "S01620", "title": "Ibnami", "settlement_type": "Village", "ward_code": "W023", "ward_name": "Suwade", "lga_name": "Katsuma", "target_population_under5": 32.0 }, "geometry": { "type": "Point", "coordinates": [ 7.898891, 11.195542 ] } },
{ "type": "Feature", "properties": { "id": "S01624", "title": "Irnako", "settlement_type": "Village", "ward_code": "W023", "ward_name": "Suwade", "lga_name": "Katsuma", "target_population_under5": 21.0 }, "geometry": { "type": "Point", "coordinates": [ 7.83823, 11.251227 ] } },
{ "type": "Feature", "properties": { "id": "S01614", "title": "Jilani-Gabas", "settlement_type": "Hamlet", "ward_code": "W023", "ward_name": "Suwade", "lga_name": "Katsuma", "target_population_under5": 13.0 }, "geometry": { "type": "Point", "coordinates": [ 7.874731, 11.218673 ] } },
{ "type": "Feature", "properties": { "id": "S01603", "title": "Karawo", "settlement_type": "Hamlet", "ward_code": "W023", "ward_name": "Suwade", "lga_name": "Katsuma", "target_population_under5": 9.0 }, "geometry": { "type": "Point", "coordinates": [ 7.930856, 11.194268 ] } },
{ "type": "Feature", "properties": { "id": "S01634", "title": "Kujiyi", "settlement_type": "Village", "ward_code": "W023", "ward_name": "Suwade", "lga_name": "Katsuma", "target_population_under5": 16.0 }, "geometry": { "type": "Point", "coordinates": [ 7.914449, 11.187027 ] } },
{ "type": "Feature", "properties": { "id": "S01628", "title": "Kurasa", "settlement_type": "Village", "ward_code": "W023", "ward_name": "Suwade", "lga_name": "Katsuma", "target_population_under5": 62.0 }, "geometry": { "type": "Point", "coordinates": [ 7.902005, 11.130934 ] } },
{ "type": "Feature", "properties": { "id": "S01629", "title": "Lorina", "settlement_type": "Village", "ward_code": "W023", "ward_name": "Suwade", "lga_name": "Katsuma", "target_population_under5": 79.0 }, "geometry": { "type": "Point", "coordinates": [ 7.836344, 11.273677 ] } },
{ "type": "Feature", "properties": { "id": "S01604", "title": "Lozatu-Tudun", "settlement_type": "Settlement", "ward_code": "W023", "ward_name": "Suwade", "lga_name": "Katsuma", "target_population_under5": 12.0 }, "geometry": { "type": "Point", "coordinates": [ 7.841178, 11.280838 ] } },
{ "type": "Feature", "properties": { "id": "S01610", "title": "Marari", "settlement_type": "Village", "ward_code": "W023", "ward_name": "Suwade", "lga_name": "Katsuma", "target_population_under5": 39.0 }, "geometry": { "type": "Point", "coordinates": [ 7.803446, 11.214932 ] } },
{ "type": "Feature", "properties": { "id": "S01625", "title": "Marari-Kofar", "settlement_type": "Village", "ward_code": "W023", "ward_name": "Suwade", "lga_name": "Katsuma", "target_population_under5": 60.0 }, "geometry": { "type": "Point", "coordinates": [ 7.937443, 11.194857 ] } },
{ "type": "Feature", "properties": { "id": "S01613", "title": "Marashi", "settlement_type": "Village", "ward_code": "W023", "ward_name": "Suwade", "lga_name": "Katsuma", "target_population_under5": 34.0 }, "geometry": { "type": "Point", "coordinates": [ 7.831558, 11.233158 ] } },
{ "type": "Feature", "properties": { "id": "S01608", "title": "Matita", "settlement_type": "Hamlet", "ward_code": "W023", "ward_name": "Suwade", "lga_name": "Katsuma", "target_population_under5": 5.0 }, "geometry": { "type": "Point", "coordinates": [ 7.933741, 11.205362 ] } },
{ "type": "Feature", "properties": { "id": "S01598", "title": "Mazani-Gabas", "settlement_type": "Urban block", "ward_code": "W023", "ward_name": "Suwade", "lga_name": "Katsuma", "target_population_under5": 175.0 }, "geometry": { "type": "Point", "coordinates": [ 7.919383, 11.213561 ] } },
{ "type": "Feature", "properties": { "id": "S01632", "title": "Numatu", "settlement_type": "Village", "ward_code": "W023", "ward_name": "Suwade", "lga_name": "Katsuma", "target_population_under5": 27.0 }, "geometry": { "type": "Point", "coordinates": [ 7.80699, 11.255603 ] } },
{ "type": "Feature", "properties": { "id": "S01612", "title": "Nungoma", "settlement_type": "Village", "ward_code": "W023", "ward_name": "Suwade", "lga_name": "Katsuma", "target_population_under5": 78.0 }, "geometry": { "type": "Point", "coordinates": [ 7.827588, 11.135263 ] } },
{ "type": "Feature", "properties": { "id": "S01631", "title": "Nuritu", "settlement_type": "Settlement", "ward_code": "W023", "ward_name": "Suwade", "lga_name": "Katsuma", "target_population_under5": 54.0 }, "geometry": { "type": "Point", "coordinates": [ 7.818524, 11.244134 ] } },
{ "type": "Feature", "properties": { "id": "S01623", "title": "Risatu", "settlement_type": "Hamlet", "ward_code": "W023", "ward_name": "Suwade", "lga_name": "Katsuma", "target_population_under5": 13.0 }, "geometry": { "type": "Point", "coordinates": [ 7.830464, 11.259967 ] } },
{ "type": "Feature", "properties": { "id": "S01617", "title": "Tajifa", "settlement_type": "Hamlet", "ward_code": "W023", "ward_name": "Suwade", "lga_name": "Katsuma", "target_population_under5": 14.0 }, "geometry": { "type": "Point", "coordinates": [ 7.909677, 11.209747 ] } },
{ "type": "Feature", "properties": { "id": "S01615", "title": "Tazawa", "settlement_type": "Village", "ward_code": "W023", "ward_name": "Suwade", "lga_name": "Katsuma", "target_population_under5": 68.0 }, "geometry": { "type": "Point", "coordinates": [ 7.915751, 11.145117 ] } },
{ "type": "Feature", "properties": { "id": "S01596", "title": "Umladu", "settlement_type": "Village", "ward_code": "W023", "ward_name": "Suwade", "lga_name": "Katsuma", "target_population_under5": 60.0 }, "geometry": { "type": "Point", "coordinates": [ 7.911742, 11.207755 ] } },
{ "type": "Feature", "properties": { "id": "S01599", "title": "Umnasa", "settlement_type": "Village", "ward_code": "W023", "ward_name": "Suwade", "lga_name": "Katsuma", "target_population_under5": 48.0 }, "geometry": { "type": "Point", "coordinates": [ 7.839786, 11.226829 ] } },
{ "type": "Feature", "properties": { "id": "S01630", "title": "Uzdudu", "settlement_type": "Village", "ward_code": "W023", "ward_name": "Suwade", "lga_name": "Katsuma", "target_population_under5": 78.0 }, "geometry": { "type": "Point", "coordinates": [ 7.811477, 11.246627 ] } },
{ "type": "Feature", "properties": { "id": "S01616", "title": "Uznaba", "settlement_type": "Hamlet", "ward_code": "W023", "ward_name": "Suwade", "lga_name": "Katsuma", "target_population_under5": 31.0 }, "geometry": { "type": "Point", "coordinates": [ 7.90618, 11.178172 ] } },
{ "type": "Feature", "properties": { "id": "S01595", "title": "Wariru", "settlement_type": "Village", "ward_code": "W023", "ward_name": "Suwade", "lga_name": "Katsuma", "target_population_under5": 91.0 }, "geometry": { "type": "Point", "coordinates": [ 7.928827, 11.202676 ] } },
{ "type": "Feature", "properties": { "id": "S01627", "title": "Yeshako-Arewa", "settlement_type": "Settlement", "ward_code": "W023", "ward_name": "Suwade", "lga_name": "Katsuma", "target_population_under5": 34.0 }, "geometry": { "type": "Point", "coordinates": [ 7.845312, 11.284221 ] } },
{ "type": "Feature", "properties": { "id": "S01590", "title": "Yetsile-Sabo", "settlement_type": "Settlement", "ward_code": "W023", "ward_name": "Suwade", "lga_name": "Katsuma", "target_population_under5": 54.0 }, "geometry": { "type": "Point", "coordinates": [ 7.927977, 11.178386 ] } },
{ "type": "Feature", "properties": { "id": "S02113", "title": "Adkoba", "settlement_type": "Village", "ward_code": "W033", "ward_name": "Tasayi", "lga_name": "Katsuma", "target_population_under5": 20.0 }, "geometry": { "type": "Point", "coordinates": [ 7.984994, 11.158934 ] } },
{ "type": "Feature", "properties": { "id": "S02147", "title": "Adluja", "settlement_type": "Village", "ward_code": "W033", "ward_name": "Tasayi", "lga_name": "Katsuma", "target_population_under5": 23.0 }, "geometry": { "type": "Point", "coordinates": [ 7.976238, 11.136056 ] } },
{ "type": "Feature", "properties": { "id": "S02116", "title": "Adshami", "settlement_type": "Hamlet", "ward_code": "W033", "ward_name": "Tasayi", "lga_name": "Katsuma", "target_population_under5": 21.0 }, "geometry": { "type": "Point", "coordinates": [ 7.976286, 11.178227 ] } },
{ "type": "Feature", "properties": { "id": "S02151", "title": "Adshata", "settlement_type": "Village", "ward_code": "W033", "ward_name": "Tasayi", "lga_name": "Katsuma", "target_population_under5": 80.0 }, "geometry": { "type": "Point", "coordinates": [ 7.984958, 11.201546 ] } },
{ "type": "Feature", "properties": { "id": "S02127", "title": "Adtini", "settlement_type": "Village", "ward_code": "W033", "ward_name": "Tasayi", "lga_name": "Katsuma", "target_population_under5": 162.0 }, "geometry": { "type": "Point", "coordinates": [ 7.994571, 11.200945 ] } },
{ "type": "Feature", "properties": { "id": "S02142", "title": "Balawo-Kofar", "settlement_type": "Hamlet", "ward_code": "W033", "ward_name": "Tasayi", "lga_name": "Katsuma", "target_population_under5": 35.0 }, "geometry": { "type": "Point", "coordinates": [ 7.985631, 11.177647 ] } },
{ "type": "Feature", "properties": { "id": "S02159", "title": "Baluri", "settlement_type": "Village", "ward_code": "W033", "ward_name": "Tasayi", "lga_name": "Katsuma", "target_population_under5": 122.0 }, "geometry": { "type": "Point", "coordinates": [ 8.105519, 11.154036 ] } },
{ "type": "Feature", "properties": { "id": "S02130", "title": "Batiru", "settlement_type": "Hamlet", "ward_code": "W033", "ward_name": "Tasayi", "lga_name": "Katsuma", "target_population_under5": 21.0 }, "geometry": { "type": "Point", "coordinates": [ 7.953223, 11.193092 ] } },
{ "type": "Feature", "properties": { "id": "S02106", "title": "Dabewa-Yamma", "settlement_type": "Village", "ward_code": "W033", "ward_name": "Tasayi", "lga_name": "Katsuma", "target_population_under5": 85.0 }, "geometry": { "type": "Point", "coordinates": [ 7.981532, 11.181404 ] } },
{ "type": "Feature", "properties": { "id": "S02162", "title": "Dayoni", "settlement_type": "Hamlet", "ward_code": "W033", "ward_name": "Tasayi", "lga_name": "Katsuma", "target_population_under5": 16.0 }, "geometry": { "type": "Point", "coordinates": [ 7.993972, 11.160601 ] } },
{ "type": "Feature", "properties": { "id": "S02119", "title": "Dodeta", "settlement_type": "Village", "ward_code": "W033", "ward_name": "Tasayi", "lga_name": "Katsuma", "target_population_under5": 77.0 }, "geometry": { "type": "Point", "coordinates": [ 8.002158, 11.174844 ] } },
{ "type": "Feature", "properties": { "id": "S02114", "title": "Dorasa", "settlement_type": "Village", "ward_code": "W033", "ward_name": "Tasayi", "lga_name": "Katsuma", "target_population_under5": 52.0 }, "geometry": { "type": "Point", "coordinates": [ 7.963988, 11.137369 ] } },
{ "type": "Feature", "properties": { "id": "S02121", "title": "Ekbashi", "settlement_type": "Urban block", "ward_code": "W033", "ward_name": "Tasayi", "lga_name": "Katsuma", "target_population_under5": 67.0 }, "geometry": { "type": "Point", "coordinates": [ 7.977841, 11.130177 ] } },
{ "type": "Feature", "properties": { "id": "S02137", "title": "Ekluma", "settlement_type": "Village", "ward_code": "W033", "ward_name": "Tasayi", "lga_name": "Katsuma", "target_population_under5": 37.0 }, "geometry": { "type": "Point", "coordinates": [ 7.974611, 11.158602 ] } },
{ "type": "Feature", "properties": { "id": "S02124", "title": "Ekrama", "settlement_type": "Village", "ward_code": "W033", "ward_name": "Tasayi", "lga_name": "Katsuma", "target_population_under5": 86.0 }, "geometry": { "type": "Point", "coordinates": [ 7.971432, 11.119796 ] } },
{ "type": "Feature", "properties": { "id": "S02132", "title": "Ektsina", "settlement_type": "Village", "ward_code": "W033", "ward_name": "Tasayi", "lga_name": "Katsuma", "target_population_under5": 80.0 }, "geometry": { "type": "Point", "coordinates": [ 8.042933, 11.220294 ] } },
{ "type": "Feature", "properties": { "id": "S02136", "title": "Enrashi-Kudu", "settlement_type": "Hamlet", "ward_code": "W033", "ward_name": "Tasayi", "lga_name": "Katsuma", "target_population_under5": 13.0 }, "geometry": { "type": "Point", "coordinates": [ 8.069137, 11.102954 ] } },
{ "type": "Feature", "properties": { "id": "S02145", "title": "Enshaja", "settlement_type": "Village", "ward_code": "W033", "ward_name": "Tasayi", "lga_name": "Katsuma", "target_population_under5": 78.0 }, "geometry": { "type": "Point", "coordinates": [ 7.974749, 11.182142 ] } },
{ "type": "Feature", "properties": { "id": "S02157", "title": "Falako", "settlement_type": "Hamlet", "ward_code": "W033", "ward_name": "Tasayi", "lga_name": "Katsuma", "target_population_under5": 21.0 }, "geometry": { "type": "Point", "coordinates": [ 7.992976, 11.15383 ] } },
{ "type": "Feature", "properties": { "id": "S02156", "title": "Faluwa-Sabo", "settlement_type": "Village", "ward_code": "W033", "ward_name": "Tasayi", "lga_name": "Katsuma", "target_population_under5": 27.0 }, "geometry": { "type": "Point", "coordinates": [ 8.004594, 11.200323 ] } },
{ "type": "Feature", "properties": { "id": "S02110", "title": "Fangodu", "settlement_type": "Village", "ward_code": "W033", "ward_name": "Tasayi", "lga_name": "Katsuma", "target_population_under5": 32.0 }, "geometry": { "type": "Point", "coordinates": [ 7.994622, 11.151983 ] } },
{ "type": "Feature", "properties": { "id": "S02146", "title": "Gutimi", "settlement_type": "Settlement", "ward_code": "W033", "ward_name": "Tasayi", "lga_name": "Katsuma", "target_population_under5": 50.0 }, "geometry": { "type": "Point", "coordinates": [ 7.984263, 11.129898 ] } },
{ "type": "Feature", "properties": { "id": "S02115", "title": "Haberi-Yamma", "settlement_type": "Urban block", "ward_code": "W033", "ward_name": "Tasayi", "lga_name": "Katsuma", "target_population_under5": 261.0 }, "geometry": { "type": "Point", "coordinates": [ 8.036784, 11.172728 ] } },
{ "type": "Feature", "properties": { "id": "S02148", "title": "Hasana", "settlement_type": "Settlement", "ward_code": "W033", "ward_name": "Tasayi", "lga_name": "Katsuma", "target_population_under5": 99.0 }, "geometry": { "type": "Point", "coordinates": [ 7.996166, 11.200174 ] } },
{ "type": "Feature", "properties": { "id": "S02105", "title": "Ibbemi", "settlement_type": "Village", "ward_code": "W033", "ward_name": "Tasayi", "lga_name": "Katsuma", "target_population_under5": 35.0 }, "geometry": { "type": "Point", "coordinates": [ 7.976231, 11.169569 ] } },
{ "type": "Feature", "properties": { "id": "S02143", "title": "Ibkomi", "settlement_type": "Hamlet", "ward_code": "W033", "ward_name": "Tasayi", "lga_name": "Katsuma", "target_population_under5": 15.0 }, "geometry": { "type": "Point", "coordinates": [ 8.008664, 11.151124 ] } },
{ "type": "Feature", "properties": { "id": "S02107", "title": "Ibkoru", "settlement_type": "Settlement", "ward_code": "W033", "ward_name": "Tasayi", "lga_name": "Katsuma", "target_population_under5": 66.0 }, "geometry": { "type": "Point", "coordinates": [ 7.990269, 11.144393 ] } },
{ "type": "Feature", "properties": { "id": "S02135", "title": "Irdufa", "settlement_type": "Village", "ward_code": "W033", "ward_name": "Tasayi", "lga_name": "Katsuma", "target_population_under5": 49.0 }, "geometry": { "type": "Point", "coordinates": [ 7.975829, 11.132588 ] } },
{ "type": "Feature", "properties": { "id": "S02118", "title": "Irshasa", "settlement_type": "Hamlet", "ward_code": "W033", "ward_name": "Tasayi", "lga_name": "Katsuma", "target_population_under5": 17.0 }, "geometry": { "type": "Point", "coordinates": [ 8.077047, 11.100033 ] } },
{ "type": "Feature", "properties": { "id": "S02123", "title": "Kadeta", "settlement_type": "Settlement", "ward_code": "W033", "ward_name": "Tasayi", "lga_name": "Katsuma", "target_population_under5": 49.0 }, "geometry": { "type": "Point", "coordinates": [ 7.97792, 11.165652 ] } },
{ "type": "Feature", "properties": { "id": "S02126", "title": "Kajiwo", "settlement_type": "Village", "ward_code": "W033", "ward_name": "Tasayi", "lga_name": "Katsuma", "target_population_under5": 90.0 }, "geometry": { "type": "Point", "coordinates": [ 7.965091, 11.185297 ] } },
{ "type": "Feature", "properties": { "id": "S02103", "title": "Kanawa", "settlement_type": "Hamlet", "ward_code": "W033", "ward_name": "Tasayi", "lga_name": "Katsuma", "target_population_under5": 37.0 }, "geometry": { "type": "Point", "coordinates": [ 8.05816, 11.153629 ] } },
{ "type": "Feature", "properties": { "id": "S02104", "title": "Kariri", "settlement_type": "Settlement", "ward_code": "W033", "ward_name": "Tasayi", "lga_name": "Katsuma", "target_population_under5": 24.0 }, "geometry": { "type": "Point", "coordinates": [ 8.014032, 11.139375 ] } },
{ "type": "Feature", "properties": { "id": "S02100", "title": "Katsini", "settlement_type": "Village", "ward_code": "W033", "ward_name": "Tasayi", "lga_name": "Katsuma", "target_population_under5": 87.0 }, "geometry": { "type": "Point", "coordinates": [ 8.008027, 11.140697 ] } },
{ "type": "Feature", "properties": { "id": "S02133", "title": "Kazashi", "settlement_type": "Village", "ward_code": "W033", "ward_name": "Tasayi", "lga_name": "Katsuma", "target_population_under5": 20.0 }, "geometry": { "type": "Point", "coordinates": [ 7.993051, 11.18168 ] } },
{ "type": "Feature", "properties": { "id": "S02144", "title": "Kudeja", "settlement_type": "Village", "ward_code": "W033", "ward_name": "Tasayi", "lga_name": "Katsuma", "target_population_under5": 40.0 }, "geometry": { "type": "Point", "coordinates": [ 7.951936, 11.180921 ] } },
{ "type": "Feature", "properties": { "id": "S02149", "title": "Kujide", "settlement_type": "Village", "ward_code": "W033", "ward_name": "Tasayi", "lga_name": "Katsuma", "target_population_under5": 52.0 }, "geometry": { "type": "Point", "coordinates": [ 7.993962, 11.165245 ] } },
{ "type": "Feature", "properties": { "id": "S02155", "title": "Lobeba-Kofar", "settlement_type": "Settlement", "ward_code": "W033", "ward_name": "Tasayi", "lga_name": "Katsuma", "target_population_under5": 128.0 }, "geometry": { "type": "Point", "coordinates": [ 8.004194, 11.175878 ] } },
{ "type": "Feature", "properties": { "id": "S02131", "title": "Lorami", "settlement_type": "Hamlet", "ward_code": "W033", "ward_name": "Tasayi", "lga_name": "Katsuma", "target_population_under5": 52.0 }, "geometry": { "type": "Point", "coordinates": [ 7.994927, 11.122978 ] } },
{ "type": "Feature", "properties": { "id": "S02112", "title": "Lozaru-Sabo", "settlement_type": "Settlement", "ward_code": "W033", "ward_name": "Tasayi", "lga_name": "Katsuma", "target_population_under5": 32.0 }, "geometry": { "type": "Point", "coordinates": [ 7.990188, 11.111951 ] } },
{ "type": "Feature", "properties": { "id": "S02108", "title": "Nulale", "settlement_type": "Village", "ward_code": "W033", "ward_name": "Tasayi", "lga_name": "Katsuma", "target_population_under5": 75.0 }, "geometry": { "type": "Point", "coordinates": [ 7.960303, 11.139215 ] } },
{ "type": "Feature", "properties": { "id": "S02117", "title": "Nulusa", "settlement_type": "Village", "ward_code": "W033", "ward_name": "Tasayi", "lga_name": "Katsuma", "target_population_under5": 73.0 }, "geometry": { "type": "Point", "coordinates": [ 7.96899, 11.18568 ] } },
{ "type": "Feature", "properties": { "id": "S02129", "title": "Nuluwo", "settlement_type": "Hamlet", "ward_code": "W033", "ward_name": "Tasayi", "lga_name": "Katsuma", "target_population_under5": 3.0 }, "geometry": { "type": "Point", "coordinates": [ 7.993598, 11.148135 ] } },
{ "type": "Feature", "properties": { "id": "S02101", "title": "Nutita", "settlement_type": "Hamlet", "ward_code": "W033", "ward_name": "Tasayi", "lga_name": "Katsuma", "target_population_under5": 20.0 }, "geometry": { "type": "Point", "coordinates": [ 7.968094, 11.176018 ] } },
{ "type": "Feature", "properties": { "id": "S02128", "title": "Oldede", "settlement_type": "Hamlet", "ward_code": "W033", "ward_name": "Tasayi", "lga_name": "Katsuma", "target_population_under5": 10.0 }, "geometry": { "type": "Point", "coordinates": [ 7.968726, 11.169152 ] } },
{ "type": "Feature", "properties": { "id": "S02158", "title": "Oljimi", "settlement_type": "Hamlet", "ward_code": "W033", "ward_name": "Tasayi", "lga_name": "Katsuma", "target_population_under5": 70.0 }, "geometry": { "type": "Point", "coordinates": [ 8.00174, 11.196175 ] } },
{ "type": "Feature", "properties": { "id": "S02140", "title": "Olsami", "settlement_type": "Village", "ward_code": "W033", "ward_name": "Tasayi", "lga_name": "Katsuma", "target_population_under5": 52.0 }, "geometry": { "type": "Point", "coordinates": [ 7.957984, 11.137345 ] } },
{ "type": "Feature", "properties": { "id": "S02160", "title": "Ribaba", "settlement_type": "Hamlet", "ward_code": "W033", "ward_name": "Tasayi", "lga_name": "Katsuma", "target_population_under5": 9.0 }, "geometry": { "type": "Point", "coordinates": [ 7.949529, 11.113174 ] } },
{ "type": "Feature", "properties": { "id": "S02161", "title": "Ribawo", "settlement_type": "Village", "ward_code": "W033", "ward_name": "Tasayi", "lga_name": "Katsuma", "target_population_under5": 59.0 }, "geometry": { "type": "Point", "coordinates": [ 7.99481, 11.180346 ] } },
{ "type": "Feature", "properties": { "id": "S02125", "title": "Rijimi", "settlement_type": "Village", "ward_code": "W033", "ward_name": "Tasayi", "lga_name": "Katsuma", "target_population_under5": 72.0 }, "geometry": { "type": "Point", "coordinates": [ 8.013749, 11.150628 ] } },
{ "type": "Feature", "properties": { "id": "S02111", "title": "Rijiri", "settlement_type": "Settlement", "ward_code": "W033", "ward_name": "Tasayi", "lga_name": "Katsuma", "target_population_under5": 17.0 }, "geometry": { "type": "Point", "coordinates": [ 8.031581, 11.159581 ] } },
{ "type": "Feature", "properties": { "id": "S02109", "title": "Risale-Sabo", "settlement_type": "Village", "ward_code": "W033", "ward_name": "Tasayi", "lga_name": "Katsuma", "target_population_under5": 67.0 }, "geometry": { "type": "Point", "coordinates": [ 7.996697, 11.143936 ] } },
{ "type": "Feature", "properties": { "id": "S02120", "title": "Subewa-Kudu", "settlement_type": "Hamlet", "ward_code": "W033", "ward_name": "Tasayi", "lga_name": "Katsuma", "target_population_under5": 13.0 }, "geometry": { "type": "Point", "coordinates": [ 8.067918, 11.232669 ] } },
{ "type": "Feature", "properties": { "id": "S02139", "title": "Tademi", "settlement_type": "Hamlet", "ward_code": "W033", "ward_name": "Tasayi", "lga_name": "Katsuma", "target_population_under5": 4.0 }, "geometry": { "type": "Point", "coordinates": [ 8.056107, 11.076398 ] } },
{ "type": "Feature", "properties": { "id": "S02138", "title": "Umduma", "settlement_type": "Village", "ward_code": "W033", "ward_name": "Tasayi", "lga_name": "Katsuma", "target_population_under5": 65.0 }, "geometry": { "type": "Point", "coordinates": [ 8.017619, 11.17765 ] } },
{ "type": "Feature", "properties": { "id": "S02141", "title": "Umlari", "settlement_type": "Village", "ward_code": "W033", "ward_name": "Tasayi", "lga_name": "Katsuma", "target_population_under5": 40.0 }, "geometry": { "type": "Point", "coordinates": [ 7.958567, 11.161112 ] } },
{ "type": "Feature", "properties": { "id": "S02153", "title": "Umnade", "settlement_type": "Hamlet", "ward_code": "W033", "ward_name": "Tasayi", "lga_name": "Katsuma", "target_population_under5": 29.0 }, "geometry": { "type": "Point", "coordinates": [ 8.00555, 11.191882 ] } },
{ "type": "Feature", "properties": { "id": "S02150", "title": "Uzdede", "settlement_type": "Hamlet", "ward_code": "W033", "ward_name": "Tasayi", "lga_name": "Katsuma", "target_population_under5": 16.0 }, "geometry": { "type": "Point", "coordinates": [ 7.956415, 11.114367 ] } },
{ "type": "Feature", "properties": { "id": "S02102", "title": "Yenade", "settlement_type": "Settlement", "ward_code": "W033", "ward_name": "Tasayi", "lga_name": "Katsuma", "target_population_under5": 46.0 }, "geometry": { "type": "Point", "coordinates": [ 7.996482, 11.11678 ] } },
{ "type": "Feature", "properties": { "id": "S02152", "title": "Yezawa-Gabas", "settlement_type": "Urban block", "ward_code": "W033", "ward_name": "Tasayi", "lga_name": "Katsuma", "target_population_under5": 512.0 }, "geometry": { "type": "Point", "coordinates": [ 8.000888, 11.183919 ] } },
{ "type": "Feature", "properties": { "id": "S02163", "title": "Zamaru", "settlement_type": "Village", "ward_code": "W033", "ward_name": "Tasayi", "lga_name": "Katsuma", "target_population_under5": 91.0 }, "geometry": { "type": "Point", "coordinates": [ 7.968385, 11.195808 ] } },
{ "type": "Feature", "properties": { "id": "S02122", "title": "Zangoma", "settlement_type": "Hamlet", "ward_code": "W033", "ward_name": "Tasayi", "lga_name": "Katsuma", "target_population_under5": 29.0 }, "geometry": { "type": "Point", "coordinates": [ 7.975572, 11.190775 ] } },
{ "type": "Feature", "properties": { "id": "S02134", "title": "Zarari", "settlement_type": "Village", "ward_code": "W033", "ward_name": "Tasayi", "lga_name": "Katsuma", "target_population_under5": 77.0 }, "geometry": { "type": "Point", "coordinates": [ 7.98543, 11.152313 ] } },
{ "type": "Feature", "properties": { "id": "S02154", "title": "Zayoba", "settlement_type": "Settlement", "ward_code": "W033", "ward_name": "Tasayi", "lga_name": "Katsuma", "target_population_under5": null }, "geometry": { "type": "Point", "coordinates": [ 8.001252, 11.198387 ] } }
]
}
